{"clientVersion":"5.22.0","errorCode":"P1000","level":"error","message":"❌ Failed to connect to database: Authentication failed against database server at `localhost`, the provided database credentials for `murkoboy` are not valid.\n\nPlease make sure to provide valid database credentials for the database server at `localhost`.","name":"PrismaClientInitializationError","stack":"PrismaClientInitializationError: Authentication failed against database server at `localhost`, the provided database credentials for `murkoboy` are not valid.\n\nPlease make sure to provide valid database credentials for the database server at `localhost`.\n    at <anonymous> (/home/dimas/project/decentrashare/backend/node_modules/@prisma/client/runtime/library.js:112:2492)\n    at processTicksAndRejections (native:7:39)","timestamp":"2026-03-11 14:03:21"}
{"clientVersion":"5.22.0","errorCode":"P1010","level":"error","message":"❌ Failed to connect to database: User `` was denied access on the database `decentrashare_db.public`","name":"PrismaClientInitializationError","stack":"PrismaClientInitializationError: User `` was denied access on the database `decentrashare_db.public`\n    at <anonymous> (/home/dimas/project/decentrashare/backend/node_modules/@prisma/client/runtime/library.js:112:2492)\n    at processTicksAndRejections (native:7:39)","timestamp":"2026-03-11 14:06:23"}
{"level":"info","message":"✅ Database connected successfully","timestamp":"2026-03-11 14:11:18"}
{"level":"info","message":"🚀 Ijazahku API Server running on port 3000","timestamp":"2026-03-11 14:11:18"}
{"level":"info","message":"🌍 Environment: Development","timestamp":"2026-03-11 14:11:18"}
{"level":"info","message":"📚 API Documentation: http://localhost:3000/api","timestamp":"2026-03-11 14:11:18"}
{"level":"info","message":"❤️  Health Check: http://localhost:3000/api/health","timestamp":"2026-03-11 14:11:18"}
{"ip":"::1","level":"info","message":"[gnlgk6dzs] GET /api/health","method":"GET","requestId":"gnlgk6dzs","timestamp":"2026-03-11 14:11:23","url":"/api/health","userAgent":"Mozilla/5.0 (X11; Linux x86_64) AppleWebKit/537.36 (KHTML, like Gecko) Chrome/145.0.0.0 Safari/537.36"}
{"duration":21,"level":"info","message":"[gnlgk6dzs] 200 21ms","requestId":"gnlgk6dzs","statusCode":200,"timestamp":"2026-03-11 14:11:23"}
{"ip":"::1","level":"info","message":"[tjodcobt9] GET /favicon.ico","method":"GET","requestId":"tjodcobt9","timestamp":"2026-03-11 14:11:24","url":"/favicon.ico","userAgent":"Mozilla/5.0 (X11; Linux x86_64) AppleWebKit/537.36 (KHTML, like Gecko) Chrome/145.0.0.0 Safari/537.36"}
{"duration":7,"level":"info","message":"[tjodcobt9] 404 7ms","requestId":"tjodcobt9","statusCode":404,"timestamp":"2026-03-11 14:11:24"}
{"level":"info","message":"✅ Database connected successfully","timestamp":"2026-03-11 14:11:56"}
{"level":"info","message":"🚀 Ijazahku API Server running on port 3000","timestamp":"2026-03-11 14:11:56"}
{"level":"info","message":"🌍 Environment: Development","timestamp":"2026-03-11 14:11:56"}
{"level":"info","message":"📚 API Documentation: http://localhost:3000/api","timestamp":"2026-03-11 14:11:56"}
{"level":"info","message":"❤️  Health Check: http://localhost:3000/api/health","timestamp":"2026-03-11 14:11:56"}
{"level":"info","message":"✅ Database connected successfully","timestamp":"2026-03-11 14:11:57"}
{"level":"info","message":"🚀 Ijazahku API Server running on port 3000","timestamp":"2026-03-11 14:11:57"}
{"level":"info","message":"🌍 Environment: Development","timestamp":"2026-03-11 14:11:57"}
{"level":"info","message":"📚 API Documentation: http://localhost:3000/api","timestamp":"2026-03-11 14:11:57"}
{"level":"info","message":"❤️  Health Check: http://localhost:3000/api/health","timestamp":"2026-03-11 14:11:57"}
{"level":"info","message":"✅ Database connected successfully","timestamp":"2026-03-11 14:12:02"}
{"level":"info","message":"🚀 Ijazahku API Server running on port 3000","timestamp":"2026-03-11 14:12:02"}
{"level":"info","message":"🌍 Environment: Development","timestamp":"2026-03-11 14:12:02"}
{"level":"info","message":"📚 API Documentation: http://localhost:3000/api","timestamp":"2026-03-11 14:12:02"}
{"level":"info","message":"❤️  Health Check: http://localhost:3000/api/health","timestamp":"2026-03-11 14:12:02"}
{"level":"info","message":"✅ Database connected successfully","timestamp":"2026-03-11 14:12:11"}
{"level":"info","message":"🚀 Ijazahku API Server running on port 3000","timestamp":"2026-03-11 14:12:11"}
{"level":"info","message":"🌍 Environment: Development","timestamp":"2026-03-11 14:12:11"}
{"level":"info","message":"📚 API Documentation: http://localhost:3000/api","timestamp":"2026-03-11 14:12:11"}
{"level":"info","message":"❤️  Health Check: http://localhost:3000/api/health","timestamp":"2026-03-11 14:12:11"}
{"level":"info","message":"✅ Database connected successfully","timestamp":"2026-03-11 14:12:14"}
{"level":"info","message":"🚀 Ijazahku API Server running on port 3000","timestamp":"2026-03-11 14:12:14"}
{"level":"info","message":"🌍 Environment: Development","timestamp":"2026-03-11 14:12:14"}
{"level":"info","message":"📚 API Documentation: http://localhost:3000/api","timestamp":"2026-03-11 14:12:14"}
{"level":"info","message":"❤️  Health Check: http://localhost:3000/api/health","timestamp":"2026-03-11 14:12:14"}
{"level":"info","message":"✅ Database connected successfully","timestamp":"2026-03-11 14:12:18"}
{"level":"info","message":"🚀 Ijazahku API Server running on port 3000","timestamp":"2026-03-11 14:12:18"}
{"level":"info","message":"🌍 Environment: Development","timestamp":"2026-03-11 14:12:18"}
{"level":"info","message":"📚 API Documentation: http://localhost:3000/api","timestamp":"2026-03-11 14:12:18"}
{"level":"info","message":"❤️  Health Check: http://localhost:3000/api/health","timestamp":"2026-03-11 14:12:18"}
{"level":"info","message":"✅ Database connected successfully","timestamp":"2026-03-11 14:12:35"}
{"level":"info","message":"🚀 Decentrashare API Server running on port 3000","timestamp":"2026-03-11 14:12:35"}
{"level":"info","message":"🌍 Environment: Development","timestamp":"2026-03-11 14:12:35"}
{"level":"info","message":"📚 API Documentation: http://localhost:3000/api","timestamp":"2026-03-11 14:12:35"}
{"level":"info","message":"❤️  Health Check: http://localhost:3000/api/health","timestamp":"2026-03-11 14:12:35"}
{"ip":"::1","level":"info","message":"[rawhv7y3g] GET /api/health","method":"GET","requestId":"rawhv7y3g","timestamp":"2026-03-11 14:12:52","url":"/api/health","userAgent":"Mozilla/5.0 (X11; Linux x86_64) AppleWebKit/537.36 (KHTML, like Gecko) Chrome/145.0.0.0 Safari/537.36"}
{"duration":19,"level":"info","message":"[rawhv7y3g] 200 19ms","requestId":"rawhv7y3g","statusCode":200,"timestamp":"2026-03-11 14:12:52"}
{"level":"info","message":"✅ Database connected successfully","timestamp":"2026-03-11 14:13:33"}
{"level":"info","message":"🚀 Decentrashare API Server running on port 3000","timestamp":"2026-03-11 14:13:33"}
{"level":"info","message":"🌍 Environment: Development","timestamp":"2026-03-11 14:13:33"}
{"level":"info","message":"📚 API Documentation: http://localhost:3000/api","timestamp":"2026-03-11 14:13:33"}
{"level":"info","message":"❤️  Health Check: http://localhost:3000/api/health","timestamp":"2026-03-11 14:13:33"}
{"level":"info","message":"✅ Database connected successfully","timestamp":"2026-03-11 14:13:34"}
{"level":"info","message":"🚀 Decentrashare API Server running on port 3000","timestamp":"2026-03-11 14:13:34"}
{"level":"info","message":"🌍 Environment: Development","timestamp":"2026-03-11 14:13:34"}
{"level":"info","message":"📚 API Documentation: http://localhost:3000/api","timestamp":"2026-03-11 14:13:34"}
{"level":"info","message":"❤️  Health Check: http://localhost:3000/api/health","timestamp":"2026-03-11 14:13:34"}
{"level":"info","message":"✅ Database connected successfully","timestamp":"2026-03-11 14:13:35"}
{"level":"info","message":"🚀 Decentrashare API Server running on port 3000","timestamp":"2026-03-11 14:13:35"}
{"level":"info","message":"🌍 Environment: Development","timestamp":"2026-03-11 14:13:35"}
{"level":"info","message":"📚 API Documentation: http://localhost:3000/api","timestamp":"2026-03-11 14:13:35"}
{"level":"info","message":"❤️  Health Check: http://localhost:3000/api/health","timestamp":"2026-03-11 14:13:35"}
{"level":"info","message":"✅ Database connected successfully","timestamp":"2026-03-11 14:13:37"}
{"level":"info","message":"🚀 Decentrashare API Server running on port 3000","timestamp":"2026-03-11 14:13:37"}
{"level":"info","message":"🌍 Environment: Development","timestamp":"2026-03-11 14:13:37"}
{"level":"info","message":"📚 API Documentation: http://localhost:3000/api","timestamp":"2026-03-11 14:13:37"}
{"level":"info","message":"❤️  Health Check: http://localhost:3000/api/health","timestamp":"2026-03-11 14:13:37"}
{"ip":"::1","level":"info","message":"[t1g5hrtn2] GET /api/health","method":"GET","requestId":"t1g5hrtn2","timestamp":"2026-03-11 14:13:56","url":"/api/health","userAgent":"Mozilla/5.0 (X11; Linux x86_64) AppleWebKit/537.36 (KHTML, like Gecko) Chrome/145.0.0.0 Safari/537.36"}
{"duration":14,"level":"info","message":"[t1g5hrtn2] 200 14ms","requestId":"t1g5hrtn2","statusCode":200,"timestamp":"2026-03-11 14:13:56"}
{"level":"info","message":"✅ Database connected successfully","timestamp":"2026-03-11 14:15:28"}
{"level":"info","message":"🚀 Decentrashare API Server running on port 3000","timestamp":"2026-03-11 14:15:28"}
{"level":"info","message":"🌍 Environment: Development","timestamp":"2026-03-11 14:15:28"}
{"level":"info","message":"📚 API Documentation: http://localhost:3000/api","timestamp":"2026-03-11 14:15:28"}
{"level":"info","message":"❤️  Health Check: http://localhost:3000/api/health","timestamp":"2026-03-11 14:15:28"}
{"level":"info","message":"✅ Database connected successfully","timestamp":"2026-03-11 14:15:32"}
{"level":"info","message":"🚀 Decentrashare API Server running on port 3000","timestamp":"2026-03-11 14:15:32"}
{"level":"info","message":"🌍 Environment: Development","timestamp":"2026-03-11 14:15:32"}
{"level":"info","message":"📚 API Documentation: http://localhost:3000/api","timestamp":"2026-03-11 14:15:32"}
{"level":"info","message":"❤️  Health Check: http://localhost:3000/api/health","timestamp":"2026-03-11 14:15:32"}
{"level":"info","message":"✅ Database connected successfully","timestamp":"2026-03-11 14:26:51"}
{"level":"info","message":"🚀 Decentrashare API Server running on port 3000","timestamp":"2026-03-11 14:26:51"}
{"level":"info","message":"🌍 Environment: Development","timestamp":"2026-03-11 14:26:51"}
{"level":"info","message":"📚 API Documentation: http://localhost:3000/api","timestamp":"2026-03-11 14:26:51"}
{"level":"info","message":"❤️  Health Check: http://localhost:3000/api/health","timestamp":"2026-03-11 14:26:51"}
{"ip":"::ffff:127.0.0.1","level":"info","message":"[d6h7bk47b] GET /auth/nonce/:","method":"GET","requestId":"d6h7bk47b","timestamp":"2026-03-11 14:26:58","url":"/auth/nonce/:","userAgent":"insomnia/12.3.1"}
{"duration":9,"level":"info","message":"[d6h7bk47b] 404 9ms","requestId":"d6h7bk47b","statusCode":404,"timestamp":"2026-03-11 14:26:58"}
{"ip":"::ffff:127.0.0.1","level":"info","message":"[qgp1gceyd] GET /api/auth/nonce/:","method":"GET","requestId":"qgp1gceyd","timestamp":"2026-03-11 14:27:07","url":"/api/auth/nonce/:","userAgent":"insomnia/12.3.1"}
{"duration":74,"level":"info","message":"[qgp1gceyd] 200 74ms","requestId":"qgp1gceyd","statusCode":200,"timestamp":"2026-03-11 14:27:07"}
{"level":"info","message":"✅ Database connected successfully","timestamp":"2026-03-11 14:31:18"}
{"level":"info","message":"🚀 Decentrashare API Server running on port 3000","timestamp":"2026-03-11 14:31:18"}
{"level":"info","message":"🌍 Environment: Development","timestamp":"2026-03-11 14:31:18"}
{"level":"info","message":"📚 API Documentation: http://localhost:3000/api","timestamp":"2026-03-11 14:31:18"}
{"level":"info","message":"❤️  Health Check: http://localhost:3000/api/health","timestamp":"2026-03-11 14:31:18"}
{"ip":"::ffff:127.0.0.1","level":"info","message":"[gegpjog8n] GET /api/auth/nonce/:","method":"GET","requestId":"gegpjog8n","timestamp":"2026-03-11 14:32:43","url":"/api/auth/nonce/:","userAgent":"insomnia/12.3.1"}
{"level":"error","message":"Unhandled error: authService.getNonce is not a function. (In 'authService.getNonce(walletAddress)', 'authService.getNonce' is undefined)","stack":"TypeError: authService.getNonce is not a function. (In 'authService.getNonce(walletAddress)', 'authService.getNonce' is undefined)\n    at <anonymous> (/home/dimas/project/decentrashare/backend/src/modules/auth/auth.controller.ts:14:37)\n    at handleRequest (/home/dimas/project/decentrashare/backend/node_modules/router/lib/layer.js:152:17)\n    at next (/home/dimas/project/decentrashare/backend/node_modules/router/lib/route.js:157:13)\n    at dispatch (/home/dimas/project/decentrashare/backend/node_modules/router/lib/route.js:117:3)\n    at handle (/home/dimas/project/decentrashare/backend/node_modules/router/index.js:435:11)\n    at handleRequest (/home/dimas/project/decentrashare/backend/node_modules/router/lib/layer.js:152:17)\n    at <anonymous> (/home/dimas/project/decentrashare/backend/node_modules/router/index.js:295:15)\n    at processParams (/home/dimas/project/decentrashare/backend/node_modules/router/index.js:664:3)\n    at next (/home/dimas/project/decentrashare/backend/node_modules/router/index.js:291:5)\n    at handle (/home/dimas/project/decentrashare/backend/node_modules/router/index.js:186:3)\n    at router (/home/dimas/project/decentrashare/backend/node_modules/router/index.js:60:12)\n    at handleRequest (/home/dimas/project/decentrashare/backend/node_modules/router/lib/layer.js:152:17)\n    at trimPrefix (/home/dimas/project/decentrashare/backend/node_modules/router/index.js:342:13)\n    at <anonymous> (/home/dimas/project/decentrashare/backend/node_modules/router/index.js:297:9)\n    at next (/home/dimas/project/decentrashare/backend/node_modules/router/index.js:291:5)\n    at handle (/home/dimas/project/decentrashare/backend/node_modules/router/index.js:186:3)\n    at router (/home/dimas/project/decentrashare/backend/node_modules/router/index.js:60:12)\n    at handleRequest (/home/dimas/project/decentrashare/backend/node_modules/router/lib/layer.js:152:17)\n    at trimPrefix (/home/dimas/project/decentrashare/backend/node_modules/router/index.js:342:13)\n    at <anonymous> (/home/dimas/project/decentrashare/backend/node_modules/router/index.js:297:9)\n    at next (/home/dimas/project/decentrashare/backend/node_modules/router/index.js:291:5)\n    at requestLogger (/home/dimas/project/decentrashare/backend/src/utils/logger.ts:109:3)\n    at handleRequest (/home/dimas/project/decentrashare/backend/node_modules/router/lib/layer.js:152:17)\n    at trimPrefix (/home/dimas/project/decentrashare/backend/node_modules/router/index.js:342:13)\n    at <anonymous> (/home/dimas/project/decentrashare/backend/node_modules/router/index.js:297:9)\n    at next (/home/dimas/project/decentrashare/backend/node_modules/router/index.js:291:5)\n    at handleRequest (/home/dimas/project/decentrashare/backend/node_modules/router/lib/layer.js:152:17)\n    at trimPrefix (/home/dimas/project/decentrashare/backend/node_modules/router/index.js:342:13)\n    at <anonymous> (/home/dimas/project/decentrashare/backend/node_modules/router/index.js:297:9)\n    at next (/home/dimas/project/decentrashare/backend/node_modules/router/index.js:291:5)\n    at read (/home/dimas/project/decentrashare/backend/node_modules/body-parser/lib/read.js:53:5)\n    at urlencodedParser (/home/dimas/project/decentrashare/backend/node_modules/body-parser/lib/types/urlencoded.js:57:5)\n    at handleRequest (/home/dimas/project/decentrashare/backend/node_modules/router/lib/layer.js:152:17)\n    at trimPrefix (/home/dimas/project/decentrashare/backend/node_modules/router/index.js:342:13)\n    at <anonymous> (/home/dimas/project/decentrashare/backend/node_modules/router/index.js:297:9)\n    at next (/home/dimas/project/decentrashare/backend/node_modules/router/index.js:291:5)\n    at read (/home/dimas/project/decentrashare/backend/node_modules/body-parser/lib/read.js:53:5)\n    at jsonParser (/home/dimas/project/decentrashare/backend/node_modules/body-parser/lib/types/json.js:88:5)\n    at handleRequest (/home/dimas/project/decentrashare/backend/node_modules/router/lib/layer.js:152:17)\n    at trimPrefix (/home/dimas/project/decentrashare/backend/node_modules/router/index.js:342:13)\n    at <anonymous> (/home/dimas/project/decentrashare/backend/node_modules/router/index.js:297:9)\n    at next (/home/dimas/project/decentrashare/backend/node_modules/router/index.js:291:5)\n    at <anonymous> (/home/dimas/project/decentrashare/backend/node_modules/express-rate-limit/dist/index.mjs:779:7)\n    at processTicksAndRejections (native:7:39)","timestamp":"2026-03-11 14:32:43"}
{"duration":35,"level":"info","message":"[gegpjog8n] 500 35ms","requestId":"gegpjog8n","statusCode":500,"timestamp":"2026-03-11 14:32:43"}
{"level":"info","message":"✅ Database connected successfully","timestamp":"2026-03-11 14:34:53"}
{"level":"info","message":"🚀 Decentrashare API Server running on port 3000","timestamp":"2026-03-11 14:34:53"}
{"level":"info","message":"🌍 Environment: Development","timestamp":"2026-03-11 14:34:53"}
{"level":"info","message":"📚 API Documentation: http://localhost:3000/api","timestamp":"2026-03-11 14:34:53"}
{"level":"info","message":"❤️  Health Check: http://localhost:3000/api/health","timestamp":"2026-03-11 14:34:53"}
{"level":"info","message":"✅ Database connected successfully","timestamp":"2026-03-11 14:35:19"}
{"level":"info","message":"🚀 Decentrashare API Server running on port 3000","timestamp":"2026-03-11 14:35:19"}
{"level":"info","message":"🌍 Environment: Development","timestamp":"2026-03-11 14:35:19"}
{"level":"info","message":"📚 API Documentation: http://localhost:3000/api","timestamp":"2026-03-11 14:35:19"}
{"level":"info","message":"❤️  Health Check: http://localhost:3000/api/health","timestamp":"2026-03-11 14:35:19"}
{"ip":"::ffff:127.0.0.1","level":"info","message":"[ug9kqbdpz] GET /api/auth/nonce/:","method":"GET","requestId":"ug9kqbdpz","timestamp":"2026-03-11 14:35:23","url":"/api/auth/nonce/:","userAgent":"insomnia/12.3.1"}
{"duration":7,"level":"info","message":"[ug9kqbdpz] 400 7ms","requestId":"ug9kqbdpz","statusCode":400,"timestamp":"2026-03-11 14:35:23"}
{"ip":"::ffff:127.0.0.1","level":"info","message":"[8jwjg89ny] GET /api/auth/nonce/0xeAAdA62fCFbFa9718DfbDca31Caf107322318F91","method":"GET","requestId":"8jwjg89ny","timestamp":"2026-03-11 14:38:39","url":"/api/auth/nonce/0xeAAdA62fCFbFa9718DfbDca31Caf107322318F91","userAgent":"insomnia/12.3.1"}
{"duration":30,"level":"info","message":"[8jwjg89ny] 200 30ms","requestId":"8jwjg89ny","statusCode":200,"timestamp":"2026-03-11 14:38:39"}
{"ip":"::ffff:127.0.0.1","level":"info","message":"[fuffwl1ha] GET /api/auth/nonce/0xeAAdA62fCFFa9718DfbDca31Caf107322318F91","method":"GET","requestId":"fuffwl1ha","timestamp":"2026-03-11 14:39:10","url":"/api/auth/nonce/0xeAAdA62fCFFa9718DfbDca31Caf107322318F91","userAgent":"insomnia/12.3.1"}
{"duration":8,"level":"info","message":"[fuffwl1ha] 400 8ms","requestId":"fuffwl1ha","statusCode":400,"timestamp":"2026-03-11 14:39:10"}
{"ip":"::ffff:127.0.0.1","level":"info","message":"[eam2dz680] GET /api/auth/nonce/0xeAAdA62fCFbFa9718DfbDca31Caf107322318F91","method":"GET","requestId":"eam2dz680","timestamp":"2026-03-11 14:39:16","url":"/api/auth/nonce/0xeAAdA62fCFbFa9718DfbDca31Caf107322318F91","userAgent":"insomnia/12.3.1"}
{"duration":16,"level":"info","message":"[eam2dz680] 200 16ms","requestId":"eam2dz680","statusCode":200,"timestamp":"2026-03-11 14:39:16"}
{"ip":"::ffff:127.0.0.1","level":"info","message":"[fcwpsbyzi] GET /auth/register","method":"GET","requestId":"fcwpsbyzi","timestamp":"2026-03-11 14:41:00","url":"/auth/register","userAgent":"insomnia/12.3.1"}
{"duration":3,"level":"info","message":"[fcwpsbyzi] 404 3ms","requestId":"fcwpsbyzi","statusCode":404,"timestamp":"2026-03-11 14:41:00"}
{"ip":"::ffff:127.0.0.1","level":"info","message":"[uv38wi898] GET /api/auth/register","method":"GET","requestId":"uv38wi898","timestamp":"2026-03-11 14:41:07","url":"/api/auth/register","userAgent":"insomnia/12.3.1"}
{"duration":3,"level":"info","message":"[uv38wi898] 404 3ms","requestId":"uv38wi898","statusCode":404,"timestamp":"2026-03-11 14:41:07"}
{"ip":"::ffff:127.0.0.1","level":"info","message":"[he6f0ss1k] POST /api/auth/register","method":"POST","requestId":"he6f0ss1k","timestamp":"2026-03-11 14:42:20","url":"/api/auth/register","userAgent":"insomnia/12.3.1"}
{"duration":2,"level":"info","message":"[he6f0ss1k] 400 2ms","requestId":"he6f0ss1k","statusCode":400,"timestamp":"2026-03-11 14:42:20"}
{"ip":"::ffff:127.0.0.1","level":"info","message":"[lv4ojn60o] GET /api/auth/nonce/0xeAAdA62fCFbFa9718DfbDca31Caf107322318F91","method":"GET","requestId":"lv4ojn60o","timestamp":"2026-03-11 15:02:18","url":"/api/auth/nonce/0xeAAdA62fCFbFa9718DfbDca31Caf107322318F91","userAgent":"insomnia/12.3.1"}
{"duration":64,"level":"info","message":"[lv4ojn60o] 200 64ms","requestId":"lv4ojn60o","statusCode":200,"timestamp":"2026-03-11 15:02:18"}
{"ip":"::ffff:127.0.0.1","level":"info","message":"[8fyicihbq] POST /api/auth/register","method":"POST","requestId":"8fyicihbq","timestamp":"2026-03-11 15:05:23","url":"/api/auth/register","userAgent":"insomnia/12.3.1"}
{"duration":3,"level":"info","message":"[8fyicihbq] 400 3ms","requestId":"8fyicihbq","statusCode":400,"timestamp":"2026-03-11 15:05:23"}
{"ip":"::1","level":"info","message":"[r1l4i4rkh] GET /.well-known/appspecific/com.chrome.devtools.json","method":"GET","requestId":"r1l4i4rkh","timestamp":"2026-03-11 15:09:31","url":"/.well-known/appspecific/com.chrome.devtools.json","userAgent":"Mozilla/5.0 (X11; Linux x86_64) AppleWebKit/537.36 (KHTML, like Gecko) Chrome/145.0.0.0 Safari/537.36"}
{"duration":1,"level":"info","message":"[r1l4i4rkh] 404 1ms","requestId":"r1l4i4rkh","statusCode":404,"timestamp":"2026-03-11 15:09:31"}
{"ip":"::ffff:127.0.0.1","level":"info","message":"[t8wrfiaxt] POST /api/auth/register","method":"POST","requestId":"t8wrfiaxt","timestamp":"2026-03-11 15:13:33","url":"/api/auth/register","userAgent":"insomnia/12.3.1"}
{"duration":6,"level":"info","message":"[t8wrfiaxt] 400 6ms","requestId":"t8wrfiaxt","statusCode":400,"timestamp":"2026-03-11 15:13:33"}
{"level":"info","message":"✅ Database connected successfully","timestamp":"2026-03-11 15:17:11"}
{"level":"info","message":"🚀 Decentrashare API Server running on port 3000","timestamp":"2026-03-11 15:17:11"}
{"level":"info","message":"🌍 Environment: Development","timestamp":"2026-03-11 15:17:11"}
{"level":"info","message":"📚 API Documentation: http://localhost:3000/api","timestamp":"2026-03-11 15:17:11"}
{"level":"info","message":"❤️  Health Check: http://localhost:3000/api/health","timestamp":"2026-03-11 15:17:11"}
{"level":"info","message":"✅ Database connected successfully","timestamp":"2026-03-11 15:17:13"}
{"level":"info","message":"🚀 Decentrashare API Server running on port 3000","timestamp":"2026-03-11 15:17:13"}
{"level":"info","message":"🌍 Environment: Development","timestamp":"2026-03-11 15:17:13"}
{"level":"info","message":"📚 API Documentation: http://localhost:3000/api","timestamp":"2026-03-11 15:17:13"}
{"level":"info","message":"❤️  Health Check: http://localhost:3000/api/health","timestamp":"2026-03-11 15:17:13"}
{"ip":"::ffff:127.0.0.1","level":"info","message":"[rlr4dre57] POST /api/auth/register","method":"POST","requestId":"rlr4dre57","timestamp":"2026-03-11 15:17:34","url":"/api/auth/register","userAgent":"insomnia/12.3.1"}
{"duration":177,"level":"info","message":"[rlr4dre57] 400 177ms","requestId":"rlr4dre57","statusCode":400,"timestamp":"2026-03-11 15:17:34"}
{"ip":"::1","level":"info","message":"[4s9wmw935] GET /api/health","method":"GET","requestId":"4s9wmw935","timestamp":"2026-03-11 15:19:34","url":"/api/health","userAgent":"Mozilla/5.0 (X11; Linux x86_64) AppleWebKit/537.36 (KHTML, like Gecko) Chrome/145.0.0.0 Safari/537.36"}
{"duration":3,"level":"info","message":"[4s9wmw935] 200 3ms","requestId":"4s9wmw935","statusCode":200,"timestamp":"2026-03-11 15:19:34"}
{"ip":"::1","level":"info","message":"[5pu7wfi22] GET /.well-known/appspecific/com.chrome.devtools.json","method":"GET","requestId":"5pu7wfi22","timestamp":"2026-03-11 15:19:34","url":"/.well-known/appspecific/com.chrome.devtools.json","userAgent":"Mozilla/5.0 (X11; Linux x86_64) AppleWebKit/537.36 (KHTML, like Gecko) Chrome/145.0.0.0 Safari/537.36"}
{"duration":2,"level":"info","message":"[5pu7wfi22] 404 2ms","requestId":"5pu7wfi22","statusCode":404,"timestamp":"2026-03-11 15:19:34"}
{"ip":"::ffff:127.0.0.1","level":"info","message":"[4j5brop8t] POST /api/auth/register","method":"POST","requestId":"4j5brop8t","timestamp":"2026-03-11 15:20:10","url":"/api/auth/register","userAgent":"insomnia/12.3.1"}
{"duration":55,"level":"info","message":"[4j5brop8t] 201 55ms","requestId":"4j5brop8t","statusCode":201,"timestamp":"2026-03-11 15:20:10"}
{"level":"info","message":"✅ Database connected successfully","timestamp":"2026-03-11 15:23:03"}
{"level":"info","message":"🚀 Decentrashare API Server running on port 3000","timestamp":"2026-03-11 15:23:03"}
{"level":"info","message":"🌍 Environment: Development","timestamp":"2026-03-11 15:23:03"}
{"level":"info","message":"📚 API Documentation: http://localhost:3000/api","timestamp":"2026-03-11 15:23:03"}
{"level":"info","message":"❤️  Health Check: http://localhost:3000/api/health","timestamp":"2026-03-11 15:23:03"}
{"ip":"::ffff:127.0.0.1","level":"info","message":"[kc5yl1mq4] POST /api/auth/login","method":"POST","requestId":"kc5yl1mq4","timestamp":"2026-03-11 15:24:13","url":"/api/auth/login","userAgent":"insomnia/12.3.1"}
{"level":"error","message":"Unhandled error: Cannot destructure property 'walletAddress' from null or undefined value","stack":"TypeError: Cannot destructure property 'walletAddress' from null or undefined value\n    at <anonymous> (/home/dimas/project/decentrashare/backend/src/modules/auth/auth.controller.ts:33:42)\n    at handleRequest (/home/dimas/project/decentrashare/backend/node_modules/router/lib/layer.js:152:17)\n    at next (/home/dimas/project/decentrashare/backend/node_modules/router/lib/route.js:157:13)\n    at dispatch (/home/dimas/project/decentrashare/backend/node_modules/router/lib/route.js:117:3)\n    at handle (/home/dimas/project/decentrashare/backend/node_modules/router/index.js:435:11)\n    at handleRequest (/home/dimas/project/decentrashare/backend/node_modules/router/lib/layer.js:152:17)\n    at <anonymous> (/home/dimas/project/decentrashare/backend/node_modules/router/index.js:295:15)\n    at next (/home/dimas/project/decentrashare/backend/node_modules/router/index.js:291:5)\n    at handle (/home/dimas/project/decentrashare/backend/node_modules/router/index.js:186:3)\n    at router (/home/dimas/project/decentrashare/backend/node_modules/router/index.js:60:12)\n    at handleRequest (/home/dimas/project/decentrashare/backend/node_modules/router/lib/layer.js:152:17)\n    at trimPrefix (/home/dimas/project/decentrashare/backend/node_modules/router/index.js:342:13)\n    at <anonymous> (/home/dimas/project/decentrashare/backend/node_modules/router/index.js:297:9)\n    at next (/home/dimas/project/decentrashare/backend/node_modules/router/index.js:291:5)\n    at handle (/home/dimas/project/decentrashare/backend/node_modules/router/index.js:186:3)\n    at router (/home/dimas/project/decentrashare/backend/node_modules/router/index.js:60:12)\n    at handleRequest (/home/dimas/project/decentrashare/backend/node_modules/router/lib/layer.js:152:17)\n    at trimPrefix (/home/dimas/project/decentrashare/backend/node_modules/router/index.js:342:13)\n    at <anonymous> (/home/dimas/project/decentrashare/backend/node_modules/router/index.js:297:9)\n    at next (/home/dimas/project/decentrashare/backend/node_modules/router/index.js:291:5)\n    at requestLogger (/home/dimas/project/decentrashare/backend/src/utils/logger.ts:109:3)\n    at handleRequest (/home/dimas/project/decentrashare/backend/node_modules/router/lib/layer.js:152:17)\n    at trimPrefix (/home/dimas/project/decentrashare/backend/node_modules/router/index.js:342:13)\n    at <anonymous> (/home/dimas/project/decentrashare/backend/node_modules/router/index.js:297:9)\n    at next (/home/dimas/project/decentrashare/backend/node_modules/router/index.js:291:5)\n    at handleRequest (/home/dimas/project/decentrashare/backend/node_modules/router/lib/layer.js:152:17)\n    at trimPrefix (/home/dimas/project/decentrashare/backend/node_modules/router/index.js:342:13)\n    at <anonymous> (/home/dimas/project/decentrashare/backend/node_modules/router/index.js:297:9)\n    at next (/home/dimas/project/decentrashare/backend/node_modules/router/index.js:291:5)\n    at read (/home/dimas/project/decentrashare/backend/node_modules/body-parser/lib/read.js:62:5)\n    at urlencodedParser (/home/dimas/project/decentrashare/backend/node_modules/body-parser/lib/types/urlencoded.js:57:5)\n    at handleRequest (/home/dimas/project/decentrashare/backend/node_modules/router/lib/layer.js:152:17)\n    at trimPrefix (/home/dimas/project/decentrashare/backend/node_modules/router/index.js:342:13)\n    at <anonymous> (/home/dimas/project/decentrashare/backend/node_modules/router/index.js:297:9)\n    at next (/home/dimas/project/decentrashare/backend/node_modules/router/index.js:291:5)\n    at read (/home/dimas/project/decentrashare/backend/node_modules/body-parser/lib/read.js:62:5)\n    at jsonParser (/home/dimas/project/decentrashare/backend/node_modules/body-parser/lib/types/json.js:88:5)\n    at handleRequest (/home/dimas/project/decentrashare/backend/node_modules/router/lib/layer.js:152:17)\n    at trimPrefix (/home/dimas/project/decentrashare/backend/node_modules/router/index.js:342:13)\n    at <anonymous> (/home/dimas/project/decentrashare/backend/node_modules/router/index.js:297:9)\n    at next (/home/dimas/project/decentrashare/backend/node_modules/router/index.js:291:5)\n    at <anonymous> (/home/dimas/project/decentrashare/backend/node_modules/express-rate-limit/dist/index.mjs:779:7)\n    at processTicksAndRejections (native:7:39)","timestamp":"2026-03-11 15:24:13"}
{"duration":19,"level":"info","message":"[kc5yl1mq4] 500 19ms","requestId":"kc5yl1mq4","statusCode":500,"timestamp":"2026-03-11 15:24:13"}
{"ip":"::ffff:127.0.0.1","level":"info","message":"[pnz9cc8zt] POST /api/auth/login","method":"POST","requestId":"pnz9cc8zt","timestamp":"2026-03-11 15:25:59","url":"/api/auth/login","userAgent":"insomnia/12.3.1"}
{"level":"error","message":"Unhandled error: Invalid signature","stack":"Error: Invalid signature\n    at <anonymous> (/home/dimas/project/decentrashare/backend/src/modules/auth/auth.service.ts:45:27)\n    at async <anonymous> (/home/dimas/project/decentrashare/backend/src/modules/auth/auth.controller.ts:40:35)\n    at processTicksAndRejections (native:7:39)","timestamp":"2026-03-11 15:25:59"}
{"duration":124,"level":"info","message":"[pnz9cc8zt] 500 124ms","requestId":"pnz9cc8zt","statusCode":500,"timestamp":"2026-03-11 15:25:59"}
{"level":"info","message":"SIGINT received, shutting down gracefully...","timestamp":"2026-03-11 15:26:59"}
{"level":"info","message":"HTTP server closed","timestamp":"2026-03-11 15:26:59"}
{"level":"info","message":"SIGINT received, shutting down gracefully...","timestamp":"2026-03-11 15:26:59"}
{"level":"info","message":"HTTP server closed","timestamp":"2026-03-11 15:26:59"}
{"level":"info","message":"✅ Database disconnected successfully","timestamp":"2026-03-11 15:26:59"}
{"level":"info","message":"✅ Database connected successfully","timestamp":"2026-03-11 15:27:13"}
{"level":"info","message":"🚀 Decentrashare API Server running on port 3000","timestamp":"2026-03-11 15:27:13"}
{"level":"info","message":"🌍 Environment: Development","timestamp":"2026-03-11 15:27:13"}
{"level":"info","message":"📚 API Documentation: http://localhost:3000/api","timestamp":"2026-03-11 15:27:13"}
{"level":"info","message":"❤️  Health Check: http://localhost:3000/api/health","timestamp":"2026-03-11 15:27:13"}
{"ip":"::ffff:127.0.0.1","level":"info","message":"[96crtz8dc] GET /api/auth/nonce/0xeAAdA62fCFbFa9718DfbDca31Caf107322318F91","method":"GET","requestId":"96crtz8dc","timestamp":"2026-03-11 15:29:51","url":"/api/auth/nonce/0xeAAdA62fCFbFa9718DfbDca31Caf107322318F91","userAgent":"insomnia/12.3.1"}
{"duration":27,"level":"info","message":"[96crtz8dc] 200 27ms","requestId":"96crtz8dc","statusCode":200,"timestamp":"2026-03-11 15:29:51"}
{"level":"info","message":"✅ Database connected successfully","timestamp":"2026-03-11 15:31:14"}
{"level":"info","message":"🚀 Decentrashare API Server running on port 3000","timestamp":"2026-03-11 15:31:14"}
{"level":"info","message":"🌍 Environment: Development","timestamp":"2026-03-11 15:31:14"}
{"level":"info","message":"📚 API Documentation: http://localhost:3000/api","timestamp":"2026-03-11 15:31:14"}
{"level":"info","message":"❤️  Health Check: http://localhost:3000/api/health","timestamp":"2026-03-11 15:31:14"}
{"level":"info","message":"✅ Database connected successfully","timestamp":"2026-03-11 15:31:18"}
{"level":"info","message":"🚀 Decentrashare API Server running on port 3000","timestamp":"2026-03-11 15:31:18"}
{"level":"info","message":"🌍 Environment: Development","timestamp":"2026-03-11 15:31:18"}
{"level":"info","message":"📚 API Documentation: http://localhost:3000/api","timestamp":"2026-03-11 15:31:18"}
{"level":"info","message":"❤️  Health Check: http://localhost:3000/api/health","timestamp":"2026-03-11 15:31:18"}
{"level":"info","message":"✅ Database connected successfully","timestamp":"2026-03-11 15:31:27"}
{"level":"info","message":"🚀 Decentrashare API Server running on port 3000","timestamp":"2026-03-11 15:31:27"}
{"level":"info","message":"🌍 Environment: Development","timestamp":"2026-03-11 15:31:27"}
{"level":"info","message":"📚 API Documentation: http://localhost:3000/api","timestamp":"2026-03-11 15:31:27"}
{"level":"info","message":"❤️  Health Check: http://localhost:3000/api/health","timestamp":"2026-03-11 15:31:27"}
{"level":"info","message":"✅ Database connected successfully","timestamp":"2026-03-11 15:31:30"}
{"level":"info","message":"🚀 Decentrashare API Server running on port 3000","timestamp":"2026-03-11 15:31:30"}
{"level":"info","message":"🌍 Environment: Development","timestamp":"2026-03-11 15:31:30"}
{"level":"info","message":"📚 API Documentation: http://localhost:3000/api","timestamp":"2026-03-11 15:31:30"}
{"level":"info","message":"❤️  Health Check: http://localhost:3000/api/health","timestamp":"2026-03-11 15:31:30"}
{"ip":"::ffff:127.0.0.1","level":"info","message":"[ttfcymqvj] GET /api/auth/nonce/0xeAAdA62fCFbFa9718DfbDca31Caf107322318F91","method":"GET","requestId":"ttfcymqvj","timestamp":"2026-03-11 15:31:51","url":"/api/auth/nonce/0xeAAdA62fCFbFa9718DfbDca31Caf107322318F91","userAgent":"insomnia/12.3.1"}
{"duration":43,"level":"info","message":"[ttfcymqvj] 200 43ms","requestId":"ttfcymqvj","statusCode":200,"timestamp":"2026-03-11 15:31:51"}
{"ip":"::1","level":"info","message":"[8byk9efkd] GET /api/health","method":"GET","requestId":"8byk9efkd","timestamp":"2026-03-11 15:32:41","url":"/api/health","userAgent":"Mozilla/5.0 (X11; Linux x86_64) AppleWebKit/537.36 (KHTML, like Gecko) Chrome/145.0.0.0 Safari/537.36"}
{"duration":5,"level":"info","message":"[8byk9efkd] 200 5ms","requestId":"8byk9efkd","statusCode":200,"timestamp":"2026-03-11 15:32:41"}
{"ip":"::1","level":"info","message":"[s51dmdt15] GET /.well-known/appspecific/com.chrome.devtools.json","method":"GET","requestId":"s51dmdt15","timestamp":"2026-03-11 15:32:41","url":"/.well-known/appspecific/com.chrome.devtools.json","userAgent":"Mozilla/5.0 (X11; Linux x86_64) AppleWebKit/537.36 (KHTML, like Gecko) Chrome/145.0.0.0 Safari/537.36"}
{"duration":4,"level":"info","message":"[s51dmdt15] 404 4ms","requestId":"s51dmdt15","statusCode":404,"timestamp":"2026-03-11 15:32:41"}
{"ip":"::ffff:127.0.0.1","level":"info","message":"[ji3wgkplz] POST /api/auth/login","method":"POST","requestId":"ji3wgkplz","timestamp":"2026-03-11 15:33:26","url":"/api/auth/login","userAgent":"insomnia/12.3.1"}
{"duration":182,"level":"info","message":"[ji3wgkplz] 200 182ms","requestId":"ji3wgkplz","statusCode":200,"timestamp":"2026-03-11 15:33:26"}
{"level":"info","message":"SIGINT received, shutting down gracefully...","timestamp":"2026-03-11 16:04:45"}
{"level":"info","message":"SIGINT received, shutting down gracefully...","timestamp":"2026-03-11 16:04:45"}
{"level":"info","message":"HTTP server closed","timestamp":"2026-03-11 16:04:45"}
{"level":"info","message":"HTTP server closed","timestamp":"2026-03-11 16:04:45"}
{"level":"info","message":"✅ Database disconnected successfully","timestamp":"2026-03-11 16:04:45"}
{"level":"info","message":"✅ Database connected successfully","timestamp":"2026-03-12 11:47:53"}
{"level":"info","message":"🚀 Decentrashare API Server running on port 3000","timestamp":"2026-03-12 11:47:53"}
{"level":"info","message":"🌍 Environment: Development","timestamp":"2026-03-12 11:47:53"}
{"level":"info","message":"📚 API Documentation: http://localhost:3000/api","timestamp":"2026-03-12 11:47:53"}
{"level":"info","message":"❤️  Health Check: http://localhost:3000/api/health","timestamp":"2026-03-12 11:47:53"}
{"level":"info","message":"test","timestamp":"2026-03-12 14:43:44"}
{"level":"info","message":"✅ Database connected successfully","timestamp":"2026-03-12 14:43:56"}
{"level":"info","message":"✅ Database connected successfully","timestamp":"2026-03-12 14:48:13"}
{"level":"info","message":"🚀 Decentrashare API Server running on port 3000","timestamp":"2026-03-12 14:48:13"}
{"level":"info","message":"🌍 Environment: Development","timestamp":"2026-03-12 14:48:13"}
{"level":"info","message":"📚 API Documentation: http://localhost:3000/api","timestamp":"2026-03-12 14:48:13"}
{"level":"info","message":"❤️  Health Check: http://localhost:3000/api/health","timestamp":"2026-03-12 14:48:13"}
{"level":"info","message":"✅ Database connected successfully","timestamp":"2026-03-12 14:49:58"}
{"level":"info","message":"🚀 Decentrashare API Server running on port 3000","timestamp":"2026-03-12 14:49:58"}
{"level":"info","message":"🌍 Environment: Development","timestamp":"2026-03-12 14:49:58"}
{"level":"info","message":"📚 API Documentation: http://localhost:3000/api","timestamp":"2026-03-12 14:49:58"}
{"level":"info","message":"❤️  Health Check: http://localhost:3000/api/health","timestamp":"2026-03-12 14:49:58"}
{"ip":"::ffff:127.0.0.1","level":"info","message":"[1n5zw0c8h] GET /api/auth/nonce/0xeAAdA62fCFbFa9718DfbDca31Caf107322318F91","method":"GET","requestId":"1n5zw0c8h","timestamp":"2026-03-12 14:50:38","url":"/api/auth/nonce/0xeAAdA62fCFbFa9718DfbDca31Caf107322318F91","userAgent":"insomnia/12.3.1"}
{"duration":46,"level":"info","message":"[1n5zw0c8h] 200 46ms","requestId":"1n5zw0c8h","statusCode":200,"timestamp":"2026-03-12 14:50:38"}
{"ip":"::ffff:127.0.0.1","level":"info","message":"[tgvs6myq8] POST /api/auth/login","method":"POST","requestId":"tgvs6myq8","timestamp":"2026-03-12 14:51:03","url":"/api/auth/login","userAgent":"insomnia/12.3.1"}
{"level":"error","message":"Unhandled error: Invalid signature","stack":"Error: Invalid signature\n    at <anonymous> (/home/dimas/project/decentrashare/backend/src/modules/auth/auth.service.ts:52:27)\n    at async <anonymous> (/home/dimas/project/decentrashare/backend/src/modules/auth/auth.controller.ts:42:35)\n    at processTicksAndRejections (native:7:39)","timestamp":"2026-03-12 14:51:03"}
{"duration":113,"level":"info","message":"[tgvs6myq8] 500 113ms","requestId":"tgvs6myq8","statusCode":500,"timestamp":"2026-03-12 14:51:03"}
{"level":"info","message":"SIGINT received, shutting down gracefully...","timestamp":"2026-03-12 14:51:55"}
{"level":"info","message":"SIGINT received, shutting down gracefully...","timestamp":"2026-03-12 14:51:55"}
{"level":"info","message":"HTTP server closed","timestamp":"2026-03-12 14:51:55"}
{"level":"info","message":"HTTP server closed","timestamp":"2026-03-12 14:51:55"}
{"level":"info","message":"✅ Database disconnected successfully","timestamp":"2026-03-12 14:51:55"}
{"level":"info","message":"✅ Database connected successfully","timestamp":"2026-03-12 14:51:58"}
{"level":"info","message":"🚀 Decentrashare API Server running on port 3000","timestamp":"2026-03-12 14:51:58"}
{"level":"info","message":"🌍 Environment: Development","timestamp":"2026-03-12 14:51:58"}
{"level":"info","message":"📚 API Documentation: http://localhost:3000/api","timestamp":"2026-03-12 14:51:58"}
{"level":"info","message":"❤️  Health Check: http://localhost:3000/api/health","timestamp":"2026-03-12 14:51:58"}
{"ip":"::ffff:127.0.0.1","level":"info","message":"[tr2ue77g1] GET /api/auth/nonce/0xeAAdA62fCFbFa9718DfbDca31Caf107322318F91","method":"GET","requestId":"tr2ue77g1","timestamp":"2026-03-12 14:57:29","url":"/api/auth/nonce/0xeAAdA62fCFbFa9718DfbDca31Caf107322318F91","userAgent":"insomnia/12.3.1"}
{"duration":50,"level":"info","message":"[tr2ue77g1] 200 50ms","requestId":"tr2ue77g1","statusCode":200,"timestamp":"2026-03-12 14:57:29"}
{"level":"info","message":"✅ Database connected successfully","timestamp":"2026-03-12 15:02:47"}
{"level":"info","message":"🚀 Decentrashare API Server running on port 3000","timestamp":"2026-03-12 15:02:47"}
{"level":"info","message":"🌍 Environment: Development","timestamp":"2026-03-12 15:02:47"}
{"level":"info","message":"📚 API Documentation: http://localhost:3000/api","timestamp":"2026-03-12 15:02:47"}
{"level":"info","message":"❤️  Health Check: http://localhost:3000/api/health","timestamp":"2026-03-12 15:02:47"}
{"ip":"::ffff:127.0.0.1","level":"info","message":"[klrmfejxi] GET /api/auth/nonce/0xeAAdA62fCFbFa9718DfbDca31Caf107322318F91","method":"GET","requestId":"klrmfejxi","timestamp":"2026-03-12 15:02:55","url":"/api/auth/nonce/0xeAAdA62fCFbFa9718DfbDca31Caf107322318F91","userAgent":"insomnia/12.3.1"}
{"duration":123,"level":"info","message":"[klrmfejxi] 200 123ms","requestId":"klrmfejxi","statusCode":200,"timestamp":"2026-03-12 15:02:55"}
{"ip":"::1","level":"info","message":"[dmwekf8ec] GET /api/health","method":"GET","requestId":"dmwekf8ec","timestamp":"2026-03-12 15:09:53","url":"/api/health","userAgent":"Mozilla/5.0 (X11; Linux x86_64) AppleWebKit/537.36 (KHTML, like Gecko) Chrome/145.0.0.0 Safari/537.36"}
{"duration":4,"level":"info","message":"[dmwekf8ec] 200 4ms","requestId":"dmwekf8ec","statusCode":200,"timestamp":"2026-03-12 15:09:53"}
{"ip":"::1","level":"info","message":"[vnkvpnr8v] GET /favicon.ico","method":"GET","requestId":"vnkvpnr8v","timestamp":"2026-03-12 15:09:53","url":"/favicon.ico","userAgent":"Mozilla/5.0 (X11; Linux x86_64) AppleWebKit/537.36 (KHTML, like Gecko) Chrome/145.0.0.0 Safari/537.36"}
{"duration":5,"level":"info","message":"[vnkvpnr8v] 404 5ms","requestId":"vnkvpnr8v","statusCode":404,"timestamp":"2026-03-12 15:09:53"}
{"ip":"::1","level":"info","message":"[9ruy71roy] GET /.well-known/appspecific/com.chrome.devtools.json","method":"GET","requestId":"9ruy71roy","timestamp":"2026-03-12 15:09:56","url":"/.well-known/appspecific/com.chrome.devtools.json","userAgent":"Mozilla/5.0 (X11; Linux x86_64) AppleWebKit/537.36 (KHTML, like Gecko) Chrome/145.0.0.0 Safari/537.36"}
{"duration":3,"level":"info","message":"[9ruy71roy] 404 3ms","requestId":"9ruy71roy","statusCode":404,"timestamp":"2026-03-12 15:09:56"}
{"ip":"::ffff:127.0.0.1","level":"info","message":"[o5pgtv8ip] POST /api/auth/login","method":"POST","requestId":"o5pgtv8ip","timestamp":"2026-03-12 15:11:24","url":"/api/auth/login","userAgent":"insomnia/12.3.1"}
{"clientVersion":"5.22.0","level":"error","message":"Unhandled error: \nInvalid `prisma.user.update()` invocation in\n/home/dimas/project/decentrashare/backend/src/modules/auth/auth.service.ts:55:41\n\n  52 if (!isValid) throw new Error('Invalid signature');\n  53 \n  54 // Rotate nonce setelah login (mencegah replay attack)\n→ 55 const updatedUser = await prisma.user.update({\n       where: {\n         walletAddress: \"0xeaada62fcfbfa9718dfbdca31caf107322318f91\"\n       },\n       data: {\n         nonce: \"941a7861-bf07-4e72-b46f-08a27ad0e157\",\n         nonceExpiresAt: new Date(\"2026-03-12T08:21:24.477Z\"),\n         ~~~~~~~~~~~~~~\n     ?   id?: String | StringFieldUpdateOperationsInput,\n     ?   walletAddress?: String | StringFieldUpdateOperationsInput,\n     ?   username?: String | NullableStringFieldUpdateOperationsInput | Null,\n     ?   email?: String | NullableStringFieldUpdateOperationsInput | Null,\n     ?   avatarUrl?: String | NullableStringFieldUpdateOperationsInput | Null,\n     ?   isRegistered?: Boolean | BoolFieldUpdateOperationsInput,\n     ?   createdAt?: DateTime | DateTimeFieldUpdateOperationsInput,\n     ?   updatedAt?: DateTime | DateTimeFieldUpdateOperationsInput\n       }\n     })\n\nUnknown argument `nonceExpiresAt`. Available options are marked with ?.","name":"PrismaClientValidationError","stack":"PrismaClientValidationError: \nInvalid `prisma.user.update()` invocation in\n/home/dimas/project/decentrashare/backend/src/modules/auth/auth.service.ts:55:41\n\n  52 if (!isValid) throw new Error('Invalid signature');\n  53 \n  54 // Rotate nonce setelah login (mencegah replay attack)\n→ 55 const updatedUser = await prisma.user.update({\n       where: {\n         walletAddress: \"0xeaada62fcfbfa9718dfbdca31caf107322318f91\"\n       },\n       data: {\n         nonce: \"941a7861-bf07-4e72-b46f-08a27ad0e157\",\n         nonceExpiresAt: new Date(\"2026-03-12T08:21:24.477Z\"),\n         ~~~~~~~~~~~~~~\n     ?   id?: String | StringFieldUpdateOperationsInput,\n     ?   walletAddress?: String | StringFieldUpdateOperationsInput,\n     ?   username?: String | NullableStringFieldUpdateOperationsInput | Null,\n     ?   email?: String | NullableStringFieldUpdateOperationsInput | Null,\n     ?   avatarUrl?: String | NullableStringFieldUpdateOperationsInput | Null,\n     ?   isRegistered?: Boolean | BoolFieldUpdateOperationsInput,\n     ?   createdAt?: DateTime | DateTimeFieldUpdateOperationsInput,\n     ?   updatedAt?: DateTime | DateTimeFieldUpdateOperationsInput\n       }\n     })\n\nUnknown argument `nonceExpiresAt`. Available options are marked with ?.\n    at wn (/home/dimas/project/decentrashare/backend/node_modules/@prisma/client/runtime/library.js:29:1367)\n    at handleRequestError (/home/dimas/project/decentrashare/backend/node_modules/@prisma/client/runtime/library.js:121:6958)\n    at handleAndLogRequestError (/home/dimas/project/decentrashare/backend/node_modules/@prisma/client/runtime/library.js:121:6623)\n    at request (/home/dimas/project/decentrashare/backend/node_modules/@prisma/client/runtime/library.js:121:6307)\n    at processTicksAndRejections (native:7:39)","timestamp":"2026-03-12 15:11:24"}
{"duration":232,"level":"info","message":"[o5pgtv8ip] 500 232ms","requestId":"o5pgtv8ip","statusCode":500,"timestamp":"2026-03-12 15:11:24"}
{"ip":"::ffff:127.0.0.1","level":"info","message":"[hur1knz3p] GET /api/auth/nonce/0xeAAdA62fCFbFa9718DfbDca31Caf107322318F91","method":"GET","requestId":"hur1knz3p","timestamp":"2026-03-12 15:14:23","url":"/api/auth/nonce/0xeAAdA62fCFbFa9718DfbDca31Caf107322318F91","userAgent":"insomnia/12.3.1"}
{"duration":17,"level":"info","message":"[hur1knz3p] 200 17ms","requestId":"hur1knz3p","statusCode":200,"timestamp":"2026-03-12 15:14:23"}
{"ip":"::ffff:127.0.0.1","level":"info","message":"[279ucj41m] POST /api/auth/login","method":"POST","requestId":"279ucj41m","timestamp":"2026-03-12 15:14:31","url":"/api/auth/login","userAgent":"insomnia/12.3.1"}
{"clientVersion":"5.22.0","level":"error","message":"Unhandled error: \nInvalid `prisma.user.update()` invocation in\n/home/dimas/project/decentrashare/backend/src/modules/auth/auth.service.ts:55:41\n\n  52 if (!isValid) throw new Error('Invalid signature');\n  53 \n  54 // Rotate nonce setelah login (mencegah replay attack)\n→ 55 const updatedUser = await prisma.user.update({\n       where: {\n         walletAddress: \"0xeaada62fcfbfa9718dfbdca31caf107322318f91\"\n       },\n       data: {\n         nonce: \"942f41fe-578e-424d-995a-f59a8b8baa3d\",\n         nonceExpiresAt: new Date(\"2026-03-12T08:24:31.907Z\"),\n         ~~~~~~~~~~~~~~\n     ?   id?: String | StringFieldUpdateOperationsInput,\n     ?   walletAddress?: String | StringFieldUpdateOperationsInput,\n     ?   username?: String | NullableStringFieldUpdateOperationsInput | Null,\n     ?   email?: String | NullableStringFieldUpdateOperationsInput | Null,\n     ?   avatarUrl?: String | NullableStringFieldUpdateOperationsInput | Null,\n     ?   isRegistered?: Boolean | BoolFieldUpdateOperationsInput,\n     ?   createdAt?: DateTime | DateTimeFieldUpdateOperationsInput,\n     ?   updatedAt?: DateTime | DateTimeFieldUpdateOperationsInput\n       }\n     })\n\nUnknown argument `nonceExpiresAt`. Available options are marked with ?.","name":"PrismaClientValidationError","stack":"PrismaClientValidationError: \nInvalid `prisma.user.update()` invocation in\n/home/dimas/project/decentrashare/backend/src/modules/auth/auth.service.ts:55:41\n\n  52 if (!isValid) throw new Error('Invalid signature');\n  53 \n  54 // Rotate nonce setelah login (mencegah replay attack)\n→ 55 const updatedUser = await prisma.user.update({\n       where: {\n         walletAddress: \"0xeaada62fcfbfa9718dfbdca31caf107322318f91\"\n       },\n       data: {\n         nonce: \"942f41fe-578e-424d-995a-f59a8b8baa3d\",\n         nonceExpiresAt: new Date(\"2026-03-12T08:24:31.907Z\"),\n         ~~~~~~~~~~~~~~\n     ?   id?: String | StringFieldUpdateOperationsInput,\n     ?   walletAddress?: String | StringFieldUpdateOperationsInput,\n     ?   username?: String | NullableStringFieldUpdateOperationsInput | Null,\n     ?   email?: String | NullableStringFieldUpdateOperationsInput | Null,\n     ?   avatarUrl?: String | NullableStringFieldUpdateOperationsInput | Null,\n     ?   isRegistered?: Boolean | BoolFieldUpdateOperationsInput,\n     ?   createdAt?: DateTime | DateTimeFieldUpdateOperationsInput,\n     ?   updatedAt?: DateTime | DateTimeFieldUpdateOperationsInput\n       }\n     })\n\nUnknown argument `nonceExpiresAt`. Available options are marked with ?.\n    at wn (/home/dimas/project/decentrashare/backend/node_modules/@prisma/client/runtime/library.js:29:1367)\n    at handleRequestError (/home/dimas/project/decentrashare/backend/node_modules/@prisma/client/runtime/library.js:121:6958)\n    at handleAndLogRequestError (/home/dimas/project/decentrashare/backend/node_modules/@prisma/client/runtime/library.js:121:6623)\n    at request (/home/dimas/project/decentrashare/backend/node_modules/@prisma/client/runtime/library.js:121:6307)\n    at processTicksAndRejections (native:7:39)","timestamp":"2026-03-12 15:14:31"}
{"duration":26,"level":"info","message":"[279ucj41m] 500 26ms","requestId":"279ucj41m","statusCode":500,"timestamp":"2026-03-12 15:14:31"}
{"ip":"::ffff:127.0.0.1","level":"info","message":"[c4ewcg298] POST /api/auth/login","method":"POST","requestId":"c4ewcg298","timestamp":"2026-03-12 15:15:06","url":"/api/auth/login","userAgent":"insomnia/12.3.1"}
{"clientVersion":"5.22.0","level":"error","message":"Unhandled error: \nInvalid `prisma.user.update()` invocation in\n/home/dimas/project/decentrashare/backend/src/modules/auth/auth.service.ts:55:41\n\n  52 if (!isValid) throw new Error('Invalid signature');\n  53 \n  54 // Rotate nonce setelah login (mencegah replay attack)\n→ 55 const updatedUser = await prisma.user.update({\n       where: {\n         walletAddress: \"0xeaada62fcfbfa9718dfbdca31caf107322318f91\"\n       },\n       data: {\n         nonce: \"5587f2f7-ce03-4443-a35f-93d0ab097316\",\n         nonceExpiresAt: new Date(\"2026-03-12T08:25:06.974Z\"),\n         ~~~~~~~~~~~~~~\n     ?   id?: String | StringFieldUpdateOperationsInput,\n     ?   walletAddress?: String | StringFieldUpdateOperationsInput,\n     ?   username?: String | NullableStringFieldUpdateOperationsInput | Null,\n     ?   email?: String | NullableStringFieldUpdateOperationsInput | Null,\n     ?   avatarUrl?: String | NullableStringFieldUpdateOperationsInput | Null,\n     ?   isRegistered?: Boolean | BoolFieldUpdateOperationsInput,\n     ?   createdAt?: DateTime | DateTimeFieldUpdateOperationsInput,\n     ?   updatedAt?: DateTime | DateTimeFieldUpdateOperationsInput\n       }\n     })\n\nUnknown argument `nonceExpiresAt`. Available options are marked with ?.","name":"PrismaClientValidationError","stack":"PrismaClientValidationError: \nInvalid `prisma.user.update()` invocation in\n/home/dimas/project/decentrashare/backend/src/modules/auth/auth.service.ts:55:41\n\n  52 if (!isValid) throw new Error('Invalid signature');\n  53 \n  54 // Rotate nonce setelah login (mencegah replay attack)\n→ 55 const updatedUser = await prisma.user.update({\n       where: {\n         walletAddress: \"0xeaada62fcfbfa9718dfbdca31caf107322318f91\"\n       },\n       data: {\n         nonce: \"5587f2f7-ce03-4443-a35f-93d0ab097316\",\n         nonceExpiresAt: new Date(\"2026-03-12T08:25:06.974Z\"),\n         ~~~~~~~~~~~~~~\n     ?   id?: String | StringFieldUpdateOperationsInput,\n     ?   walletAddress?: String | StringFieldUpdateOperationsInput,\n     ?   username?: String | NullableStringFieldUpdateOperationsInput | Null,\n     ?   email?: String | NullableStringFieldUpdateOperationsInput | Null,\n     ?   avatarUrl?: String | NullableStringFieldUpdateOperationsInput | Null,\n     ?   isRegistered?: Boolean | BoolFieldUpdateOperationsInput,\n     ?   createdAt?: DateTime | DateTimeFieldUpdateOperationsInput,\n     ?   updatedAt?: DateTime | DateTimeFieldUpdateOperationsInput\n       }\n     })\n\nUnknown argument `nonceExpiresAt`. Available options are marked with ?.\n    at wn (/home/dimas/project/decentrashare/backend/node_modules/@prisma/client/runtime/library.js:29:1367)\n    at handleRequestError (/home/dimas/project/decentrashare/backend/node_modules/@prisma/client/runtime/library.js:121:6958)\n    at handleAndLogRequestError (/home/dimas/project/decentrashare/backend/node_modules/@prisma/client/runtime/library.js:121:6623)\n    at request (/home/dimas/project/decentrashare/backend/node_modules/@prisma/client/runtime/library.js:121:6307)\n    at processTicksAndRejections (native:7:39)","timestamp":"2026-03-12 15:15:06"}
{"duration":18,"level":"info","message":"[c4ewcg298] 500 18ms","requestId":"c4ewcg298","statusCode":500,"timestamp":"2026-03-12 15:15:06"}
{"ip":"::ffff:127.0.0.1","level":"info","message":"[dlc5wckgp] POST /api/auth/login","method":"POST","requestId":"dlc5wckgp","timestamp":"2026-03-12 15:15:09","url":"/api/auth/login","userAgent":"insomnia/12.3.1"}
{"clientVersion":"5.22.0","level":"error","message":"Unhandled error: \nInvalid `prisma.user.update()` invocation in\n/home/dimas/project/decentrashare/backend/src/modules/auth/auth.service.ts:55:41\n\n  52 if (!isValid) throw new Error('Invalid signature');\n  53 \n  54 // Rotate nonce setelah login (mencegah replay attack)\n→ 55 const updatedUser = await prisma.user.update({\n       where: {\n         walletAddress: \"0xeaada62fcfbfa9718dfbdca31caf107322318f91\"\n       },\n       data: {\n         nonce: \"bf552020-c329-47d3-a9ea-2eb6cb5182d3\",\n         nonceExpiresAt: new Date(\"2026-03-12T08:25:09.068Z\"),\n         ~~~~~~~~~~~~~~\n     ?   id?: String | StringFieldUpdateOperationsInput,\n     ?   walletAddress?: String | StringFieldUpdateOperationsInput,\n     ?   username?: String | NullableStringFieldUpdateOperationsInput | Null,\n     ?   email?: String | NullableStringFieldUpdateOperationsInput | Null,\n     ?   avatarUrl?: String | NullableStringFieldUpdateOperationsInput | Null,\n     ?   isRegistered?: Boolean | BoolFieldUpdateOperationsInput,\n     ?   createdAt?: DateTime | DateTimeFieldUpdateOperationsInput,\n     ?   updatedAt?: DateTime | DateTimeFieldUpdateOperationsInput\n       }\n     })\n\nUnknown argument `nonceExpiresAt`. Available options are marked with ?.","name":"PrismaClientValidationError","stack":"PrismaClientValidationError: \nInvalid `prisma.user.update()` invocation in\n/home/dimas/project/decentrashare/backend/src/modules/auth/auth.service.ts:55:41\n\n  52 if (!isValid) throw new Error('Invalid signature');\n  53 \n  54 // Rotate nonce setelah login (mencegah replay attack)\n→ 55 const updatedUser = await prisma.user.update({\n       where: {\n         walletAddress: \"0xeaada62fcfbfa9718dfbdca31caf107322318f91\"\n       },\n       data: {\n         nonce: \"bf552020-c329-47d3-a9ea-2eb6cb5182d3\",\n         nonceExpiresAt: new Date(\"2026-03-12T08:25:09.068Z\"),\n         ~~~~~~~~~~~~~~\n     ?   id?: String | StringFieldUpdateOperationsInput,\n     ?   walletAddress?: String | StringFieldUpdateOperationsInput,\n     ?   username?: String | NullableStringFieldUpdateOperationsInput | Null,\n     ?   email?: String | NullableStringFieldUpdateOperationsInput | Null,\n     ?   avatarUrl?: String | NullableStringFieldUpdateOperationsInput | Null,\n     ?   isRegistered?: Boolean | BoolFieldUpdateOperationsInput,\n     ?   createdAt?: DateTime | DateTimeFieldUpdateOperationsInput,\n     ?   updatedAt?: DateTime | DateTimeFieldUpdateOperationsInput\n       }\n     })\n\nUnknown argument `nonceExpiresAt`. Available options are marked with ?.\n    at wn (/home/dimas/project/decentrashare/backend/node_modules/@prisma/client/runtime/library.js:29:1367)\n    at handleRequestError (/home/dimas/project/decentrashare/backend/node_modules/@prisma/client/runtime/library.js:121:6958)\n    at handleAndLogRequestError (/home/dimas/project/decentrashare/backend/node_modules/@prisma/client/runtime/library.js:121:6623)\n    at request (/home/dimas/project/decentrashare/backend/node_modules/@prisma/client/runtime/library.js:121:6307)\n    at processTicksAndRejections (native:7:39)","timestamp":"2026-03-12 15:15:09"}
{"duration":22,"level":"info","message":"[dlc5wckgp] 500 22ms","requestId":"dlc5wckgp","statusCode":500,"timestamp":"2026-03-12 15:15:09"}
{"level":"info","message":"SIGINT received, shutting down gracefully...","timestamp":"2026-03-12 15:16:24"}
{"level":"info","message":"HTTP server closed","timestamp":"2026-03-12 15:16:24"}
{"level":"info","message":"SIGINT received, shutting down gracefully...","timestamp":"2026-03-12 15:16:24"}
{"level":"info","message":"HTTP server closed","timestamp":"2026-03-12 15:16:24"}
{"level":"info","message":"✅ Database disconnected successfully","timestamp":"2026-03-12 15:16:24"}
{"level":"info","message":"✅ Database connected successfully","timestamp":"2026-03-12 15:16:36"}
{"level":"info","message":"🚀 Decentrashare API Server running on port 3000","timestamp":"2026-03-12 15:16:36"}
{"level":"info","message":"🌍 Environment: Development","timestamp":"2026-03-12 15:16:36"}
{"level":"info","message":"📚 API Documentation: http://localhost:3000/api","timestamp":"2026-03-12 15:16:36"}
{"level":"info","message":"❤️  Health Check: http://localhost:3000/api/health","timestamp":"2026-03-12 15:16:36"}
{"ip":"::ffff:127.0.0.1","level":"info","message":"[kpzguf6s5] POST /api/auth/login","method":"POST","requestId":"kpzguf6s5","timestamp":"2026-03-12 15:17:00","url":"/api/auth/login","userAgent":"insomnia/12.3.1"}
{"duration":111,"level":"info","message":"[kpzguf6s5] 200 111ms","requestId":"kpzguf6s5","statusCode":200,"timestamp":"2026-03-12 15:17:00"}
{"ip":"::ffff:127.0.0.1","level":"info","message":"[rphcp30ow] GET /api/auth/me","method":"GET","requestId":"rphcp30ow","timestamp":"2026-03-12 15:18:01","url":"/api/auth/me","userAgent":"insomnia/12.3.1"}
{"duration":2,"level":"info","message":"[rphcp30ow] 401 2ms","requestId":"rphcp30ow","statusCode":401,"timestamp":"2026-03-12 15:18:01"}
{"ip":"::ffff:127.0.0.1","level":"info","message":"[saue26p3r] GET /api/auth/me","method":"GET","requestId":"saue26p3r","timestamp":"2026-03-12 15:20:02","url":"/api/auth/me","userAgent":"insomnia/12.3.1"}
{"duration":39,"level":"info","message":"[saue26p3r] 200 39ms","requestId":"saue26p3r","statusCode":200,"timestamp":"2026-03-12 15:20:02"}
{"ip":"::ffff:127.0.0.1","level":"info","message":"[r1ydns133] POST /api/auth/refresh","method":"POST","requestId":"r1ydns133","timestamp":"2026-03-12 15:22:19","url":"/api/auth/refresh","userAgent":"insomnia/12.3.1"}
{"duration":2,"level":"info","message":"[r1ydns133] 404 2ms","requestId":"r1ydns133","statusCode":404,"timestamp":"2026-03-12 15:22:19"}
{"level":"info","message":"SIGINT received, shutting down gracefully...","timestamp":"2026-03-12 15:22:38"}
{"level":"info","message":"SIGINT received, shutting down gracefully...","timestamp":"2026-03-12 15:22:38"}
{"level":"info","message":"HTTP server closed","timestamp":"2026-03-12 15:22:38"}
{"level":"info","message":"HTTP server closed","timestamp":"2026-03-12 15:22:38"}
{"level":"info","message":"✅ Database disconnected successfully","timestamp":"2026-03-12 15:22:38"}
{"level":"info","message":"✅ Database connected successfully","timestamp":"2026-03-12 15:22:42"}
{"level":"info","message":"🚀 Decentrashare API Server running on port 3000","timestamp":"2026-03-12 15:22:42"}
{"level":"info","message":"🌍 Environment: Development","timestamp":"2026-03-12 15:22:42"}
{"level":"info","message":"📚 API Documentation: http://localhost:3000/api","timestamp":"2026-03-12 15:22:42"}
{"level":"info","message":"❤️  Health Check: http://localhost:3000/api/health","timestamp":"2026-03-12 15:22:42"}
{"level":"info","message":"✅ Database connected successfully","timestamp":"2026-03-12 15:24:29"}
{"level":"info","message":"🚀 Decentrashare API Server running on port 3000","timestamp":"2026-03-12 15:24:29"}
{"level":"info","message":"🌍 Environment: Development","timestamp":"2026-03-12 15:24:29"}
{"level":"info","message":"📚 API Documentation: http://localhost:3000/api","timestamp":"2026-03-12 15:24:29"}
{"level":"info","message":"❤️  Health Check: http://localhost:3000/api/health","timestamp":"2026-03-12 15:24:29"}
{"level":"info","message":"✅ Database connected successfully","timestamp":"2026-03-12 15:24:33"}
{"level":"info","message":"🚀 Decentrashare API Server running on port 3000","timestamp":"2026-03-12 15:24:33"}
{"level":"info","message":"🌍 Environment: Development","timestamp":"2026-03-12 15:24:33"}
{"level":"info","message":"📚 API Documentation: http://localhost:3000/api","timestamp":"2026-03-12 15:24:33"}
{"level":"info","message":"❤️  Health Check: http://localhost:3000/api/health","timestamp":"2026-03-12 15:24:33"}
{"level":"info","message":"✅ Database connected successfully","timestamp":"2026-03-12 15:24:46"}
{"level":"info","message":"🚀 Decentrashare API Server running on port 3000","timestamp":"2026-03-12 15:24:46"}
{"level":"info","message":"🌍 Environment: Development","timestamp":"2026-03-12 15:24:46"}
{"level":"info","message":"📚 API Documentation: http://localhost:3000/api","timestamp":"2026-03-12 15:24:46"}
{"level":"info","message":"❤️  Health Check: http://localhost:3000/api/health","timestamp":"2026-03-12 15:24:46"}
{"level":"info","message":"✅ Database connected successfully","timestamp":"2026-03-12 15:25:00"}
{"level":"info","message":"🚀 Decentrashare API Server running on port 3000","timestamp":"2026-03-12 15:25:00"}
{"level":"info","message":"🌍 Environment: Development","timestamp":"2026-03-12 15:25:00"}
{"level":"info","message":"📚 API Documentation: http://localhost:3000/api","timestamp":"2026-03-12 15:25:00"}
{"level":"info","message":"❤️  Health Check: http://localhost:3000/api/health","timestamp":"2026-03-12 15:25:00"}
{"level":"info","message":"✅ Database connected successfully","timestamp":"2026-03-12 15:25:08"}
{"level":"info","message":"🚀 Decentrashare API Server running on port 3000","timestamp":"2026-03-12 15:25:08"}
{"level":"info","message":"🌍 Environment: Development","timestamp":"2026-03-12 15:25:08"}
{"level":"info","message":"📚 API Documentation: http://localhost:3000/api","timestamp":"2026-03-12 15:25:08"}
{"level":"info","message":"❤️  Health Check: http://localhost:3000/api/health","timestamp":"2026-03-12 15:25:08"}
{"level":"info","message":"✅ Database connected successfully","timestamp":"2026-03-12 15:25:12"}
{"level":"info","message":"🚀 Decentrashare API Server running on port 3000","timestamp":"2026-03-12 15:25:12"}
{"level":"info","message":"🌍 Environment: Development","timestamp":"2026-03-12 15:25:12"}
{"level":"info","message":"📚 API Documentation: http://localhost:3000/api","timestamp":"2026-03-12 15:25:12"}
{"level":"info","message":"❤️  Health Check: http://localhost:3000/api/health","timestamp":"2026-03-12 15:25:12"}
{"ip":"::ffff:127.0.0.1","level":"info","message":"[ujfzp48nq] POST /api/auth/refresh","method":"POST","requestId":"ujfzp48nq","timestamp":"2026-03-12 15:25:25","url":"/api/auth/refresh","userAgent":"insomnia/12.3.1"}
{"level":"error","message":"Unhandled error: invalid signature","name":"JsonWebTokenError","stack":"Error\n    at <anonymous> (/home/dimas/project/decentrashare/backend/node_modules/jsonwebtoken/verify.js:171:23)\n    at getSecret (/home/dimas/project/decentrashare/backend/node_modules/jsonwebtoken/verify.js:97:14)\n    at <anonymous> (/home/dimas/project/decentrashare/backend/node_modules/jsonwebtoken/verify.js:101:10)\n    at <anonymous> (/home/dimas/project/decentrashare/backend/src/modules/auth/auth.service.ts:141:23)\n    at <anonymous> (/home/dimas/project/decentrashare/backend/src/modules/auth/auth.controller.ts:119:26)\n    at handleRequest (/home/dimas/project/decentrashare/backend/node_modules/router/lib/layer.js:152:17)\n    at next (/home/dimas/project/decentrashare/backend/node_modules/router/lib/route.js:157:13)\n    at dispatch (/home/dimas/project/decentrashare/backend/node_modules/router/lib/route.js:117:3)\n    at handle (/home/dimas/project/decentrashare/backend/node_modules/router/index.js:435:11)\n    at handleRequest (/home/dimas/project/decentrashare/backend/node_modules/router/lib/layer.js:152:17)\n    at <anonymous> (/home/dimas/project/decentrashare/backend/node_modules/router/index.js:295:15)\n    at next (/home/dimas/project/decentrashare/backend/node_modules/router/index.js:291:5)\n    at handle (/home/dimas/project/decentrashare/backend/node_modules/router/index.js:186:3)\n    at router (/home/dimas/project/decentrashare/backend/node_modules/router/index.js:60:12)\n    at handleRequest (/home/dimas/project/decentrashare/backend/node_modules/router/lib/layer.js:152:17)\n    at trimPrefix (/home/dimas/project/decentrashare/backend/node_modules/router/index.js:342:13)\n    at <anonymous> (/home/dimas/project/decentrashare/backend/node_modules/router/index.js:297:9)\n    at next (/home/dimas/project/decentrashare/backend/node_modules/router/index.js:291:5)\n    at handle (/home/dimas/project/decentrashare/backend/node_modules/router/index.js:186:3)\n    at router (/home/dimas/project/decentrashare/backend/node_modules/router/index.js:60:12)\n    at handleRequest (/home/dimas/project/decentrashare/backend/node_modules/router/lib/layer.js:152:17)\n    at trimPrefix (/home/dimas/project/decentrashare/backend/node_modules/router/index.js:342:13)\n    at <anonymous> (/home/dimas/project/decentrashare/backend/node_modules/router/index.js:297:9)\n    at next (/home/dimas/project/decentrashare/backend/node_modules/router/index.js:291:5)\n    at requestLogger (/home/dimas/project/decentrashare/backend/src/utils/logger.ts:109:3)\n    at handleRequest (/home/dimas/project/decentrashare/backend/node_modules/router/lib/layer.js:152:17)\n    at trimPrefix (/home/dimas/project/decentrashare/backend/node_modules/router/index.js:342:13)\n    at <anonymous> (/home/dimas/project/decentrashare/backend/node_modules/router/index.js:297:9)\n    at next (/home/dimas/project/decentrashare/backend/node_modules/router/index.js:291:5)\n    at handleRequest (/home/dimas/project/decentrashare/backend/node_modules/router/lib/layer.js:152:17)\n    at trimPrefix (/home/dimas/project/decentrashare/backend/node_modules/router/index.js:342:13)\n    at <anonymous> (/home/dimas/project/decentrashare/backend/node_modules/router/index.js:297:9)\n    at next (/home/dimas/project/decentrashare/backend/node_modules/router/index.js:291:5)\n    at read (/home/dimas/project/decentrashare/backend/node_modules/body-parser/lib/read.js:42:5)\n    at urlencodedParser (/home/dimas/project/decentrashare/backend/node_modules/body-parser/lib/types/urlencoded.js:57:5)\n    at handleRequest (/home/dimas/project/decentrashare/backend/node_modules/router/lib/layer.js:152:17)\n    at trimPrefix (/home/dimas/project/decentrashare/backend/node_modules/router/index.js:342:13)\n    at <anonymous> (/home/dimas/project/decentrashare/backend/node_modules/router/index.js:297:9)\n    at next (/home/dimas/project/decentrashare/backend/node_modules/router/index.js:291:5)\n    at <anonymous> (/home/dimas/project/decentrashare/backend/node_modules/body-parser/lib/read.js:171:5)\n    at runInAsyncScope (node:async_hooks:140:23)\n    at invokeCallback (/home/dimas/project/decentrashare/backend/node_modules/raw-body/index.js:238:16)\n    at done (/home/dimas/project/decentrashare/backend/node_modules/raw-body/index.js:227:7)\n    at onEnd (/home/dimas/project/decentrashare/backend/node_modules/raw-body/index.js:287:7)\n    at emit (node:events:92:22)\n    at endReadableNT (internal:streams/readable:862:50)\n    at processTicksAndRejections (native:7:39)","timestamp":"2026-03-12 15:25:25"}
{"duration":15,"level":"info","message":"[ujfzp48nq] 500 15ms","requestId":"ujfzp48nq","statusCode":500,"timestamp":"2026-03-12 15:25:25"}
{"ip":"::ffff:127.0.0.1","level":"info","message":"[p7x6qp3oz] POST /api/auth/login","method":"POST","requestId":"p7x6qp3oz","timestamp":"2026-03-12 15:25:46","url":"/api/auth/login","userAgent":"insomnia/12.3.1"}
{"level":"error","message":"Unhandled error: Invalid signature","stack":"Error: Invalid signature\n    at <anonymous> (/home/dimas/project/decentrashare/backend/src/modules/auth/auth.service.ts:52:27)\n    at async <anonymous> (/home/dimas/project/decentrashare/backend/src/modules/auth/auth.controller.ts:43:49)\n    at processTicksAndRejections (native:7:39)","timestamp":"2026-03-12 15:25:46"}
{"duration":117,"level":"info","message":"[p7x6qp3oz] 500 117ms","requestId":"p7x6qp3oz","statusCode":500,"timestamp":"2026-03-12 15:25:46"}
{"ip":"::ffff:127.0.0.1","level":"info","message":"[rnv48p1nl] POST /api/auth/login","method":"POST","requestId":"rnv48p1nl","timestamp":"2026-03-12 15:26:07","url":"/api/auth/login","userAgent":"insomnia/12.3.1"}
{"level":"error","message":"Unhandled error: Invalid signature","stack":"Error: Invalid signature\n    at <anonymous> (/home/dimas/project/decentrashare/backend/src/modules/auth/auth.service.ts:52:27)\n    at async <anonymous> (/home/dimas/project/decentrashare/backend/src/modules/auth/auth.controller.ts:43:49)\n    at processTicksAndRejections (native:7:39)","timestamp":"2026-03-12 15:26:07"}
{"duration":12,"level":"info","message":"[rnv48p1nl] 500 12ms","requestId":"rnv48p1nl","statusCode":500,"timestamp":"2026-03-12 15:26:07"}
{"ip":"::ffff:127.0.0.1","level":"info","message":"[uf0asw6j1] POST /api/auth/login","method":"POST","requestId":"uf0asw6j1","timestamp":"2026-03-12 15:26:10","url":"/api/auth/login","userAgent":"insomnia/12.3.1"}
{"level":"error","message":"Unhandled error: Invalid signature","stack":"Error: Invalid signature\n    at <anonymous> (/home/dimas/project/decentrashare/backend/src/modules/auth/auth.service.ts:52:27)\n    at async <anonymous> (/home/dimas/project/decentrashare/backend/src/modules/auth/auth.controller.ts:43:49)\n    at processTicksAndRejections (native:7:39)","timestamp":"2026-03-12 15:26:10"}
{"duration":8,"level":"info","message":"[uf0asw6j1] 500 8ms","requestId":"uf0asw6j1","statusCode":500,"timestamp":"2026-03-12 15:26:10"}
{"ip":"::ffff:127.0.0.1","level":"info","message":"[h5zi0fud7] POST /api/auth/login","method":"POST","requestId":"h5zi0fud7","timestamp":"2026-03-12 15:26:31","url":"/api/auth/login","userAgent":"insomnia/12.3.1"}
{"level":"error","message":"Unhandled error: Invalid signature","stack":"Error: Invalid signature\n    at <anonymous> (/home/dimas/project/decentrashare/backend/src/modules/auth/auth.service.ts:52:27)\n    at async <anonymous> (/home/dimas/project/decentrashare/backend/src/modules/auth/auth.controller.ts:43:49)\n    at processTicksAndRejections (native:7:39)","timestamp":"2026-03-12 15:26:31"}
{"duration":11,"level":"info","message":"[h5zi0fud7] 500 11ms","requestId":"h5zi0fud7","statusCode":500,"timestamp":"2026-03-12 15:26:31"}
{"ip":"::ffff:127.0.0.1","level":"info","message":"[mwb1czvjq] GET /api/auth/nonce/0xeAAdA62fCFbFa9718DfbDca31Caf107322318F91","method":"GET","requestId":"mwb1czvjq","timestamp":"2026-03-12 15:26:35","url":"/api/auth/nonce/0xeAAdA62fCFbFa9718DfbDca31Caf107322318F91","userAgent":"insomnia/12.3.1"}
{"duration":5,"level":"info","message":"[mwb1czvjq] 200 5ms","requestId":"mwb1czvjq","statusCode":200,"timestamp":"2026-03-12 15:26:35"}
{"ip":"::ffff:127.0.0.1","level":"info","message":"[hy6qircvk] POST /api/auth/login","method":"POST","requestId":"hy6qircvk","timestamp":"2026-03-12 15:27:14","url":"/api/auth/login","userAgent":"insomnia/12.3.1"}
{"level":"error","message":"Unhandled error: Nonce expired. Please request a new nonce.","stack":"Error: Nonce expired. Please request a new nonce.\n    at <anonymous> (/home/dimas/project/decentrashare/backend/src/modules/auth/auth.service.ts:46:15)\n    at async <anonymous> (/home/dimas/project/decentrashare/backend/src/modules/auth/auth.controller.ts:43:49)\n    at processTicksAndRejections (native:7:39)","timestamp":"2026-03-12 15:27:14"}
{"duration":5,"level":"info","message":"[hy6qircvk] 500 5ms","requestId":"hy6qircvk","statusCode":500,"timestamp":"2026-03-12 15:27:14"}
{"ip":"::ffff:127.0.0.1","level":"info","message":"[lungfqu3t] POST /api/auth/login","method":"POST","requestId":"lungfqu3t","timestamp":"2026-03-12 15:27:21","url":"/api/auth/login","userAgent":"insomnia/12.3.1"}
{"level":"error","message":"Unhandled error: Nonce expired. Please request a new nonce.","stack":"Error: Nonce expired. Please request a new nonce.\n    at <anonymous> (/home/dimas/project/decentrashare/backend/src/modules/auth/auth.service.ts:46:15)\n    at async <anonymous> (/home/dimas/project/decentrashare/backend/src/modules/auth/auth.controller.ts:43:49)\n    at processTicksAndRejections (native:7:39)","timestamp":"2026-03-12 15:27:21"}
{"duration":6,"level":"info","message":"[lungfqu3t] 500 6ms","requestId":"lungfqu3t","statusCode":500,"timestamp":"2026-03-12 15:27:21"}
{"ip":"::ffff:127.0.0.1","level":"info","message":"[yhsd052s5] GET /api/auth/nonce/0xeAAdA62fCFbFa9718DfbDca31Caf107322318F91","method":"GET","requestId":"yhsd052s5","timestamp":"2026-03-12 15:27:30","url":"/api/auth/nonce/0xeAAdA62fCFbFa9718DfbDca31Caf107322318F91","userAgent":"insomnia/12.3.1"}
{"duration":5,"level":"info","message":"[yhsd052s5] 200 5ms","requestId":"yhsd052s5","statusCode":200,"timestamp":"2026-03-12 15:27:30"}
{"ip":"::ffff:127.0.0.1","level":"info","message":"[fvpncsef2] POST /api/auth/login","method":"POST","requestId":"fvpncsef2","timestamp":"2026-03-12 15:27:35","url":"/api/auth/login","userAgent":"insomnia/12.3.1"}
{"level":"error","message":"Unhandled error: Nonce expired. Please request a new nonce.","stack":"Error: Nonce expired. Please request a new nonce.\n    at <anonymous> (/home/dimas/project/decentrashare/backend/src/modules/auth/auth.service.ts:46:15)\n    at async <anonymous> (/home/dimas/project/decentrashare/backend/src/modules/auth/auth.controller.ts:43:49)\n    at processTicksAndRejections (native:7:39)","timestamp":"2026-03-12 15:27:35"}
{"duration":5,"level":"info","message":"[fvpncsef2] 500 5ms","requestId":"fvpncsef2","statusCode":500,"timestamp":"2026-03-12 15:27:35"}
{"ip":"::ffff:127.0.0.1","level":"info","message":"[9bsow7ue8] POST /api/auth/login","method":"POST","requestId":"9bsow7ue8","timestamp":"2026-03-12 15:27:37","url":"/api/auth/login","userAgent":"insomnia/12.3.1"}
{"level":"error","message":"Unhandled error: Nonce expired. Please request a new nonce.","stack":"Error: Nonce expired. Please request a new nonce.\n    at <anonymous> (/home/dimas/project/decentrashare/backend/src/modules/auth/auth.service.ts:46:15)\n    at async <anonymous> (/home/dimas/project/decentrashare/backend/src/modules/auth/auth.controller.ts:43:49)\n    at processTicksAndRejections (native:7:39)","timestamp":"2026-03-12 15:27:37"}
{"duration":4,"level":"info","message":"[9bsow7ue8] 500 4ms","requestId":"9bsow7ue8","statusCode":500,"timestamp":"2026-03-12 15:27:37"}
{"ip":"::ffff:127.0.0.1","level":"info","message":"[zv2fcx7wy] POST /api/auth/login","method":"POST","requestId":"zv2fcx7wy","timestamp":"2026-03-12 15:27:38","url":"/api/auth/login","userAgent":"insomnia/12.3.1"}
{"level":"error","message":"Unhandled error: Nonce expired. Please request a new nonce.","stack":"Error: Nonce expired. Please request a new nonce.\n    at <anonymous> (/home/dimas/project/decentrashare/backend/src/modules/auth/auth.service.ts:46:15)\n    at async <anonymous> (/home/dimas/project/decentrashare/backend/src/modules/auth/auth.controller.ts:43:49)\n    at processTicksAndRejections (native:7:39)","timestamp":"2026-03-12 15:27:38"}
{"duration":14,"level":"info","message":"[zv2fcx7wy] 500 14ms","requestId":"zv2fcx7wy","statusCode":500,"timestamp":"2026-03-12 15:27:38"}
{"ip":"::ffff:127.0.0.1","level":"info","message":"[hh4enybm6] POST /api/auth/login","method":"POST","requestId":"hh4enybm6","timestamp":"2026-03-12 15:27:54","url":"/api/auth/login","userAgent":"insomnia/12.3.1"}
{"level":"error","message":"Unhandled error: Nonce expired. Please request a new nonce.","stack":"Error: Nonce expired. Please request a new nonce.\n    at <anonymous> (/home/dimas/project/decentrashare/backend/src/modules/auth/auth.service.ts:46:15)\n    at async <anonymous> (/home/dimas/project/decentrashare/backend/src/modules/auth/auth.controller.ts:43:49)\n    at processTicksAndRejections (native:7:39)","timestamp":"2026-03-12 15:27:54"}
{"duration":5,"level":"info","message":"[hh4enybm6] 500 5ms","requestId":"hh4enybm6","statusCode":500,"timestamp":"2026-03-12 15:27:54"}
{"ip":"::ffff:127.0.0.1","level":"info","message":"[n7xwl1rws] GET /api/auth/nonce/0xeAAdA62fCFbFa9718DfbDca31Caf107322318F91","method":"GET","requestId":"n7xwl1rws","timestamp":"2026-03-12 15:29:10","url":"/api/auth/nonce/0xeAAdA62fCFbFa9718DfbDca31Caf107322318F91","userAgent":"insomnia/12.3.1"}
{"duration":5,"level":"info","message":"[n7xwl1rws] 200 5ms","requestId":"n7xwl1rws","statusCode":200,"timestamp":"2026-03-12 15:29:10"}
{"ip":"::ffff:127.0.0.1","level":"info","message":"[t8xn85qzh] POST /api/auth/login","method":"POST","requestId":"t8xn85qzh","timestamp":"2026-03-12 15:29:46","url":"/api/auth/login","userAgent":"insomnia/12.3.1"}
{"level":"error","message":"Unhandled error: Nonce expired. Please request a new nonce.","stack":"Error: Nonce expired. Please request a new nonce.\n    at <anonymous> (/home/dimas/project/decentrashare/backend/src/modules/auth/auth.service.ts:46:15)\n    at async <anonymous> (/home/dimas/project/decentrashare/backend/src/modules/auth/auth.controller.ts:43:49)\n    at processTicksAndRejections (native:7:39)","timestamp":"2026-03-12 15:29:46"}
{"duration":9,"level":"info","message":"[t8xn85qzh] 500 9ms","requestId":"t8xn85qzh","statusCode":500,"timestamp":"2026-03-12 15:29:46"}
{"level":"info","message":"✅ Database connected successfully","timestamp":"2026-03-12 15:30:39"}
{"level":"info","message":"🚀 Decentrashare API Server running on port 3000","timestamp":"2026-03-12 15:30:39"}
{"level":"info","message":"🌍 Environment: Development","timestamp":"2026-03-12 15:30:39"}
{"level":"info","message":"📚 API Documentation: http://localhost:3000/api","timestamp":"2026-03-12 15:30:39"}
{"level":"info","message":"❤️  Health Check: http://localhost:3000/api/health","timestamp":"2026-03-12 15:30:39"}
{"level":"info","message":"SIGINT received, shutting down gracefully...","timestamp":"2026-03-12 15:30:55"}
{"level":"info","message":"HTTP server closed","timestamp":"2026-03-12 15:30:55"}
{"level":"info","message":"SIGINT received, shutting down gracefully...","timestamp":"2026-03-12 15:30:55"}
{"level":"info","message":"HTTP server closed","timestamp":"2026-03-12 15:30:55"}
{"level":"info","message":"✅ Database disconnected successfully","timestamp":"2026-03-12 15:30:55"}
{"level":"info","message":"✅ Database connected successfully","timestamp":"2026-03-12 15:32:36"}
{"level":"info","message":"🚀 Decentrashare API Server running on port 3000","timestamp":"2026-03-12 15:32:36"}
{"level":"info","message":"🌍 Environment: Development","timestamp":"2026-03-12 15:32:36"}
{"level":"info","message":"📚 API Documentation: http://localhost:3000/api","timestamp":"2026-03-12 15:32:36"}
{"level":"info","message":"❤️  Health Check: http://localhost:3000/api/health","timestamp":"2026-03-12 15:32:36"}
{"ip":"::ffff:127.0.0.1","level":"info","message":"[e7o7q5miv] GET /api/auth/nonce/0xeAAdA62fCFbFa9718DfbDca31Caf107322318F91","method":"GET","requestId":"e7o7q5miv","timestamp":"2026-03-12 15:32:39","url":"/api/auth/nonce/0xeAAdA62fCFbFa9718DfbDca31Caf107322318F91","userAgent":"insomnia/12.3.1"}
{"duration":29,"level":"info","message":"[e7o7q5miv] 200 29ms","requestId":"e7o7q5miv","statusCode":200,"timestamp":"2026-03-12 15:32:39"}
{"level":"info","message":"✅ Database connected successfully","timestamp":"2026-03-12 15:34:02"}
{"level":"info","message":"🚀 Decentrashare API Server running on port 3000","timestamp":"2026-03-12 15:34:02"}
{"level":"info","message":"🌍 Environment: Development","timestamp":"2026-03-12 15:34:02"}
{"level":"info","message":"📚 API Documentation: http://localhost:3000/api","timestamp":"2026-03-12 15:34:02"}
{"level":"info","message":"❤️  Health Check: http://localhost:3000/api/health","timestamp":"2026-03-12 15:34:02"}
{"level":"info","message":"✅ Database connected successfully","timestamp":"2026-03-12 15:34:09"}
{"level":"info","message":"🚀 Decentrashare API Server running on port 3000","timestamp":"2026-03-12 15:34:09"}
{"level":"info","message":"🌍 Environment: Development","timestamp":"2026-03-12 15:34:09"}
{"level":"info","message":"📚 API Documentation: http://localhost:3000/api","timestamp":"2026-03-12 15:34:09"}
{"level":"info","message":"❤️  Health Check: http://localhost:3000/api/health","timestamp":"2026-03-12 15:34:09"}
{"ip":"::ffff:127.0.0.1","level":"info","message":"[m7m7rywhr] GET /api/auth/nonce/0xeAAdA62fCFbFa9718DfbDca31Caf107322318F91","method":"GET","requestId":"m7m7rywhr","timestamp":"2026-03-12 15:34:15","url":"/api/auth/nonce/0xeAAdA62fCFbFa9718DfbDca31Caf107322318F91","userAgent":"insomnia/12.3.1"}
{"duration":33,"level":"info","message":"[m7m7rywhr] 200 33ms","requestId":"m7m7rywhr","statusCode":200,"timestamp":"2026-03-12 15:34:15"}
{"ip":"::ffff:127.0.0.1","level":"info","message":"[o6554i7bs] GET /api/auth/nonce/0xeAAdA62fCFbFa9718DfbDca31Caf107322318F91","method":"GET","requestId":"o6554i7bs","timestamp":"2026-03-12 15:34:20","url":"/api/auth/nonce/0xeAAdA62fCFbFa9718DfbDca31Caf107322318F91","userAgent":"insomnia/12.3.1"}
{"duration":10,"level":"info","message":"[o6554i7bs] 200 10ms","requestId":"o6554i7bs","statusCode":200,"timestamp":"2026-03-12 15:34:20"}
{"level":"info","message":"✅ Database connected successfully","timestamp":"2026-03-12 15:35:07"}
{"level":"info","message":"🚀 Decentrashare API Server running on port 3000","timestamp":"2026-03-12 15:35:07"}
{"level":"info","message":"🌍 Environment: Development","timestamp":"2026-03-12 15:35:07"}
{"level":"info","message":"📚 API Documentation: http://localhost:3000/api","timestamp":"2026-03-12 15:35:07"}
{"level":"info","message":"❤️  Health Check: http://localhost:3000/api/health","timestamp":"2026-03-12 15:35:07"}
{"level":"info","message":"✅ Database connected successfully","timestamp":"2026-03-12 15:35:19"}
{"level":"info","message":"🚀 Decentrashare API Server running on port 3000","timestamp":"2026-03-12 15:35:19"}
{"level":"info","message":"🌍 Environment: Development","timestamp":"2026-03-12 15:35:19"}
{"level":"info","message":"📚 API Documentation: http://localhost:3000/api","timestamp":"2026-03-12 15:35:19"}
{"level":"info","message":"❤️  Health Check: http://localhost:3000/api/health","timestamp":"2026-03-12 15:35:19"}
{"ip":"::ffff:127.0.0.1","level":"info","message":"[zzy1y1b5p] GET /api/auth/nonce/0xeAAdA62fCFbFa9718DfbDca31Caf107322318F91","method":"GET","requestId":"zzy1y1b5p","timestamp":"2026-03-12 15:35:25","url":"/api/auth/nonce/0xeAAdA62fCFbFa9718DfbDca31Caf107322318F91","userAgent":"insomnia/12.3.1"}
{"duration":17,"level":"info","message":"[zzy1y1b5p] 200 17ms","requestId":"zzy1y1b5p","statusCode":200,"timestamp":"2026-03-12 15:35:25"}
{"ip":"::ffff:127.0.0.1","level":"info","message":"[rjo657mmx] POST /api/auth/login","method":"POST","requestId":"rjo657mmx","timestamp":"2026-03-12 15:36:11","url":"/api/auth/login","userAgent":"insomnia/12.3.1"}
{"duration":68,"level":"info","message":"[rjo657mmx] 200 68ms","requestId":"rjo657mmx","statusCode":200,"timestamp":"2026-03-12 15:36:11"}
{"ip":"::ffff:127.0.0.1","level":"info","message":"[wlbrjgg2o] POST /api/auth/refresh","method":"POST","requestId":"wlbrjgg2o","timestamp":"2026-03-12 15:36:37","url":"/api/auth/refresh","userAgent":"insomnia/12.3.1"}
{"duration":8,"level":"info","message":"[wlbrjgg2o] 200 8ms","requestId":"wlbrjgg2o","statusCode":200,"timestamp":"2026-03-12 15:36:37"}
{"ip":"::ffff:127.0.0.1","level":"info","message":"[2tg0hw6ct] GET /api/auth/me","method":"GET","requestId":"2tg0hw6ct","timestamp":"2026-03-12 15:38:37","url":"/api/auth/me","userAgent":"insomnia/12.3.1"}
{"expiredAt":"2026-03-12T08:32:00.000Z","level":"error","message":"Auth middleware error: jwt expired","name":"TokenExpiredError","stack":"Error\n    at <anonymous> (/home/dimas/project/decentrashare/backend/node_modules/jsonwebtoken/verify.js:190:25)\n    at getSecret (/home/dimas/project/decentrashare/backend/node_modules/jsonwebtoken/verify.js:97:14)\n    at <anonymous> (/home/dimas/project/decentrashare/backend/node_modules/jsonwebtoken/verify.js:101:10)\n    at authMiddleware (/home/dimas/project/decentrashare/backend/src/middlewares/auth.middleware.ts:28:25)\n    at handleRequest (/home/dimas/project/decentrashare/backend/node_modules/router/lib/layer.js:152:17)\n    at next (/home/dimas/project/decentrashare/backend/node_modules/router/lib/route.js:157:13)\n    at dispatch (/home/dimas/project/decentrashare/backend/node_modules/router/lib/route.js:117:3)\n    at handle (/home/dimas/project/decentrashare/backend/node_modules/router/index.js:435:11)\n    at handleRequest (/home/dimas/project/decentrashare/backend/node_modules/router/lib/layer.js:152:17)\n    at <anonymous> (/home/dimas/project/decentrashare/backend/node_modules/router/index.js:295:15)\n    at next (/home/dimas/project/decentrashare/backend/node_modules/router/index.js:291:5)\n    at handle (/home/dimas/project/decentrashare/backend/node_modules/router/index.js:186:3)\n    at router (/home/dimas/project/decentrashare/backend/node_modules/router/index.js:60:12)\n    at handleRequest (/home/dimas/project/decentrashare/backend/node_modules/router/lib/layer.js:152:17)\n    at trimPrefix (/home/dimas/project/decentrashare/backend/node_modules/router/index.js:342:13)\n    at <anonymous> (/home/dimas/project/decentrashare/backend/node_modules/router/index.js:297:9)\n    at next (/home/dimas/project/decentrashare/backend/node_modules/router/index.js:291:5)\n    at handle (/home/dimas/project/decentrashare/backend/node_modules/router/index.js:186:3)\n    at router (/home/dimas/project/decentrashare/backend/node_modules/router/index.js:60:12)\n    at handleRequest (/home/dimas/project/decentrashare/backend/node_modules/router/lib/layer.js:152:17)\n    at trimPrefix (/home/dimas/project/decentrashare/backend/node_modules/router/index.js:342:13)\n    at <anonymous> (/home/dimas/project/decentrashare/backend/node_modules/router/index.js:297:9)\n    at next (/home/dimas/project/decentrashare/backend/node_modules/router/index.js:291:5)\n    at requestLogger (/home/dimas/project/decentrashare/backend/src/utils/logger.ts:109:3)\n    at handleRequest (/home/dimas/project/decentrashare/backend/node_modules/router/lib/layer.js:152:17)\n    at trimPrefix (/home/dimas/project/decentrashare/backend/node_modules/router/index.js:342:13)\n    at <anonymous> (/home/dimas/project/decentrashare/backend/node_modules/router/index.js:297:9)\n    at next (/home/dimas/project/decentrashare/backend/node_modules/router/index.js:291:5)\n    at handleRequest (/home/dimas/project/decentrashare/backend/node_modules/router/lib/layer.js:152:17)\n    at trimPrefix (/home/dimas/project/decentrashare/backend/node_modules/router/index.js:342:13)\n    at <anonymous> (/home/dimas/project/decentrashare/backend/node_modules/router/index.js:297:9)\n    at next (/home/dimas/project/decentrashare/backend/node_modules/router/index.js:291:5)\n    at read (/home/dimas/project/decentrashare/backend/node_modules/body-parser/lib/read.js:53:5)\n    at urlencodedParser (/home/dimas/project/decentrashare/backend/node_modules/body-parser/lib/types/urlencoded.js:57:5)\n    at handleRequest (/home/dimas/project/decentrashare/backend/node_modules/router/lib/layer.js:152:17)\n    at trimPrefix (/home/dimas/project/decentrashare/backend/node_modules/router/index.js:342:13)\n    at <anonymous> (/home/dimas/project/decentrashare/backend/node_modules/router/index.js:297:9)\n    at next (/home/dimas/project/decentrashare/backend/node_modules/router/index.js:291:5)\n    at read (/home/dimas/project/decentrashare/backend/node_modules/body-parser/lib/read.js:53:5)\n    at jsonParser (/home/dimas/project/decentrashare/backend/node_modules/body-parser/lib/types/json.js:88:5)\n    at handleRequest (/home/dimas/project/decentrashare/backend/node_modules/router/lib/layer.js:152:17)\n    at trimPrefix (/home/dimas/project/decentrashare/backend/node_modules/router/index.js:342:13)\n    at <anonymous> (/home/dimas/project/decentrashare/backend/node_modules/router/index.js:297:9)\n    at next (/home/dimas/project/decentrashare/backend/node_modules/router/index.js:291:5)\n    at <anonymous> (/home/dimas/project/decentrashare/backend/node_modules/express-rate-limit/dist/index.mjs:779:7)\n    at processTicksAndRejections (native:7:39)","timestamp":"2026-03-12 15:38:37"}
{"duration":4,"level":"info","message":"[2tg0hw6ct] 401 4ms","requestId":"2tg0hw6ct","statusCode":401,"timestamp":"2026-03-12 15:38:37"}
{"ip":"::ffff:127.0.0.1","level":"info","message":"[ttn4iwr9o] GET /api/auth/me","method":"GET","requestId":"ttn4iwr9o","timestamp":"2026-03-12 15:38:58","url":"/api/auth/me","userAgent":"insomnia/12.3.1"}
{"level":"error","message":"Auth middleware error: invalid token","name":"JsonWebTokenError","stack":"Error\n    at <anonymous> (/home/dimas/project/decentrashare/backend/node_modules/jsonwebtoken/verify.js:82:21)\n    at authMiddleware (/home/dimas/project/decentrashare/backend/src/middlewares/auth.middleware.ts:28:25)\n    at handleRequest (/home/dimas/project/decentrashare/backend/node_modules/router/lib/layer.js:152:17)\n    at next (/home/dimas/project/decentrashare/backend/node_modules/router/lib/route.js:157:13)\n    at dispatch (/home/dimas/project/decentrashare/backend/node_modules/router/lib/route.js:117:3)\n    at handle (/home/dimas/project/decentrashare/backend/node_modules/router/index.js:435:11)\n    at handleRequest (/home/dimas/project/decentrashare/backend/node_modules/router/lib/layer.js:152:17)\n    at <anonymous> (/home/dimas/project/decentrashare/backend/node_modules/router/index.js:295:15)\n    at next (/home/dimas/project/decentrashare/backend/node_modules/router/index.js:291:5)\n    at handle (/home/dimas/project/decentrashare/backend/node_modules/router/index.js:186:3)\n    at router (/home/dimas/project/decentrashare/backend/node_modules/router/index.js:60:12)\n    at handleRequest (/home/dimas/project/decentrashare/backend/node_modules/router/lib/layer.js:152:17)\n    at trimPrefix (/home/dimas/project/decentrashare/backend/node_modules/router/index.js:342:13)\n    at <anonymous> (/home/dimas/project/decentrashare/backend/node_modules/router/index.js:297:9)\n    at next (/home/dimas/project/decentrashare/backend/node_modules/router/index.js:291:5)\n    at handle (/home/dimas/project/decentrashare/backend/node_modules/router/index.js:186:3)\n    at router (/home/dimas/project/decentrashare/backend/node_modules/router/index.js:60:12)\n    at handleRequest (/home/dimas/project/decentrashare/backend/node_modules/router/lib/layer.js:152:17)\n    at trimPrefix (/home/dimas/project/decentrashare/backend/node_modules/router/index.js:342:13)\n    at <anonymous> (/home/dimas/project/decentrashare/backend/node_modules/router/index.js:297:9)\n    at next (/home/dimas/project/decentrashare/backend/node_modules/router/index.js:291:5)\n    at requestLogger (/home/dimas/project/decentrashare/backend/src/utils/logger.ts:109:3)\n    at handleRequest (/home/dimas/project/decentrashare/backend/node_modules/router/lib/layer.js:152:17)\n    at trimPrefix (/home/dimas/project/decentrashare/backend/node_modules/router/index.js:342:13)\n    at <anonymous> (/home/dimas/project/decentrashare/backend/node_modules/router/index.js:297:9)\n    at next (/home/dimas/project/decentrashare/backend/node_modules/router/index.js:291:5)\n    at handleRequest (/home/dimas/project/decentrashare/backend/node_modules/router/lib/layer.js:152:17)\n    at trimPrefix (/home/dimas/project/decentrashare/backend/node_modules/router/index.js:342:13)\n    at <anonymous> (/home/dimas/project/decentrashare/backend/node_modules/router/index.js:297:9)\n    at next (/home/dimas/project/decentrashare/backend/node_modules/router/index.js:291:5)\n    at read (/home/dimas/project/decentrashare/backend/node_modules/body-parser/lib/read.js:53:5)\n    at urlencodedParser (/home/dimas/project/decentrashare/backend/node_modules/body-parser/lib/types/urlencoded.js:57:5)\n    at handleRequest (/home/dimas/project/decentrashare/backend/node_modules/router/lib/layer.js:152:17)\n    at trimPrefix (/home/dimas/project/decentrashare/backend/node_modules/router/index.js:342:13)\n    at <anonymous> (/home/dimas/project/decentrashare/backend/node_modules/router/index.js:297:9)\n    at next (/home/dimas/project/decentrashare/backend/node_modules/router/index.js:291:5)\n    at read (/home/dimas/project/decentrashare/backend/node_modules/body-parser/lib/read.js:53:5)\n    at jsonParser (/home/dimas/project/decentrashare/backend/node_modules/body-parser/lib/types/json.js:88:5)\n    at handleRequest (/home/dimas/project/decentrashare/backend/node_modules/router/lib/layer.js:152:17)\n    at trimPrefix (/home/dimas/project/decentrashare/backend/node_modules/router/index.js:342:13)\n    at <anonymous> (/home/dimas/project/decentrashare/backend/node_modules/router/index.js:297:9)\n    at next (/home/dimas/project/decentrashare/backend/node_modules/router/index.js:291:5)\n    at <anonymous> (/home/dimas/project/decentrashare/backend/node_modules/express-rate-limit/dist/index.mjs:779:7)\n    at processTicksAndRejections (native:7:39)","timestamp":"2026-03-12 15:38:58"}
{"duration":2,"level":"info","message":"[ttn4iwr9o] 401 2ms","requestId":"ttn4iwr9o","statusCode":401,"timestamp":"2026-03-12 15:38:58"}
{"ip":"::ffff:127.0.0.1","level":"info","message":"[p1jkxaxry] GET /api/auth/me","method":"GET","requestId":"p1jkxaxry","timestamp":"2026-03-12 15:38:59","url":"/api/auth/me","userAgent":"insomnia/12.3.1"}
{"level":"error","message":"Auth middleware error: invalid token","name":"JsonWebTokenError","stack":"Error\n    at <anonymous> (/home/dimas/project/decentrashare/backend/node_modules/jsonwebtoken/verify.js:82:21)\n    at authMiddleware (/home/dimas/project/decentrashare/backend/src/middlewares/auth.middleware.ts:28:25)\n    at handleRequest (/home/dimas/project/decentrashare/backend/node_modules/router/lib/layer.js:152:17)\n    at next (/home/dimas/project/decentrashare/backend/node_modules/router/lib/route.js:157:13)\n    at dispatch (/home/dimas/project/decentrashare/backend/node_modules/router/lib/route.js:117:3)\n    at handle (/home/dimas/project/decentrashare/backend/node_modules/router/index.js:435:11)\n    at handleRequest (/home/dimas/project/decentrashare/backend/node_modules/router/lib/layer.js:152:17)\n    at <anonymous> (/home/dimas/project/decentrashare/backend/node_modules/router/index.js:295:15)\n    at next (/home/dimas/project/decentrashare/backend/node_modules/router/index.js:291:5)\n    at handle (/home/dimas/project/decentrashare/backend/node_modules/router/index.js:186:3)\n    at router (/home/dimas/project/decentrashare/backend/node_modules/router/index.js:60:12)\n    at handleRequest (/home/dimas/project/decentrashare/backend/node_modules/router/lib/layer.js:152:17)\n    at trimPrefix (/home/dimas/project/decentrashare/backend/node_modules/router/index.js:342:13)\n    at <anonymous> (/home/dimas/project/decentrashare/backend/node_modules/router/index.js:297:9)\n    at next (/home/dimas/project/decentrashare/backend/node_modules/router/index.js:291:5)\n    at handle (/home/dimas/project/decentrashare/backend/node_modules/router/index.js:186:3)\n    at router (/home/dimas/project/decentrashare/backend/node_modules/router/index.js:60:12)\n    at handleRequest (/home/dimas/project/decentrashare/backend/node_modules/router/lib/layer.js:152:17)\n    at trimPrefix (/home/dimas/project/decentrashare/backend/node_modules/router/index.js:342:13)\n    at <anonymous> (/home/dimas/project/decentrashare/backend/node_modules/router/index.js:297:9)\n    at next (/home/dimas/project/decentrashare/backend/node_modules/router/index.js:291:5)\n    at requestLogger (/home/dimas/project/decentrashare/backend/src/utils/logger.ts:109:3)\n    at handleRequest (/home/dimas/project/decentrashare/backend/node_modules/router/lib/layer.js:152:17)\n    at trimPrefix (/home/dimas/project/decentrashare/backend/node_modules/router/index.js:342:13)\n    at <anonymous> (/home/dimas/project/decentrashare/backend/node_modules/router/index.js:297:9)\n    at next (/home/dimas/project/decentrashare/backend/node_modules/router/index.js:291:5)\n    at handleRequest (/home/dimas/project/decentrashare/backend/node_modules/router/lib/layer.js:152:17)\n    at trimPrefix (/home/dimas/project/decentrashare/backend/node_modules/router/index.js:342:13)\n    at <anonymous> (/home/dimas/project/decentrashare/backend/node_modules/router/index.js:297:9)\n    at next (/home/dimas/project/decentrashare/backend/node_modules/router/index.js:291:5)\n    at read (/home/dimas/project/decentrashare/backend/node_modules/body-parser/lib/read.js:53:5)\n    at urlencodedParser (/home/dimas/project/decentrashare/backend/node_modules/body-parser/lib/types/urlencoded.js:57:5)\n    at handleRequest (/home/dimas/project/decentrashare/backend/node_modules/router/lib/layer.js:152:17)\n    at trimPrefix (/home/dimas/project/decentrashare/backend/node_modules/router/index.js:342:13)\n    at <anonymous> (/home/dimas/project/decentrashare/backend/node_modules/router/index.js:297:9)\n    at next (/home/dimas/project/decentrashare/backend/node_modules/router/index.js:291:5)\n    at read (/home/dimas/project/decentrashare/backend/node_modules/body-parser/lib/read.js:53:5)\n    at jsonParser (/home/dimas/project/decentrashare/backend/node_modules/body-parser/lib/types/json.js:88:5)\n    at handleRequest (/home/dimas/project/decentrashare/backend/node_modules/router/lib/layer.js:152:17)\n    at trimPrefix (/home/dimas/project/decentrashare/backend/node_modules/router/index.js:342:13)\n    at <anonymous> (/home/dimas/project/decentrashare/backend/node_modules/router/index.js:297:9)\n    at next (/home/dimas/project/decentrashare/backend/node_modules/router/index.js:291:5)\n    at <anonymous> (/home/dimas/project/decentrashare/backend/node_modules/express-rate-limit/dist/index.mjs:779:7)\n    at processTicksAndRejections (native:7:39)","timestamp":"2026-03-12 15:38:59"}
{"duration":5,"level":"info","message":"[p1jkxaxry] 401 5ms","requestId":"p1jkxaxry","statusCode":401,"timestamp":"2026-03-12 15:38:59"}
{"ip":"::ffff:127.0.0.1","level":"info","message":"[laed43exl] POST /api/auth/login","method":"POST","requestId":"laed43exl","timestamp":"2026-03-12 15:39:04","url":"/api/auth/login","userAgent":"insomnia/12.3.1"}
{"level":"error","message":"Unhandled error: Invalid signature","stack":"Error: Invalid signature\n    at <anonymous> (/home/dimas/project/decentrashare/backend/src/modules/auth/auth.service.ts:60:27)\n    at async <anonymous> (/home/dimas/project/decentrashare/backend/src/modules/auth/auth.controller.ts:36:49)\n    at processTicksAndRejections (native:7:39)","timestamp":"2026-03-12 15:39:04"}
{"duration":11,"level":"info","message":"[laed43exl] 500 11ms","requestId":"laed43exl","statusCode":500,"timestamp":"2026-03-12 15:39:04"}
{"ip":"::ffff:127.0.0.1","level":"info","message":"[gnxhbhmuu] GET /api/auth/nonce/0xeAAdA62fCFbFa9718DfbDca31Caf107322318F91","method":"GET","requestId":"gnxhbhmuu","timestamp":"2026-03-12 15:39:15","url":"/api/auth/nonce/0xeAAdA62fCFbFa9718DfbDca31Caf107322318F91","userAgent":"insomnia/12.3.1"}
{"duration":10,"level":"info","message":"[gnxhbhmuu] 200 10ms","requestId":"gnxhbhmuu","statusCode":200,"timestamp":"2026-03-12 15:39:15"}
{"level":"info","message":"✅ Database connected successfully","timestamp":"2026-03-12 15:45:52"}
{"level":"info","message":"🚀 Decentrashare API Server running on port 3000","timestamp":"2026-03-12 15:45:52"}
{"level":"info","message":"🌍 Environment: Development","timestamp":"2026-03-12 15:45:52"}
{"level":"info","message":"📚 API Documentation: http://localhost:3000/api","timestamp":"2026-03-12 15:45:52"}
{"level":"info","message":"❤️  Health Check: http://localhost:3000/api/health","timestamp":"2026-03-12 15:45:52"}
{"ip":"::ffff:127.0.0.1","level":"info","message":"[ch8cd6uu2] GET /api/auth/nonce/0xeAAdA62fCFbFa9718DfbDca31Caf107322318F91","method":"GET","requestId":"ch8cd6uu2","timestamp":"2026-03-12 15:45:58","url":"/api/auth/nonce/0xeAAdA62fCFbFa9718DfbDca31Caf107322318F91","userAgent":"insomnia/12.3.1"}
{"duration":47,"level":"info","message":"[ch8cd6uu2] 200 47ms","requestId":"ch8cd6uu2","statusCode":200,"timestamp":"2026-03-12 15:45:58"}
{"ip":"::ffff:127.0.0.1","level":"info","message":"[dlmqi8mz5] POST /api/auth/login","method":"POST","requestId":"dlmqi8mz5","timestamp":"2026-03-12 15:46:22","url":"/api/auth/login","userAgent":"insomnia/12.3.1"}
{"duration":95,"level":"info","message":"[dlmqi8mz5] 200 95ms","requestId":"dlmqi8mz5","statusCode":200,"timestamp":"2026-03-12 15:46:22"}
{"level":"info","message":"✅ Database connected successfully","timestamp":"2026-03-12 15:51:20"}
{"level":"info","message":"🚀 Decentrashare API Server running on port 3000","timestamp":"2026-03-12 15:51:20"}
{"level":"info","message":"🌍 Environment: Development","timestamp":"2026-03-12 15:51:20"}
{"level":"info","message":"📚 API Documentation: http://localhost:3000/api","timestamp":"2026-03-12 15:51:20"}
{"level":"info","message":"❤️  Health Check: http://localhost:3000/api/health","timestamp":"2026-03-12 15:51:20"}
{"level":"info","message":"✅ Database connected successfully","timestamp":"2026-03-12 15:51:58"}
{"level":"info","message":"🚀 Decentrashare API Server running on port 3000","timestamp":"2026-03-12 15:51:58"}
{"level":"info","message":"🌍 Environment: Development","timestamp":"2026-03-12 15:51:58"}
{"level":"info","message":"📚 API Documentation: http://localhost:3000/api","timestamp":"2026-03-12 15:51:58"}
{"level":"info","message":"❤️  Health Check: http://localhost:3000/api/health","timestamp":"2026-03-12 15:51:58"}
{"level":"info","message":"✅ Database connected successfully","timestamp":"2026-03-12 15:52:20"}
{"level":"info","message":"🚀 Decentrashare API Server running on port 3000","timestamp":"2026-03-12 15:52:20"}
{"level":"info","message":"🌍 Environment: Development","timestamp":"2026-03-12 15:52:20"}
{"level":"info","message":"📚 API Documentation: http://localhost:3000/api","timestamp":"2026-03-12 15:52:20"}
{"level":"info","message":"❤️  Health Check: http://localhost:3000/api/health","timestamp":"2026-03-12 15:52:20"}
{"ip":"::ffff:127.0.0.1","level":"info","message":"[50gfl6lyb] POST /api/auth/login","method":"POST","requestId":"50gfl6lyb","timestamp":"2026-03-12 15:52:29","url":"/api/auth/login","userAgent":"insomnia/12.3.1"}
{"level":"error","message":"Unhandled error: Invalid signature","stack":"Error: Invalid signature\n    at <anonymous> (/home/dimas/project/decentrashare/backend/src/modules/auth/auth.service.ts:60:27)\n    at async <anonymous> (/home/dimas/project/decentrashare/backend/src/modules/auth/auth.controller.ts:36:49)\n    at processTicksAndRejections (native:7:39)","timestamp":"2026-03-12 15:52:29"}
{"duration":92,"level":"info","message":"[50gfl6lyb] 500 92ms","requestId":"50gfl6lyb","statusCode":500,"timestamp":"2026-03-12 15:52:29"}
{"ip":"::ffff:127.0.0.1","level":"info","message":"[j3w3qs2ks] POST /api/auth/login","method":"POST","requestId":"j3w3qs2ks","timestamp":"2026-03-12 15:52:31","url":"/api/auth/login","userAgent":"insomnia/12.3.1"}
{"level":"error","message":"Unhandled error: Invalid signature","stack":"Error: Invalid signature\n    at <anonymous> (/home/dimas/project/decentrashare/backend/src/modules/auth/auth.service.ts:60:27)\n    at async <anonymous> (/home/dimas/project/decentrashare/backend/src/modules/auth/auth.controller.ts:36:49)\n    at processTicksAndRejections (native:7:39)","timestamp":"2026-03-12 15:52:31"}
{"duration":13,"level":"info","message":"[j3w3qs2ks] 500 13ms","requestId":"j3w3qs2ks","statusCode":500,"timestamp":"2026-03-12 15:52:31"}
{"ip":"::ffff:127.0.0.1","level":"info","message":"[emui2yq69] GET /api/auth/nonce/0xeAAdA62fCFbFa9718DfbDca31Caf107322318F91","method":"GET","requestId":"emui2yq69","timestamp":"2026-03-12 15:52:34","url":"/api/auth/nonce/0xeAAdA62fCFbFa9718DfbDca31Caf107322318F91","userAgent":"insomnia/12.3.1"}
{"duration":9,"level":"info","message":"[emui2yq69] 200 9ms","requestId":"emui2yq69","statusCode":200,"timestamp":"2026-03-12 15:52:34"}
{"ip":"::ffff:127.0.0.1","level":"info","message":"[io58j7lbs] POST /api/auth/login","method":"POST","requestId":"io58j7lbs","timestamp":"2026-03-12 15:53:05","url":"/api/auth/login","userAgent":"insomnia/12.3.1"}
{"duration":269,"level":"info","message":"[io58j7lbs] 200 269ms","requestId":"io58j7lbs","statusCode":200,"timestamp":"2026-03-12 15:53:05"}
{"ip":"::ffff:127.0.0.1","level":"info","message":"[zm2dwonlh] GET /api/auth/me","method":"GET","requestId":"zm2dwonlh","timestamp":"2026-03-12 15:55:25","url":"/api/auth/me","userAgent":"insomnia/12.3.1"}
{"duration":13,"level":"info","message":"[zm2dwonlh] 200 13ms","requestId":"zm2dwonlh","statusCode":200,"timestamp":"2026-03-12 15:55:25"}
{"ip":"::ffff:127.0.0.1","level":"info","message":"[93py3q3s0] GET /api/auth/logout","method":"GET","requestId":"93py3q3s0","timestamp":"2026-03-12 15:55:39","url":"/api/auth/logout","userAgent":"insomnia/12.3.1"}
{"duration":2,"level":"info","message":"[93py3q3s0] 404 2ms","requestId":"93py3q3s0","statusCode":404,"timestamp":"2026-03-12 15:55:39"}
{"ip":"::ffff:127.0.0.1","level":"info","message":"[vsg1tj712] POST /api/auth/logout","method":"POST","requestId":"vsg1tj712","timestamp":"2026-03-12 15:56:02","url":"/api/auth/logout","userAgent":"insomnia/12.3.1"}
{"duration":9,"level":"info","message":"[vsg1tj712] 200 9ms","requestId":"vsg1tj712","statusCode":200,"timestamp":"2026-03-12 15:56:02"}
{"ip":"::ffff:127.0.0.1","level":"info","message":"[2943koo5d] GET /api/auth/me","method":"GET","requestId":"2943koo5d","timestamp":"2026-03-12 15:56:09","url":"/api/auth/me","userAgent":"insomnia/12.3.1"}
{"duration":6,"level":"info","message":"[2943koo5d] 200 6ms","requestId":"2943koo5d","statusCode":200,"timestamp":"2026-03-12 15:56:09"}
{"ip":"::ffff:127.0.0.1","level":"info","message":"[f9aht99t8] GET /api/auth/me","method":"GET","requestId":"f9aht99t8","timestamp":"2026-03-12 15:56:10","url":"/api/auth/me","userAgent":"insomnia/12.3.1"}
{"duration":4,"level":"info","message":"[f9aht99t8] 200 4ms","requestId":"f9aht99t8","statusCode":200,"timestamp":"2026-03-12 15:56:10"}
{"ip":"::ffff:127.0.0.1","level":"info","message":"[escx3btfm] GET /api/auth/me","method":"GET","requestId":"escx3btfm","timestamp":"2026-03-12 15:56:12","url":"/api/auth/me","userAgent":"insomnia/12.3.1"}
{"duration":13,"level":"info","message":"[escx3btfm] 200 13ms","requestId":"escx3btfm","statusCode":200,"timestamp":"2026-03-12 15:56:12"}
{"level":"info","message":"✅ Database connected successfully","timestamp":"2026-03-12 16:02:53"}
{"level":"info","message":"🚀 Decentrashare API Server running on port 3000","timestamp":"2026-03-12 16:02:53"}
{"level":"info","message":"🌍 Environment: Development","timestamp":"2026-03-12 16:02:53"}
{"level":"info","message":"📚 API Documentation: http://localhost:3000/api","timestamp":"2026-03-12 16:02:53"}
{"level":"info","message":"❤️  Health Check: http://localhost:3000/api/health","timestamp":"2026-03-12 16:02:53"}
{"level":"info","message":"✅ Database connected successfully","timestamp":"2026-03-12 16:03:05"}
{"level":"info","message":"🚀 Decentrashare API Server running on port 3000","timestamp":"2026-03-12 16:03:05"}
{"level":"info","message":"🌍 Environment: Development","timestamp":"2026-03-12 16:03:05"}
{"level":"info","message":"📚 API Documentation: http://localhost:3000/api","timestamp":"2026-03-12 16:03:05"}
{"level":"info","message":"❤️  Health Check: http://localhost:3000/api/health","timestamp":"2026-03-12 16:03:05"}
{"ip":"::ffff:127.0.0.1","level":"info","message":"[fwh3jn519] GET /api/auth/me","method":"GET","requestId":"fwh3jn519","timestamp":"2026-03-12 16:03:26","url":"/api/auth/me","userAgent":"insomnia/12.3.1"}
{"duration":15,"level":"info","message":"[fwh3jn519] 401 15ms","requestId":"fwh3jn519","statusCode":401,"timestamp":"2026-03-12 16:03:26"}
{"ip":"::ffff:127.0.0.1","level":"info","message":"[118i5cukc] GET /api/auth/nonce/0xeAAdA62fCFbFa9718DfbDca31Caf107322318F91","method":"GET","requestId":"118i5cukc","timestamp":"2026-03-12 16:03:32","url":"/api/auth/nonce/0xeAAdA62fCFbFa9718DfbDca31Caf107322318F91","userAgent":"insomnia/12.3.1"}
{"duration":12,"level":"info","message":"[118i5cukc] 200 12ms","requestId":"118i5cukc","statusCode":200,"timestamp":"2026-03-12 16:03:32"}
{"ip":"::ffff:127.0.0.1","level":"info","message":"[8yve53fiz] POST /api/auth/login","method":"POST","requestId":"8yve53fiz","timestamp":"2026-03-12 16:04:04","url":"/api/auth/login","userAgent":"insomnia/12.3.1"}
{"duration":103,"level":"info","message":"[8yve53fiz] 200 103ms","requestId":"8yve53fiz","statusCode":200,"timestamp":"2026-03-12 16:04:04"}
{"ip":"::ffff:127.0.0.1","level":"info","message":"[m7545ipyg] GET /api/auth/me","method":"GET","requestId":"m7545ipyg","timestamp":"2026-03-12 16:04:17","url":"/api/auth/me","userAgent":"insomnia/12.3.1"}
{"duration":11,"level":"info","message":"[m7545ipyg] 200 11ms","requestId":"m7545ipyg","statusCode":200,"timestamp":"2026-03-12 16:04:17"}
{"ip":"::ffff:127.0.0.1","level":"info","message":"[68ghzhjz7] POST /api/auth/logout","method":"POST","requestId":"68ghzhjz7","timestamp":"2026-03-12 16:04:24","url":"/api/auth/logout","userAgent":"insomnia/12.3.1"}
{"duration":12,"level":"info","message":"[68ghzhjz7] 200 12ms","requestId":"68ghzhjz7","statusCode":200,"timestamp":"2026-03-12 16:04:24"}
{"ip":"::ffff:127.0.0.1","level":"info","message":"[xhg3on9ip] GET /api/auth/me","method":"GET","requestId":"xhg3on9ip","timestamp":"2026-03-12 16:04:28","url":"/api/auth/me","userAgent":"insomnia/12.3.1"}
{"duration":10,"level":"info","message":"[xhg3on9ip] 401 10ms","requestId":"xhg3on9ip","statusCode":401,"timestamp":"2026-03-12 16:04:28"}
{"ip":"::ffff:127.0.0.1","level":"info","message":"[73jltfqpb] GET /api/auth/nonce/0xeAAdA62fCFbFa9718DfbDca31Caf107322318F91","method":"GET","requestId":"73jltfqpb","timestamp":"2026-03-12 16:22:52","url":"/api/auth/nonce/0xeAAdA62fCFbFa9718DfbDca31Caf107322318F91","userAgent":"insomnia/12.3.1"}
{"duration":20,"level":"info","message":"[73jltfqpb] 200 20ms","requestId":"73jltfqpb","statusCode":200,"timestamp":"2026-03-12 16:22:52"}
{"ip":"::ffff:127.0.0.1","level":"info","message":"[j7z0abxoa] GET /api/auth/nonce/0xeAAdA62fCFbFa9718DfbDca31Caf107322318F91","method":"GET","requestId":"j7z0abxoa","timestamp":"2026-03-12 16:22:53","url":"/api/auth/nonce/0xeAAdA62fCFbFa9718DfbDca31Caf107322318F91","userAgent":"insomnia/12.3.1"}
{"duration":8,"level":"info","message":"[j7z0abxoa] 200 8ms","requestId":"j7z0abxoa","statusCode":200,"timestamp":"2026-03-12 16:22:53"}
{"ip":"::ffff:127.0.0.1","level":"info","message":"[vhaubtcyy] GET /api/auth/nonce/0xeAAdA62fCFbFa9718DfbDca31Caf107322318F91","method":"GET","requestId":"vhaubtcyy","timestamp":"2026-03-12 16:22:54","url":"/api/auth/nonce/0xeAAdA62fCFbFa9718DfbDca31Caf107322318F91","userAgent":"insomnia/12.3.1"}
{"duration":8,"level":"info","message":"[vhaubtcyy] 200 8ms","requestId":"vhaubtcyy","statusCode":200,"timestamp":"2026-03-12 16:22:54"}
{"level":"info","message":"✅ Database connected successfully","timestamp":"2026-03-12 16:25:36"}
{"level":"info","message":"🚀 Decentrashare API Server running on port 3000","timestamp":"2026-03-12 16:25:36"}
{"level":"info","message":"🌍 Environment: Development","timestamp":"2026-03-12 16:25:36"}
{"level":"info","message":"📚 API Documentation: http://localhost:3000/api","timestamp":"2026-03-12 16:25:36"}
{"level":"info","message":"❤️  Health Check: http://localhost:3000/api/health","timestamp":"2026-03-12 16:25:36"}
{"level":"info","message":"✅ Database connected successfully","timestamp":"2026-03-12 16:26:16"}
{"level":"info","message":"🚀 Decentrashare API Server running on port 3000","timestamp":"2026-03-12 16:26:16"}
{"level":"info","message":"🌍 Environment: Development","timestamp":"2026-03-12 16:26:16"}
{"level":"info","message":"📚 API Documentation: http://localhost:3000/api","timestamp":"2026-03-12 16:26:16"}
{"level":"info","message":"❤️  Health Check: http://localhost:3000/api/health","timestamp":"2026-03-12 16:26:16"}
{"ip":"::ffff:127.0.0.1","level":"info","message":"[vu14pcmjc] GET /api/auth/nonce/0xeAAdA62fCFbFa9718DfbDca31Caf107322318F91","method":"GET","requestId":"vu14pcmjc","timestamp":"2026-03-12 16:26:29","url":"/api/auth/nonce/0xeAAdA62fCFbFa9718DfbDca31Caf107322318F91","userAgent":"insomnia/12.3.1"}
{"duration":34,"level":"info","message":"[vu14pcmjc] 200 34ms","requestId":"vu14pcmjc","statusCode":200,"timestamp":"2026-03-12 16:26:29"}
{"ip":"::ffff:127.0.0.1","level":"info","message":"[86tcbl38k] POST /api/auth/register","method":"POST","requestId":"86tcbl38k","timestamp":"2026-03-12 16:27:08","url":"/api/auth/register","userAgent":"insomnia/12.3.1"}
{"level":"error","message":"Unhandled error: User already registered.","stack":"Error: User already registered.\n    at <anonymous> (/home/dimas/project/decentrashare/backend/src/modules/auth/auth.service.ts:87:36)\n    at async <anonymous> (/home/dimas/project/decentrashare/backend/src/modules/auth/auth.controller.ts:66:26)\n    at processTicksAndRejections (native:7:39)","timestamp":"2026-03-12 16:27:08"}
{"duration":9,"level":"info","message":"[86tcbl38k] 500 9ms","requestId":"86tcbl38k","statusCode":500,"timestamp":"2026-03-12 16:27:08"}
{"ip":"::ffff:127.0.0.1","level":"info","message":"[qrdzpxsyx] POST /api/auth/login","method":"POST","requestId":"qrdzpxsyx","timestamp":"2026-03-12 16:27:17","url":"/api/auth/login","userAgent":"insomnia/12.3.1"}
{"duration":81,"level":"info","message":"[qrdzpxsyx] 200 81ms","requestId":"qrdzpxsyx","statusCode":200,"timestamp":"2026-03-12 16:27:17"}
{"ip":"::ffff:127.0.0.1","level":"info","message":"[3ohf9d3bv] GET /api/auth/me","method":"GET","requestId":"3ohf9d3bv","timestamp":"2026-03-12 16:27:31","url":"/api/auth/me","userAgent":"insomnia/12.3.1"}
{"duration":15,"level":"info","message":"[3ohf9d3bv] 200 15ms","requestId":"3ohf9d3bv","statusCode":200,"timestamp":"2026-03-12 16:27:31"}
{"ip":"::ffff:127.0.0.1","level":"info","message":"[vxrsk6mlr] POST /api/auth/refresh","method":"POST","requestId":"vxrsk6mlr","timestamp":"2026-03-12 16:28:07","url":"/api/auth/refresh","userAgent":"insomnia/12.3.1"}
{"level":"error","message":"Unhandled error: invalid signature","name":"JsonWebTokenError","stack":"Error\n    at <anonymous> (/home/dimas/project/decentrashare/backend/node_modules/jsonwebtoken/verify.js:171:23)\n    at getSecret (/home/dimas/project/decentrashare/backend/node_modules/jsonwebtoken/verify.js:97:14)\n    at <anonymous> (/home/dimas/project/decentrashare/backend/node_modules/jsonwebtoken/verify.js:101:10)\n    at <anonymous> (/home/dimas/project/decentrashare/backend/src/modules/auth/auth.service.ts:122:23)\n    at <anonymous> (/home/dimas/project/decentrashare/backend/src/modules/auth/auth.controller.ts:121:26)\n    at handleRequest (/home/dimas/project/decentrashare/backend/node_modules/router/lib/layer.js:152:17)\n    at next (/home/dimas/project/decentrashare/backend/node_modules/router/lib/route.js:157:13)\n    at dispatch (/home/dimas/project/decentrashare/backend/node_modules/router/lib/route.js:117:3)\n    at handle (/home/dimas/project/decentrashare/backend/node_modules/router/index.js:435:11)\n    at handleRequest (/home/dimas/project/decentrashare/backend/node_modules/router/lib/layer.js:152:17)\n    at <anonymous> (/home/dimas/project/decentrashare/backend/node_modules/router/index.js:295:15)\n    at next (/home/dimas/project/decentrashare/backend/node_modules/router/index.js:291:5)\n    at handle (/home/dimas/project/decentrashare/backend/node_modules/router/index.js:186:3)\n    at router (/home/dimas/project/decentrashare/backend/node_modules/router/index.js:60:12)\n    at handleRequest (/home/dimas/project/decentrashare/backend/node_modules/router/lib/layer.js:152:17)\n    at trimPrefix (/home/dimas/project/decentrashare/backend/node_modules/router/index.js:342:13)\n    at <anonymous> (/home/dimas/project/decentrashare/backend/node_modules/router/index.js:297:9)\n    at next (/home/dimas/project/decentrashare/backend/node_modules/router/index.js:291:5)\n    at handle (/home/dimas/project/decentrashare/backend/node_modules/router/index.js:186:3)\n    at router (/home/dimas/project/decentrashare/backend/node_modules/router/index.js:60:12)\n    at handleRequest (/home/dimas/project/decentrashare/backend/node_modules/router/lib/layer.js:152:17)\n    at trimPrefix (/home/dimas/project/decentrashare/backend/node_modules/router/index.js:342:13)\n    at <anonymous> (/home/dimas/project/decentrashare/backend/node_modules/router/index.js:297:9)\n    at next (/home/dimas/project/decentrashare/backend/node_modules/router/index.js:291:5)\n    at requestLogger (/home/dimas/project/decentrashare/backend/src/utils/logger.ts:109:3)\n    at handleRequest (/home/dimas/project/decentrashare/backend/node_modules/router/lib/layer.js:152:17)\n    at trimPrefix (/home/dimas/project/decentrashare/backend/node_modules/router/index.js:342:13)\n    at <anonymous> (/home/dimas/project/decentrashare/backend/node_modules/router/index.js:297:9)\n    at next (/home/dimas/project/decentrashare/backend/node_modules/router/index.js:291:5)\n    at handleRequest (/home/dimas/project/decentrashare/backend/node_modules/router/lib/layer.js:152:17)\n    at trimPrefix (/home/dimas/project/decentrashare/backend/node_modules/router/index.js:342:13)\n    at <anonymous> (/home/dimas/project/decentrashare/backend/node_modules/router/index.js:297:9)\n    at next (/home/dimas/project/decentrashare/backend/node_modules/router/index.js:291:5)\n    at read (/home/dimas/project/decentrashare/backend/node_modules/body-parser/lib/read.js:42:5)\n    at urlencodedParser (/home/dimas/project/decentrashare/backend/node_modules/body-parser/lib/types/urlencoded.js:57:5)\n    at handleRequest (/home/dimas/project/decentrashare/backend/node_modules/router/lib/layer.js:152:17)\n    at trimPrefix (/home/dimas/project/decentrashare/backend/node_modules/router/index.js:342:13)\n    at <anonymous> (/home/dimas/project/decentrashare/backend/node_modules/router/index.js:297:9)\n    at next (/home/dimas/project/decentrashare/backend/node_modules/router/index.js:291:5)\n    at <anonymous> (/home/dimas/project/decentrashare/backend/node_modules/body-parser/lib/read.js:171:5)\n    at runInAsyncScope (node:async_hooks:140:23)\n    at invokeCallback (/home/dimas/project/decentrashare/backend/node_modules/raw-body/index.js:238:16)\n    at done (/home/dimas/project/decentrashare/backend/node_modules/raw-body/index.js:227:7)\n    at onEnd (/home/dimas/project/decentrashare/backend/node_modules/raw-body/index.js:287:7)\n    at emit (node:events:92:22)\n    at endReadableNT (internal:streams/readable:862:50)\n    at processTicksAndRejections (native:7:39)","timestamp":"2026-03-12 16:28:07"}
{"duration":6,"level":"info","message":"[vxrsk6mlr] 500 6ms","requestId":"vxrsk6mlr","statusCode":500,"timestamp":"2026-03-12 16:28:07"}
{"ip":"::ffff:127.0.0.1","level":"info","message":"[sbl9q7k7w] POST /api/auth/refresh","method":"POST","requestId":"sbl9q7k7w","timestamp":"2026-03-12 16:28:14","url":"/api/auth/refresh","userAgent":"insomnia/12.3.1"}
{"level":"error","message":"Unhandled error: invalid signature","name":"JsonWebTokenError","stack":"Error\n    at <anonymous> (/home/dimas/project/decentrashare/backend/node_modules/jsonwebtoken/verify.js:171:23)\n    at getSecret (/home/dimas/project/decentrashare/backend/node_modules/jsonwebtoken/verify.js:97:14)\n    at <anonymous> (/home/dimas/project/decentrashare/backend/node_modules/jsonwebtoken/verify.js:101:10)\n    at <anonymous> (/home/dimas/project/decentrashare/backend/src/modules/auth/auth.service.ts:122:23)\n    at <anonymous> (/home/dimas/project/decentrashare/backend/src/modules/auth/auth.controller.ts:121:26)\n    at handleRequest (/home/dimas/project/decentrashare/backend/node_modules/router/lib/layer.js:152:17)\n    at next (/home/dimas/project/decentrashare/backend/node_modules/router/lib/route.js:157:13)\n    at dispatch (/home/dimas/project/decentrashare/backend/node_modules/router/lib/route.js:117:3)\n    at handle (/home/dimas/project/decentrashare/backend/node_modules/router/index.js:435:11)\n    at handleRequest (/home/dimas/project/decentrashare/backend/node_modules/router/lib/layer.js:152:17)\n    at <anonymous> (/home/dimas/project/decentrashare/backend/node_modules/router/index.js:295:15)\n    at next (/home/dimas/project/decentrashare/backend/node_modules/router/index.js:291:5)\n    at handle (/home/dimas/project/decentrashare/backend/node_modules/router/index.js:186:3)\n    at router (/home/dimas/project/decentrashare/backend/node_modules/router/index.js:60:12)\n    at handleRequest (/home/dimas/project/decentrashare/backend/node_modules/router/lib/layer.js:152:17)\n    at trimPrefix (/home/dimas/project/decentrashare/backend/node_modules/router/index.js:342:13)\n    at <anonymous> (/home/dimas/project/decentrashare/backend/node_modules/router/index.js:297:9)\n    at next (/home/dimas/project/decentrashare/backend/node_modules/router/index.js:291:5)\n    at handle (/home/dimas/project/decentrashare/backend/node_modules/router/index.js:186:3)\n    at router (/home/dimas/project/decentrashare/backend/node_modules/router/index.js:60:12)\n    at handleRequest (/home/dimas/project/decentrashare/backend/node_modules/router/lib/layer.js:152:17)\n    at trimPrefix (/home/dimas/project/decentrashare/backend/node_modules/router/index.js:342:13)\n    at <anonymous> (/home/dimas/project/decentrashare/backend/node_modules/router/index.js:297:9)\n    at next (/home/dimas/project/decentrashare/backend/node_modules/router/index.js:291:5)\n    at requestLogger (/home/dimas/project/decentrashare/backend/src/utils/logger.ts:109:3)\n    at handleRequest (/home/dimas/project/decentrashare/backend/node_modules/router/lib/layer.js:152:17)\n    at trimPrefix (/home/dimas/project/decentrashare/backend/node_modules/router/index.js:342:13)\n    at <anonymous> (/home/dimas/project/decentrashare/backend/node_modules/router/index.js:297:9)\n    at next (/home/dimas/project/decentrashare/backend/node_modules/router/index.js:291:5)\n    at handleRequest (/home/dimas/project/decentrashare/backend/node_modules/router/lib/layer.js:152:17)\n    at trimPrefix (/home/dimas/project/decentrashare/backend/node_modules/router/index.js:342:13)\n    at <anonymous> (/home/dimas/project/decentrashare/backend/node_modules/router/index.js:297:9)\n    at next (/home/dimas/project/decentrashare/backend/node_modules/router/index.js:291:5)\n    at read (/home/dimas/project/decentrashare/backend/node_modules/body-parser/lib/read.js:42:5)\n    at urlencodedParser (/home/dimas/project/decentrashare/backend/node_modules/body-parser/lib/types/urlencoded.js:57:5)\n    at handleRequest (/home/dimas/project/decentrashare/backend/node_modules/router/lib/layer.js:152:17)\n    at trimPrefix (/home/dimas/project/decentrashare/backend/node_modules/router/index.js:342:13)\n    at <anonymous> (/home/dimas/project/decentrashare/backend/node_modules/router/index.js:297:9)\n    at next (/home/dimas/project/decentrashare/backend/node_modules/router/index.js:291:5)\n    at <anonymous> (/home/dimas/project/decentrashare/backend/node_modules/body-parser/lib/read.js:171:5)\n    at runInAsyncScope (node:async_hooks:140:23)\n    at invokeCallback (/home/dimas/project/decentrashare/backend/node_modules/raw-body/index.js:238:16)\n    at done (/home/dimas/project/decentrashare/backend/node_modules/raw-body/index.js:227:7)\n    at onEnd (/home/dimas/project/decentrashare/backend/node_modules/raw-body/index.js:287:7)\n    at emit (node:events:92:22)\n    at endReadableNT (internal:streams/readable:862:50)\n    at processTicksAndRejections (native:7:39)","timestamp":"2026-03-12 16:28:14"}
{"duration":3,"level":"info","message":"[sbl9q7k7w] 500 3ms","requestId":"sbl9q7k7w","statusCode":500,"timestamp":"2026-03-12 16:28:14"}
{"ip":"::ffff:127.0.0.1","level":"info","message":"[b8nvlfd37] GET /api/auth/me","method":"GET","requestId":"b8nvlfd37","timestamp":"2026-03-12 16:28:18","url":"/api/auth/me","userAgent":"insomnia/12.3.1"}
{"duration":5,"level":"info","message":"[b8nvlfd37] 200 5ms","requestId":"b8nvlfd37","statusCode":200,"timestamp":"2026-03-12 16:28:18"}
{"ip":"::ffff:127.0.0.1","level":"info","message":"[39rnrtvgi] GET /api/auth/me","method":"GET","requestId":"39rnrtvgi","timestamp":"2026-03-12 16:28:19","url":"/api/auth/me","userAgent":"insomnia/12.3.1"}
{"duration":7,"level":"info","message":"[39rnrtvgi] 200 7ms","requestId":"39rnrtvgi","statusCode":200,"timestamp":"2026-03-12 16:28:19"}
{"ip":"::ffff:127.0.0.1","level":"info","message":"[cadhztw0i] POST /api/auth/logout","method":"POST","requestId":"cadhztw0i","timestamp":"2026-03-12 16:28:38","url":"/api/auth/logout","userAgent":"insomnia/12.3.1"}
{"duration":12,"level":"info","message":"[cadhztw0i] 200 12ms","requestId":"cadhztw0i","statusCode":200,"timestamp":"2026-03-12 16:28:38"}
{"level":"info","message":"✅ Database connected successfully","timestamp":"2026-03-12 16:30:48"}
{"level":"info","message":"🚀 Decentrashare API Server running on port 3000","timestamp":"2026-03-12 16:30:48"}
{"level":"info","message":"🌍 Environment: Development","timestamp":"2026-03-12 16:30:48"}
{"level":"info","message":"📚 API Documentation: http://localhost:3000/api","timestamp":"2026-03-12 16:30:48"}
{"level":"info","message":"❤️  Health Check: http://localhost:3000/api/health","timestamp":"2026-03-12 16:30:48"}
{"level":"info","message":"✅ Database connected successfully","timestamp":"2026-03-12 16:30:58"}
{"level":"info","message":"🚀 Decentrashare API Server running on port 3000","timestamp":"2026-03-12 16:30:58"}
{"level":"info","message":"🌍 Environment: Development","timestamp":"2026-03-12 16:30:58"}
{"level":"info","message":"📚 API Documentation: http://localhost:3000/api","timestamp":"2026-03-12 16:30:58"}
{"level":"info","message":"❤️  Health Check: http://localhost:3000/api/health","timestamp":"2026-03-12 16:30:58"}
{"level":"info","message":"✅ Database connected successfully","timestamp":"2026-03-12 16:31:02"}
{"level":"info","message":"🚀 Decentrashare API Server running on port 3000","timestamp":"2026-03-12 16:31:02"}
{"level":"info","message":"🌍 Environment: Development","timestamp":"2026-03-12 16:31:02"}
{"level":"info","message":"📚 API Documentation: http://localhost:3000/api","timestamp":"2026-03-12 16:31:02"}
{"level":"info","message":"❤️  Health Check: http://localhost:3000/api/health","timestamp":"2026-03-12 16:31:02"}
{"ip":"::ffff:127.0.0.1","level":"info","message":"[1rvccsylh] GET /api/auth/me","method":"GET","requestId":"1rvccsylh","timestamp":"2026-03-12 16:31:09","url":"/api/auth/me","userAgent":"insomnia/12.3.1"}
{"duration":26,"level":"info","message":"[1rvccsylh] 401 26ms","requestId":"1rvccsylh","statusCode":401,"timestamp":"2026-03-12 16:31:09"}
{"ip":"::ffff:127.0.0.1","level":"info","message":"[w5cbkro92] POST /api/auth/login","method":"POST","requestId":"w5cbkro92","timestamp":"2026-03-12 16:31:14","url":"/api/auth/login","userAgent":"insomnia/12.3.1"}
{"level":"error","message":"Unhandled error: Invalid signature","stack":"Error: Invalid signature\n    at <anonymous> (/home/dimas/project/decentrashare/backend/src/modules/auth/auth.service.ts:49:27)\n    at async <anonymous> (/home/dimas/project/decentrashare/backend/src/modules/auth/auth.controller.ts:36:49)\n    at processTicksAndRejections (native:7:39)","timestamp":"2026-03-12 16:31:14"}
{"duration":46,"level":"info","message":"[w5cbkro92] 500 46ms","requestId":"w5cbkro92","statusCode":500,"timestamp":"2026-03-12 16:31:14"}
{"ip":"::ffff:127.0.0.1","level":"info","message":"[sztmrzu6u] GET /api/auth/nonce/0xeAAdA62fCFbFa9718DfbDca31Caf107322318F91","method":"GET","requestId":"sztmrzu6u","timestamp":"2026-03-12 16:32:06","url":"/api/auth/nonce/0xeAAdA62fCFbFa9718DfbDca31Caf107322318F91","userAgent":"insomnia/12.3.1"}
{"duration":16,"level":"info","message":"[sztmrzu6u] 200 16ms","requestId":"sztmrzu6u","statusCode":200,"timestamp":"2026-03-12 16:32:06"}
{"ip":"::ffff:127.0.0.1","level":"info","message":"[4k8getnek] GET /api/auth/nonce/0xeAAdA62fCFbFa9718DfbDca31Caf107322318F91","method":"GET","requestId":"4k8getnek","timestamp":"2026-03-12 16:32:06","url":"/api/auth/nonce/0xeAAdA62fCFbFa9718DfbDca31Caf107322318F91","userAgent":"insomnia/12.3.1"}
{"duration":8,"level":"info","message":"[4k8getnek] 200 8ms","requestId":"4k8getnek","statusCode":200,"timestamp":"2026-03-12 16:32:06"}
{"ip":"::ffff:127.0.0.1","level":"info","message":"[lz8yond5d] POST /api/auth/login","method":"POST","requestId":"lz8yond5d","timestamp":"2026-03-12 16:32:38","url":"/api/auth/login","userAgent":"insomnia/12.3.1"}
{"duration":33,"level":"info","message":"[lz8yond5d] 200 33ms","requestId":"lz8yond5d","statusCode":200,"timestamp":"2026-03-12 16:32:38"}
{"ip":"::ffff:127.0.0.1","level":"info","message":"[2h0e1clxp] POST /api/auth/refresh","method":"POST","requestId":"2h0e1clxp","timestamp":"2026-03-12 16:33:21","url":"/api/auth/refresh","userAgent":"insomnia/12.3.1"}
{"duration":7,"level":"info","message":"[2h0e1clxp] 200 7ms","requestId":"2h0e1clxp","statusCode":200,"timestamp":"2026-03-12 16:33:21"}
{"ip":"::ffff:127.0.0.1","level":"info","message":"[evskdmhwy] GET /api/auth/me","method":"GET","requestId":"evskdmhwy","timestamp":"2026-03-12 16:34:32","url":"/api/auth/me","userAgent":"insomnia/12.3.1"}
{"duration":11,"level":"info","message":"[evskdmhwy] 200 11ms","requestId":"evskdmhwy","statusCode":200,"timestamp":"2026-03-12 16:34:32"}
{"ip":"::ffff:127.0.0.1","level":"info","message":"[z0ucamg5o] GET /api/auth/me","method":"GET","requestId":"z0ucamg5o","timestamp":"2026-03-12 16:34:41","url":"/api/auth/me","userAgent":"insomnia/12.3.1"}
{"duration":7,"level":"info","message":"[z0ucamg5o] 200 7ms","requestId":"z0ucamg5o","statusCode":200,"timestamp":"2026-03-12 16:34:41"}
{"ip":"::ffff:127.0.0.1","level":"info","message":"[iubuuhrpe] GET /api/auth/me","method":"GET","requestId":"iubuuhrpe","timestamp":"2026-03-12 16:34:42","url":"/api/auth/me","userAgent":"insomnia/12.3.1"}
{"duration":6,"level":"info","message":"[iubuuhrpe] 200 6ms","requestId":"iubuuhrpe","statusCode":200,"timestamp":"2026-03-12 16:34:42"}
{"ip":"::ffff:127.0.0.1","level":"info","message":"[3qx2m5apt] GET /api/auth/me","method":"GET","requestId":"3qx2m5apt","timestamp":"2026-03-12 16:34:46","url":"/api/auth/me","userAgent":"insomnia/12.3.1"}
{"level":"error","message":"Auth middleware error: JSON Parse error: Unterminated string","stack":"SyntaxError: JSON Parse error: Unterminated string\n    at <parse> (:0)\n    at parse (unknown)\n    at jwsDecode (/home/dimas/project/decentrashare/backend/node_modules/jws/lib/verify-stream.js:71:20)\n    at <anonymous> (/home/dimas/project/decentrashare/backend/node_modules/jsonwebtoken/decode.js:5:21)\n    at <anonymous> (/home/dimas/project/decentrashare/backend/node_modules/jsonwebtoken/verify.js:76:20)\n    at <anonymous> (/home/dimas/project/decentrashare/backend/src/middlewares/auth.middleware.ts:29:25)\n    at handleRequest (/home/dimas/project/decentrashare/backend/node_modules/router/lib/layer.js:152:17)\n    at next (/home/dimas/project/decentrashare/backend/node_modules/router/lib/route.js:157:13)\n    at dispatch (/home/dimas/project/decentrashare/backend/node_modules/router/lib/route.js:117:3)\n    at handle (/home/dimas/project/decentrashare/backend/node_modules/router/index.js:435:11)\n    at handleRequest (/home/dimas/project/decentrashare/backend/node_modules/router/lib/layer.js:152:17)\n    at <anonymous> (/home/dimas/project/decentrashare/backend/node_modules/router/index.js:295:15)\n    at next (/home/dimas/project/decentrashare/backend/node_modules/router/index.js:291:5)\n    at handle (/home/dimas/project/decentrashare/backend/node_modules/router/index.js:186:3)\n    at router (/home/dimas/project/decentrashare/backend/node_modules/router/index.js:60:12)\n    at handleRequest (/home/dimas/project/decentrashare/backend/node_modules/router/lib/layer.js:152:17)\n    at trimPrefix (/home/dimas/project/decentrashare/backend/node_modules/router/index.js:342:13)\n    at <anonymous> (/home/dimas/project/decentrashare/backend/node_modules/router/index.js:297:9)\n    at next (/home/dimas/project/decentrashare/backend/node_modules/router/index.js:291:5)\n    at handle (/home/dimas/project/decentrashare/backend/node_modules/router/index.js:186:3)\n    at router (/home/dimas/project/decentrashare/backend/node_modules/router/index.js:60:12)\n    at handleRequest (/home/dimas/project/decentrashare/backend/node_modules/router/lib/layer.js:152:17)\n    at trimPrefix (/home/dimas/project/decentrashare/backend/node_modules/router/index.js:342:13)\n    at <anonymous> (/home/dimas/project/decentrashare/backend/node_modules/router/index.js:297:9)\n    at next (/home/dimas/project/decentrashare/backend/node_modules/router/index.js:291:5)\n    at requestLogger (/home/dimas/project/decentrashare/backend/src/utils/logger.ts:109:3)\n    at handleRequest (/home/dimas/project/decentrashare/backend/node_modules/router/lib/layer.js:152:17)\n    at trimPrefix (/home/dimas/project/decentrashare/backend/node_modules/router/index.js:342:13)\n    at <anonymous> (/home/dimas/project/decentrashare/backend/node_modules/router/index.js:297:9)\n    at next (/home/dimas/project/decentrashare/backend/node_modules/router/index.js:291:5)\n    at handleRequest (/home/dimas/project/decentrashare/backend/node_modules/router/lib/layer.js:152:17)\n    at trimPrefix (/home/dimas/project/decentrashare/backend/node_modules/router/index.js:342:13)\n    at <anonymous> (/home/dimas/project/decentrashare/backend/node_modules/router/index.js:297:9)\n    at next (/home/dimas/project/decentrashare/backend/node_modules/router/index.js:291:5)\n    at read (/home/dimas/project/decentrashare/backend/node_modules/body-parser/lib/read.js:53:5)\n    at urlencodedParser (/home/dimas/project/decentrashare/backend/node_modules/body-parser/lib/types/urlencoded.js:57:5)\n    at handleRequest (/home/dimas/project/decentrashare/backend/node_modules/router/lib/layer.js:152:17)\n    at trimPrefix (/home/dimas/project/decentrashare/backend/node_modules/router/index.js:342:13)\n    at <anonymous> (/home/dimas/project/decentrashare/backend/node_modules/router/index.js:297:9)\n    at next (/home/dimas/project/decentrashare/backend/node_modules/router/index.js:291:5)\n    at read (/home/dimas/project/decentrashare/backend/node_modules/body-parser/lib/read.js:53:5)\n    at jsonParser (/home/dimas/project/decentrashare/backend/node_modules/body-parser/lib/types/json.js:88:5)\n    at handleRequest (/home/dimas/project/decentrashare/backend/node_modules/router/lib/layer.js:152:17)\n    at trimPrefix (/home/dimas/project/decentrashare/backend/node_modules/router/index.js:342:13)\n    at <anonymous> (/home/dimas/project/decentrashare/backend/node_modules/router/index.js:297:9)\n    at next (/home/dimas/project/decentrashare/backend/node_modules/router/index.js:291:5)\n    at <anonymous> (/home/dimas/project/decentrashare/backend/node_modules/express-rate-limit/dist/index.mjs:779:7)\n    at processTicksAndRejections (native:7:39)","timestamp":"2026-03-12 16:34:46"}
{"duration":3,"level":"info","message":"[3qx2m5apt] 401 3ms","requestId":"3qx2m5apt","statusCode":401,"timestamp":"2026-03-12 16:34:46"}
{"ip":"::ffff:127.0.0.1","level":"info","message":"[8c5ovyvm2] GET /api/auth/me","method":"GET","requestId":"8c5ovyvm2","timestamp":"2026-03-12 16:34:51","url":"/api/auth/me","userAgent":"insomnia/12.3.1"}
{"duration":9,"level":"info","message":"[8c5ovyvm2] 200 9ms","requestId":"8c5ovyvm2","statusCode":200,"timestamp":"2026-03-12 16:34:51"}
{"ip":"::ffff:127.0.0.1","level":"info","message":"[2uu6jc631] GET /api/auth/me","method":"GET","requestId":"2uu6jc631","timestamp":"2026-03-12 16:35:17","url":"/api/auth/me","userAgent":"insomnia/12.3.1"}
{"duration":7,"level":"info","message":"[2uu6jc631] 200 7ms","requestId":"2uu6jc631","statusCode":200,"timestamp":"2026-03-12 16:35:17"}
{"ip":"::ffff:127.0.0.1","level":"info","message":"[1grezo0rw] GET /api/auth/me","method":"GET","requestId":"1grezo0rw","timestamp":"2026-03-12 16:35:46","url":"/api/auth/me","userAgent":"insomnia/12.3.1"}
{"level":"error","message":"Auth middleware error: invalid signature","name":"JsonWebTokenError","stack":"Error\n    at <anonymous> (/home/dimas/project/decentrashare/backend/node_modules/jsonwebtoken/verify.js:171:23)\n    at getSecret (/home/dimas/project/decentrashare/backend/node_modules/jsonwebtoken/verify.js:97:14)\n    at <anonymous> (/home/dimas/project/decentrashare/backend/node_modules/jsonwebtoken/verify.js:101:10)\n    at <anonymous> (/home/dimas/project/decentrashare/backend/src/middlewares/auth.middleware.ts:29:25)\n    at handleRequest (/home/dimas/project/decentrashare/backend/node_modules/router/lib/layer.js:152:17)\n    at next (/home/dimas/project/decentrashare/backend/node_modules/router/lib/route.js:157:13)\n    at dispatch (/home/dimas/project/decentrashare/backend/node_modules/router/lib/route.js:117:3)\n    at handle (/home/dimas/project/decentrashare/backend/node_modules/router/index.js:435:11)\n    at handleRequest (/home/dimas/project/decentrashare/backend/node_modules/router/lib/layer.js:152:17)\n    at <anonymous> (/home/dimas/project/decentrashare/backend/node_modules/router/index.js:295:15)\n    at next (/home/dimas/project/decentrashare/backend/node_modules/router/index.js:291:5)\n    at handle (/home/dimas/project/decentrashare/backend/node_modules/router/index.js:186:3)\n    at router (/home/dimas/project/decentrashare/backend/node_modules/router/index.js:60:12)\n    at handleRequest (/home/dimas/project/decentrashare/backend/node_modules/router/lib/layer.js:152:17)\n    at trimPrefix (/home/dimas/project/decentrashare/backend/node_modules/router/index.js:342:13)\n    at <anonymous> (/home/dimas/project/decentrashare/backend/node_modules/router/index.js:297:9)\n    at next (/home/dimas/project/decentrashare/backend/node_modules/router/index.js:291:5)\n    at handle (/home/dimas/project/decentrashare/backend/node_modules/router/index.js:186:3)\n    at router (/home/dimas/project/decentrashare/backend/node_modules/router/index.js:60:12)\n    at handleRequest (/home/dimas/project/decentrashare/backend/node_modules/router/lib/layer.js:152:17)\n    at trimPrefix (/home/dimas/project/decentrashare/backend/node_modules/router/index.js:342:13)\n    at <anonymous> (/home/dimas/project/decentrashare/backend/node_modules/router/index.js:297:9)\n    at next (/home/dimas/project/decentrashare/backend/node_modules/router/index.js:291:5)\n    at requestLogger (/home/dimas/project/decentrashare/backend/src/utils/logger.ts:109:3)\n    at handleRequest (/home/dimas/project/decentrashare/backend/node_modules/router/lib/layer.js:152:17)\n    at trimPrefix (/home/dimas/project/decentrashare/backend/node_modules/router/index.js:342:13)\n    at <anonymous> (/home/dimas/project/decentrashare/backend/node_modules/router/index.js:297:9)\n    at next (/home/dimas/project/decentrashare/backend/node_modules/router/index.js:291:5)\n    at handleRequest (/home/dimas/project/decentrashare/backend/node_modules/router/lib/layer.js:152:17)\n    at trimPrefix (/home/dimas/project/decentrashare/backend/node_modules/router/index.js:342:13)\n    at <anonymous> (/home/dimas/project/decentrashare/backend/node_modules/router/index.js:297:9)\n    at next (/home/dimas/project/decentrashare/backend/node_modules/router/index.js:291:5)\n    at read (/home/dimas/project/decentrashare/backend/node_modules/body-parser/lib/read.js:53:5)\n    at urlencodedParser (/home/dimas/project/decentrashare/backend/node_modules/body-parser/lib/types/urlencoded.js:57:5)\n    at handleRequest (/home/dimas/project/decentrashare/backend/node_modules/router/lib/layer.js:152:17)\n    at trimPrefix (/home/dimas/project/decentrashare/backend/node_modules/router/index.js:342:13)\n    at <anonymous> (/home/dimas/project/decentrashare/backend/node_modules/router/index.js:297:9)\n    at next (/home/dimas/project/decentrashare/backend/node_modules/router/index.js:291:5)\n    at read (/home/dimas/project/decentrashare/backend/node_modules/body-parser/lib/read.js:53:5)\n    at jsonParser (/home/dimas/project/decentrashare/backend/node_modules/body-parser/lib/types/json.js:88:5)\n    at handleRequest (/home/dimas/project/decentrashare/backend/node_modules/router/lib/layer.js:152:17)\n    at trimPrefix (/home/dimas/project/decentrashare/backend/node_modules/router/index.js:342:13)\n    at <anonymous> (/home/dimas/project/decentrashare/backend/node_modules/router/index.js:297:9)\n    at next (/home/dimas/project/decentrashare/backend/node_modules/router/index.js:291:5)\n    at <anonymous> (/home/dimas/project/decentrashare/backend/node_modules/express-rate-limit/dist/index.mjs:779:7)\n    at processTicksAndRejections (native:7:39)","timestamp":"2026-03-12 16:35:46"}
{"duration":4,"level":"info","message":"[1grezo0rw] 401 4ms","requestId":"1grezo0rw","statusCode":401,"timestamp":"2026-03-12 16:35:46"}
{"level":"info","message":"SIGINT received, shutting down gracefully...","timestamp":"2026-03-12 16:43:40"}
{"level":"info","message":"HTTP server closed","timestamp":"2026-03-12 16:43:40"}
{"level":"info","message":"SIGINT received, shutting down gracefully...","timestamp":"2026-03-12 16:43:40"}
{"level":"info","message":"HTTP server closed","timestamp":"2026-03-12 16:43:40"}
{"level":"info","message":"✅ Database disconnected successfully","timestamp":"2026-03-12 16:43:40"}
{"level":"info","message":"✅ Database connected successfully","timestamp":"2026-03-12 16:43:42"}
{"level":"info","message":"🚀 Decentrashare API Server running on port 3000","timestamp":"2026-03-12 16:43:42"}
{"level":"info","message":"🌍 Environment: Development","timestamp":"2026-03-12 16:43:42"}
{"level":"info","message":"📚 API Documentation: http://localhost:3000/api","timestamp":"2026-03-12 16:43:42"}
{"level":"info","message":"❤️  Health Check: http://localhost:3000/api/health","timestamp":"2026-03-12 16:43:42"}
{"ip":"::ffff:127.0.0.1","level":"info","message":"[55s6dsrpc] GET /api/auth/nonce/0xeAAdA62fCFbFa9718DfbDca31Caf107322318F91","method":"GET","requestId":"55s6dsrpc","timestamp":"2026-03-12 16:43:48","url":"/api/auth/nonce/0xeAAdA62fCFbFa9718DfbDca31Caf107322318F91","userAgent":"insomnia/12.3.1"}
{"duration":22,"level":"info","message":"[55s6dsrpc] 200 22ms","requestId":"55s6dsrpc","statusCode":200,"timestamp":"2026-03-12 16:43:48"}
{"ip":"::ffff:127.0.0.1","level":"info","message":"[zjzeljh85] POST /api/auth/login","method":"POST","requestId":"zjzeljh85","timestamp":"2026-03-12 16:44:20","url":"/api/auth/login","userAgent":"insomnia/12.3.1"}
{"duration":107,"level":"info","message":"[zjzeljh85] 200 107ms","requestId":"zjzeljh85","statusCode":200,"timestamp":"2026-03-12 16:44:20"}
{"ip":"::ffff:127.0.0.1","level":"info","message":"[q4j4nd8h0] GET /api/auth/me","method":"GET","requestId":"q4j4nd8h0","timestamp":"2026-03-12 16:44:32","url":"/api/auth/me","userAgent":"insomnia/12.3.1"}
{"level":"error","message":"Auth middleware error: invalid signature","name":"JsonWebTokenError","stack":"Error\n    at <anonymous> (/home/dimas/project/decentrashare/backend/node_modules/jsonwebtoken/verify.js:171:23)\n    at getSecret (/home/dimas/project/decentrashare/backend/node_modules/jsonwebtoken/verify.js:97:14)\n    at <anonymous> (/home/dimas/project/decentrashare/backend/node_modules/jsonwebtoken/verify.js:101:10)\n    at <anonymous> (/home/dimas/project/decentrashare/backend/src/middlewares/auth.middleware.ts:29:25)\n    at handleRequest (/home/dimas/project/decentrashare/backend/node_modules/router/lib/layer.js:152:17)\n    at next (/home/dimas/project/decentrashare/backend/node_modules/router/lib/route.js:157:13)\n    at dispatch (/home/dimas/project/decentrashare/backend/node_modules/router/lib/route.js:117:3)\n    at handle (/home/dimas/project/decentrashare/backend/node_modules/router/index.js:435:11)\n    at handleRequest (/home/dimas/project/decentrashare/backend/node_modules/router/lib/layer.js:152:17)\n    at <anonymous> (/home/dimas/project/decentrashare/backend/node_modules/router/index.js:295:15)\n    at next (/home/dimas/project/decentrashare/backend/node_modules/router/index.js:291:5)\n    at handle (/home/dimas/project/decentrashare/backend/node_modules/router/index.js:186:3)\n    at router (/home/dimas/project/decentrashare/backend/node_modules/router/index.js:60:12)\n    at handleRequest (/home/dimas/project/decentrashare/backend/node_modules/router/lib/layer.js:152:17)\n    at trimPrefix (/home/dimas/project/decentrashare/backend/node_modules/router/index.js:342:13)\n    at <anonymous> (/home/dimas/project/decentrashare/backend/node_modules/router/index.js:297:9)\n    at next (/home/dimas/project/decentrashare/backend/node_modules/router/index.js:291:5)\n    at handle (/home/dimas/project/decentrashare/backend/node_modules/router/index.js:186:3)\n    at router (/home/dimas/project/decentrashare/backend/node_modules/router/index.js:60:12)\n    at handleRequest (/home/dimas/project/decentrashare/backend/node_modules/router/lib/layer.js:152:17)\n    at trimPrefix (/home/dimas/project/decentrashare/backend/node_modules/router/index.js:342:13)\n    at <anonymous> (/home/dimas/project/decentrashare/backend/node_modules/router/index.js:297:9)\n    at next (/home/dimas/project/decentrashare/backend/node_modules/router/index.js:291:5)\n    at requestLogger (/home/dimas/project/decentrashare/backend/src/utils/logger.ts:109:3)\n    at handleRequest (/home/dimas/project/decentrashare/backend/node_modules/router/lib/layer.js:152:17)\n    at trimPrefix (/home/dimas/project/decentrashare/backend/node_modules/router/index.js:342:13)\n    at <anonymous> (/home/dimas/project/decentrashare/backend/node_modules/router/index.js:297:9)\n    at next (/home/dimas/project/decentrashare/backend/node_modules/router/index.js:291:5)\n    at handleRequest (/home/dimas/project/decentrashare/backend/node_modules/router/lib/layer.js:152:17)\n    at trimPrefix (/home/dimas/project/decentrashare/backend/node_modules/router/index.js:342:13)\n    at <anonymous> (/home/dimas/project/decentrashare/backend/node_modules/router/index.js:297:9)\n    at next (/home/dimas/project/decentrashare/backend/node_modules/router/index.js:291:5)\n    at read (/home/dimas/project/decentrashare/backend/node_modules/body-parser/lib/read.js:53:5)\n    at urlencodedParser (/home/dimas/project/decentrashare/backend/node_modules/body-parser/lib/types/urlencoded.js:57:5)\n    at handleRequest (/home/dimas/project/decentrashare/backend/node_modules/router/lib/layer.js:152:17)\n    at trimPrefix (/home/dimas/project/decentrashare/backend/node_modules/router/index.js:342:13)\n    at <anonymous> (/home/dimas/project/decentrashare/backend/node_modules/router/index.js:297:9)\n    at next (/home/dimas/project/decentrashare/backend/node_modules/router/index.js:291:5)\n    at read (/home/dimas/project/decentrashare/backend/node_modules/body-parser/lib/read.js:53:5)\n    at jsonParser (/home/dimas/project/decentrashare/backend/node_modules/body-parser/lib/types/json.js:88:5)\n    at handleRequest (/home/dimas/project/decentrashare/backend/node_modules/router/lib/layer.js:152:17)\n    at trimPrefix (/home/dimas/project/decentrashare/backend/node_modules/router/index.js:342:13)\n    at <anonymous> (/home/dimas/project/decentrashare/backend/node_modules/router/index.js:297:9)\n    at next (/home/dimas/project/decentrashare/backend/node_modules/router/index.js:291:5)\n    at <anonymous> (/home/dimas/project/decentrashare/backend/node_modules/express-rate-limit/dist/index.mjs:779:7)\n    at processTicksAndRejections (native:7:39)","timestamp":"2026-03-12 16:44:32"}
{"duration":5,"level":"info","message":"[q4j4nd8h0] 401 5ms","requestId":"q4j4nd8h0","statusCode":401,"timestamp":"2026-03-12 16:44:32"}
{"ip":"::ffff:127.0.0.1","level":"info","message":"[aiozh3ftn] GET /api/auth/me","method":"GET","requestId":"aiozh3ftn","timestamp":"2026-03-12 16:44:47","url":"/api/auth/me","userAgent":"insomnia/12.3.1"}
{"level":"error","message":"Auth middleware error: invalid signature","name":"JsonWebTokenError","stack":"Error\n    at <anonymous> (/home/dimas/project/decentrashare/backend/node_modules/jsonwebtoken/verify.js:171:23)\n    at getSecret (/home/dimas/project/decentrashare/backend/node_modules/jsonwebtoken/verify.js:97:14)\n    at <anonymous> (/home/dimas/project/decentrashare/backend/node_modules/jsonwebtoken/verify.js:101:10)\n    at <anonymous> (/home/dimas/project/decentrashare/backend/src/middlewares/auth.middleware.ts:29:25)\n    at handleRequest (/home/dimas/project/decentrashare/backend/node_modules/router/lib/layer.js:152:17)\n    at next (/home/dimas/project/decentrashare/backend/node_modules/router/lib/route.js:157:13)\n    at dispatch (/home/dimas/project/decentrashare/backend/node_modules/router/lib/route.js:117:3)\n    at handle (/home/dimas/project/decentrashare/backend/node_modules/router/index.js:435:11)\n    at handleRequest (/home/dimas/project/decentrashare/backend/node_modules/router/lib/layer.js:152:17)\n    at <anonymous> (/home/dimas/project/decentrashare/backend/node_modules/router/index.js:295:15)\n    at next (/home/dimas/project/decentrashare/backend/node_modules/router/index.js:291:5)\n    at handle (/home/dimas/project/decentrashare/backend/node_modules/router/index.js:186:3)\n    at router (/home/dimas/project/decentrashare/backend/node_modules/router/index.js:60:12)\n    at handleRequest (/home/dimas/project/decentrashare/backend/node_modules/router/lib/layer.js:152:17)\n    at trimPrefix (/home/dimas/project/decentrashare/backend/node_modules/router/index.js:342:13)\n    at <anonymous> (/home/dimas/project/decentrashare/backend/node_modules/router/index.js:297:9)\n    at next (/home/dimas/project/decentrashare/backend/node_modules/router/index.js:291:5)\n    at handle (/home/dimas/project/decentrashare/backend/node_modules/router/index.js:186:3)\n    at router (/home/dimas/project/decentrashare/backend/node_modules/router/index.js:60:12)\n    at handleRequest (/home/dimas/project/decentrashare/backend/node_modules/router/lib/layer.js:152:17)\n    at trimPrefix (/home/dimas/project/decentrashare/backend/node_modules/router/index.js:342:13)\n    at <anonymous> (/home/dimas/project/decentrashare/backend/node_modules/router/index.js:297:9)\n    at next (/home/dimas/project/decentrashare/backend/node_modules/router/index.js:291:5)\n    at requestLogger (/home/dimas/project/decentrashare/backend/src/utils/logger.ts:109:3)\n    at handleRequest (/home/dimas/project/decentrashare/backend/node_modules/router/lib/layer.js:152:17)\n    at trimPrefix (/home/dimas/project/decentrashare/backend/node_modules/router/index.js:342:13)\n    at <anonymous> (/home/dimas/project/decentrashare/backend/node_modules/router/index.js:297:9)\n    at next (/home/dimas/project/decentrashare/backend/node_modules/router/index.js:291:5)\n    at handleRequest (/home/dimas/project/decentrashare/backend/node_modules/router/lib/layer.js:152:17)\n    at trimPrefix (/home/dimas/project/decentrashare/backend/node_modules/router/index.js:342:13)\n    at <anonymous> (/home/dimas/project/decentrashare/backend/node_modules/router/index.js:297:9)\n    at next (/home/dimas/project/decentrashare/backend/node_modules/router/index.js:291:5)\n    at read (/home/dimas/project/decentrashare/backend/node_modules/body-parser/lib/read.js:53:5)\n    at urlencodedParser (/home/dimas/project/decentrashare/backend/node_modules/body-parser/lib/types/urlencoded.js:57:5)\n    at handleRequest (/home/dimas/project/decentrashare/backend/node_modules/router/lib/layer.js:152:17)\n    at trimPrefix (/home/dimas/project/decentrashare/backend/node_modules/router/index.js:342:13)\n    at <anonymous> (/home/dimas/project/decentrashare/backend/node_modules/router/index.js:297:9)\n    at next (/home/dimas/project/decentrashare/backend/node_modules/router/index.js:291:5)\n    at read (/home/dimas/project/decentrashare/backend/node_modules/body-parser/lib/read.js:53:5)\n    at jsonParser (/home/dimas/project/decentrashare/backend/node_modules/body-parser/lib/types/json.js:88:5)\n    at handleRequest (/home/dimas/project/decentrashare/backend/node_modules/router/lib/layer.js:152:17)\n    at trimPrefix (/home/dimas/project/decentrashare/backend/node_modules/router/index.js:342:13)\n    at <anonymous> (/home/dimas/project/decentrashare/backend/node_modules/router/index.js:297:9)\n    at next (/home/dimas/project/decentrashare/backend/node_modules/router/index.js:291:5)\n    at <anonymous> (/home/dimas/project/decentrashare/backend/node_modules/express-rate-limit/dist/index.mjs:779:7)\n    at processTicksAndRejections (native:7:39)","timestamp":"2026-03-12 16:44:47"}
{"duration":3,"level":"info","message":"[aiozh3ftn] 401 3ms","requestId":"aiozh3ftn","statusCode":401,"timestamp":"2026-03-12 16:44:47"}
{"ip":"::ffff:127.0.0.1","level":"info","message":"[t3m2gud3j] GET /api/auth/me","method":"GET","requestId":"t3m2gud3j","timestamp":"2026-03-12 16:45:01","url":"/api/auth/me","userAgent":"insomnia/12.3.1"}
{"duration":10,"level":"info","message":"[t3m2gud3j] 200 10ms","requestId":"t3m2gud3j","statusCode":200,"timestamp":"2026-03-12 16:45:01"}
{"ip":"::ffff:127.0.0.1","level":"info","message":"[8uqy589pf] GET /api/auth/me","method":"GET","requestId":"8uqy589pf","timestamp":"2026-03-12 16:45:34","url":"/api/auth/me","userAgent":"insomnia/12.3.1"}
{"level":"error","message":"Auth middleware error: invalid signature","name":"JsonWebTokenError","stack":"Error\n    at <anonymous> (/home/dimas/project/decentrashare/backend/node_modules/jsonwebtoken/verify.js:171:23)\n    at getSecret (/home/dimas/project/decentrashare/backend/node_modules/jsonwebtoken/verify.js:97:14)\n    at <anonymous> (/home/dimas/project/decentrashare/backend/node_modules/jsonwebtoken/verify.js:101:10)\n    at <anonymous> (/home/dimas/project/decentrashare/backend/src/middlewares/auth.middleware.ts:29:25)\n    at handleRequest (/home/dimas/project/decentrashare/backend/node_modules/router/lib/layer.js:152:17)\n    at next (/home/dimas/project/decentrashare/backend/node_modules/router/lib/route.js:157:13)\n    at dispatch (/home/dimas/project/decentrashare/backend/node_modules/router/lib/route.js:117:3)\n    at handle (/home/dimas/project/decentrashare/backend/node_modules/router/index.js:435:11)\n    at handleRequest (/home/dimas/project/decentrashare/backend/node_modules/router/lib/layer.js:152:17)\n    at <anonymous> (/home/dimas/project/decentrashare/backend/node_modules/router/index.js:295:15)\n    at next (/home/dimas/project/decentrashare/backend/node_modules/router/index.js:291:5)\n    at handle (/home/dimas/project/decentrashare/backend/node_modules/router/index.js:186:3)\n    at router (/home/dimas/project/decentrashare/backend/node_modules/router/index.js:60:12)\n    at handleRequest (/home/dimas/project/decentrashare/backend/node_modules/router/lib/layer.js:152:17)\n    at trimPrefix (/home/dimas/project/decentrashare/backend/node_modules/router/index.js:342:13)\n    at <anonymous> (/home/dimas/project/decentrashare/backend/node_modules/router/index.js:297:9)\n    at next (/home/dimas/project/decentrashare/backend/node_modules/router/index.js:291:5)\n    at handle (/home/dimas/project/decentrashare/backend/node_modules/router/index.js:186:3)\n    at router (/home/dimas/project/decentrashare/backend/node_modules/router/index.js:60:12)\n    at handleRequest (/home/dimas/project/decentrashare/backend/node_modules/router/lib/layer.js:152:17)\n    at trimPrefix (/home/dimas/project/decentrashare/backend/node_modules/router/index.js:342:13)\n    at <anonymous> (/home/dimas/project/decentrashare/backend/node_modules/router/index.js:297:9)\n    at next (/home/dimas/project/decentrashare/backend/node_modules/router/index.js:291:5)\n    at requestLogger (/home/dimas/project/decentrashare/backend/src/utils/logger.ts:109:3)\n    at handleRequest (/home/dimas/project/decentrashare/backend/node_modules/router/lib/layer.js:152:17)\n    at trimPrefix (/home/dimas/project/decentrashare/backend/node_modules/router/index.js:342:13)\n    at <anonymous> (/home/dimas/project/decentrashare/backend/node_modules/router/index.js:297:9)\n    at next (/home/dimas/project/decentrashare/backend/node_modules/router/index.js:291:5)\n    at handleRequest (/home/dimas/project/decentrashare/backend/node_modules/router/lib/layer.js:152:17)\n    at trimPrefix (/home/dimas/project/decentrashare/backend/node_modules/router/index.js:342:13)\n    at <anonymous> (/home/dimas/project/decentrashare/backend/node_modules/router/index.js:297:9)\n    at next (/home/dimas/project/decentrashare/backend/node_modules/router/index.js:291:5)\n    at read (/home/dimas/project/decentrashare/backend/node_modules/body-parser/lib/read.js:53:5)\n    at urlencodedParser (/home/dimas/project/decentrashare/backend/node_modules/body-parser/lib/types/urlencoded.js:57:5)\n    at handleRequest (/home/dimas/project/decentrashare/backend/node_modules/router/lib/layer.js:152:17)\n    at trimPrefix (/home/dimas/project/decentrashare/backend/node_modules/router/index.js:342:13)\n    at <anonymous> (/home/dimas/project/decentrashare/backend/node_modules/router/index.js:297:9)\n    at next (/home/dimas/project/decentrashare/backend/node_modules/router/index.js:291:5)\n    at read (/home/dimas/project/decentrashare/backend/node_modules/body-parser/lib/read.js:53:5)\n    at jsonParser (/home/dimas/project/decentrashare/backend/node_modules/body-parser/lib/types/json.js:88:5)\n    at handleRequest (/home/dimas/project/decentrashare/backend/node_modules/router/lib/layer.js:152:17)\n    at trimPrefix (/home/dimas/project/decentrashare/backend/node_modules/router/index.js:342:13)\n    at <anonymous> (/home/dimas/project/decentrashare/backend/node_modules/router/index.js:297:9)\n    at next (/home/dimas/project/decentrashare/backend/node_modules/router/index.js:291:5)\n    at <anonymous> (/home/dimas/project/decentrashare/backend/node_modules/express-rate-limit/dist/index.mjs:779:7)\n    at processTicksAndRejections (native:7:39)","timestamp":"2026-03-12 16:45:34"}
{"duration":3,"level":"info","message":"[8uqy589pf] 401 3ms","requestId":"8uqy589pf","statusCode":401,"timestamp":"2026-03-12 16:45:34"}
{"ip":"::ffff:127.0.0.1","level":"info","message":"[8p2dfr8ux] POST /api/auth/refresh","method":"POST","requestId":"8p2dfr8ux","timestamp":"2026-03-12 16:45:45","url":"/api/auth/refresh","userAgent":"insomnia/12.3.1"}
{"duration":5,"level":"info","message":"[8p2dfr8ux] 200 5ms","requestId":"8p2dfr8ux","statusCode":200,"timestamp":"2026-03-12 16:45:45"}
{"ip":"::ffff:127.0.0.1","level":"info","message":"[laq2jijn6] GET /api/auth/me","method":"GET","requestId":"laq2jijn6","timestamp":"2026-03-12 16:45:57","url":"/api/auth/me","userAgent":"insomnia/12.3.1"}
{"level":"error","message":"Auth middleware error: invalid signature","name":"JsonWebTokenError","stack":"Error\n    at <anonymous> (/home/dimas/project/decentrashare/backend/node_modules/jsonwebtoken/verify.js:171:23)\n    at getSecret (/home/dimas/project/decentrashare/backend/node_modules/jsonwebtoken/verify.js:97:14)\n    at <anonymous> (/home/dimas/project/decentrashare/backend/node_modules/jsonwebtoken/verify.js:101:10)\n    at <anonymous> (/home/dimas/project/decentrashare/backend/src/middlewares/auth.middleware.ts:29:25)\n    at handleRequest (/home/dimas/project/decentrashare/backend/node_modules/router/lib/layer.js:152:17)\n    at next (/home/dimas/project/decentrashare/backend/node_modules/router/lib/route.js:157:13)\n    at dispatch (/home/dimas/project/decentrashare/backend/node_modules/router/lib/route.js:117:3)\n    at handle (/home/dimas/project/decentrashare/backend/node_modules/router/index.js:435:11)\n    at handleRequest (/home/dimas/project/decentrashare/backend/node_modules/router/lib/layer.js:152:17)\n    at <anonymous> (/home/dimas/project/decentrashare/backend/node_modules/router/index.js:295:15)\n    at next (/home/dimas/project/decentrashare/backend/node_modules/router/index.js:291:5)\n    at handle (/home/dimas/project/decentrashare/backend/node_modules/router/index.js:186:3)\n    at router (/home/dimas/project/decentrashare/backend/node_modules/router/index.js:60:12)\n    at handleRequest (/home/dimas/project/decentrashare/backend/node_modules/router/lib/layer.js:152:17)\n    at trimPrefix (/home/dimas/project/decentrashare/backend/node_modules/router/index.js:342:13)\n    at <anonymous> (/home/dimas/project/decentrashare/backend/node_modules/router/index.js:297:9)\n    at next (/home/dimas/project/decentrashare/backend/node_modules/router/index.js:291:5)\n    at handle (/home/dimas/project/decentrashare/backend/node_modules/router/index.js:186:3)\n    at router (/home/dimas/project/decentrashare/backend/node_modules/router/index.js:60:12)\n    at handleRequest (/home/dimas/project/decentrashare/backend/node_modules/router/lib/layer.js:152:17)\n    at trimPrefix (/home/dimas/project/decentrashare/backend/node_modules/router/index.js:342:13)\n    at <anonymous> (/home/dimas/project/decentrashare/backend/node_modules/router/index.js:297:9)\n    at next (/home/dimas/project/decentrashare/backend/node_modules/router/index.js:291:5)\n    at requestLogger (/home/dimas/project/decentrashare/backend/src/utils/logger.ts:109:3)\n    at handleRequest (/home/dimas/project/decentrashare/backend/node_modules/router/lib/layer.js:152:17)\n    at trimPrefix (/home/dimas/project/decentrashare/backend/node_modules/router/index.js:342:13)\n    at <anonymous> (/home/dimas/project/decentrashare/backend/node_modules/router/index.js:297:9)\n    at next (/home/dimas/project/decentrashare/backend/node_modules/router/index.js:291:5)\n    at handleRequest (/home/dimas/project/decentrashare/backend/node_modules/router/lib/layer.js:152:17)\n    at trimPrefix (/home/dimas/project/decentrashare/backend/node_modules/router/index.js:342:13)\n    at <anonymous> (/home/dimas/project/decentrashare/backend/node_modules/router/index.js:297:9)\n    at next (/home/dimas/project/decentrashare/backend/node_modules/router/index.js:291:5)\n    at read (/home/dimas/project/decentrashare/backend/node_modules/body-parser/lib/read.js:53:5)\n    at urlencodedParser (/home/dimas/project/decentrashare/backend/node_modules/body-parser/lib/types/urlencoded.js:57:5)\n    at handleRequest (/home/dimas/project/decentrashare/backend/node_modules/router/lib/layer.js:152:17)\n    at trimPrefix (/home/dimas/project/decentrashare/backend/node_modules/router/index.js:342:13)\n    at <anonymous> (/home/dimas/project/decentrashare/backend/node_modules/router/index.js:297:9)\n    at next (/home/dimas/project/decentrashare/backend/node_modules/router/index.js:291:5)\n    at read (/home/dimas/project/decentrashare/backend/node_modules/body-parser/lib/read.js:53:5)\n    at jsonParser (/home/dimas/project/decentrashare/backend/node_modules/body-parser/lib/types/json.js:88:5)\n    at handleRequest (/home/dimas/project/decentrashare/backend/node_modules/router/lib/layer.js:152:17)\n    at trimPrefix (/home/dimas/project/decentrashare/backend/node_modules/router/index.js:342:13)\n    at <anonymous> (/home/dimas/project/decentrashare/backend/node_modules/router/index.js:297:9)\n    at next (/home/dimas/project/decentrashare/backend/node_modules/router/index.js:291:5)\n    at <anonymous> (/home/dimas/project/decentrashare/backend/node_modules/express-rate-limit/dist/index.mjs:779:7)\n    at processTicksAndRejections (native:7:39)","timestamp":"2026-03-12 16:45:57"}
{"duration":2,"level":"info","message":"[laq2jijn6] 401 2ms","requestId":"laq2jijn6","statusCode":401,"timestamp":"2026-03-12 16:45:57"}
{"ip":"::ffff:127.0.0.1","level":"info","message":"[967xxrb63] GET /api/auth/me","method":"GET","requestId":"967xxrb63","timestamp":"2026-03-12 16:46:01","url":"/api/auth/me","userAgent":"insomnia/12.3.1"}
{"duration":8,"level":"info","message":"[967xxrb63] 200 8ms","requestId":"967xxrb63","statusCode":200,"timestamp":"2026-03-12 16:46:01"}
{"ip":"::ffff:127.0.0.1","level":"info","message":"[nz81fe27l] GET /api/auth/me","method":"GET","requestId":"nz81fe27l","timestamp":"2026-03-12 16:46:13","url":"/api/auth/me","userAgent":"insomnia/12.3.1"}
{"duration":4,"level":"info","message":"[nz81fe27l] 200 4ms","requestId":"nz81fe27l","statusCode":200,"timestamp":"2026-03-12 16:46:13"}
{"level":"info","message":"✅ Database connected successfully","timestamp":"2026-03-12 16:46:39"}
{"level":"info","message":"🚀 Decentrashare API Server running on port 3000","timestamp":"2026-03-12 16:46:39"}
{"level":"info","message":"🌍 Environment: Development","timestamp":"2026-03-12 16:46:39"}
{"level":"info","message":"📚 API Documentation: http://localhost:3000/api","timestamp":"2026-03-12 16:46:39"}
{"level":"info","message":"❤️  Health Check: http://localhost:3000/api/health","timestamp":"2026-03-12 16:46:39"}
{"level":"info","message":"✅ Database connected successfully","timestamp":"2026-03-12 16:47:12"}
{"level":"info","message":"🚀 Decentrashare API Server running on port 3000","timestamp":"2026-03-12 16:47:12"}
{"level":"info","message":"🌍 Environment: Development","timestamp":"2026-03-12 16:47:12"}
{"level":"info","message":"📚 API Documentation: http://localhost:3000/api","timestamp":"2026-03-12 16:47:12"}
{"level":"info","message":"❤️  Health Check: http://localhost:3000/api/health","timestamp":"2026-03-12 16:47:12"}
{"level":"info","message":"SIGINT received, shutting down gracefully...","timestamp":"2026-03-12 16:47:19"}
{"level":"info","message":"HTTP server closed","timestamp":"2026-03-12 16:47:19"}
{"level":"info","message":"SIGINT received, shutting down gracefully...","timestamp":"2026-03-12 16:47:19"}
{"level":"info","message":"HTTP server closed","timestamp":"2026-03-12 16:47:19"}
{"level":"info","message":"✅ Database disconnected successfully","timestamp":"2026-03-12 16:47:19"}
{"level":"info","message":"✅ Database connected successfully","timestamp":"2026-03-12 16:47:21"}
{"level":"info","message":"🚀 Decentrashare API Server running on port 3000","timestamp":"2026-03-12 16:47:21"}
{"level":"info","message":"🌍 Environment: Development","timestamp":"2026-03-12 16:47:21"}
{"level":"info","message":"📚 API Documentation: http://localhost:3000/api","timestamp":"2026-03-12 16:47:21"}
{"level":"info","message":"❤️  Health Check: http://localhost:3000/api/health","timestamp":"2026-03-12 16:47:21"}
{"ip":"::ffff:127.0.0.1","level":"info","message":"[gzbhhf8av] GET /api/auth/nonce/0xeAAdA62fCFbFa9718DfbDca31Caf107322318F91","method":"GET","requestId":"gzbhhf8av","timestamp":"2026-03-12 16:47:26","url":"/api/auth/nonce/0xeAAdA62fCFbFa9718DfbDca31Caf107322318F91","userAgent":"insomnia/12.3.1"}
{"duration":24,"level":"info","message":"[gzbhhf8av] 200 24ms","requestId":"gzbhhf8av","statusCode":200,"timestamp":"2026-03-12 16:47:26"}
{"ip":"::ffff:127.0.0.1","level":"info","message":"[2mkeo3x7m] POST /api/auth/login","method":"POST","requestId":"2mkeo3x7m","timestamp":"2026-03-12 16:48:04","url":"/api/auth/login","userAgent":"insomnia/12.3.1"}
{"duration":75,"level":"info","message":"[2mkeo3x7m] 200 75ms","requestId":"2mkeo3x7m","statusCode":200,"timestamp":"2026-03-12 16:48:04"}
{"ip":"::ffff:127.0.0.1","level":"info","message":"[3e8hmei4j] GET /api/auth/me","method":"GET","requestId":"3e8hmei4j","timestamp":"2026-03-12 16:48:18","url":"/api/auth/me","userAgent":"insomnia/12.3.1"}
{"level":"error","message":"Auth middleware error: invalid signature","name":"JsonWebTokenError","stack":"Error\n    at <anonymous> (/home/dimas/project/decentrashare/backend/node_modules/jsonwebtoken/verify.js:171:23)\n    at getSecret (/home/dimas/project/decentrashare/backend/node_modules/jsonwebtoken/verify.js:97:14)\n    at <anonymous> (/home/dimas/project/decentrashare/backend/node_modules/jsonwebtoken/verify.js:101:10)\n    at <anonymous> (/home/dimas/project/decentrashare/backend/src/middlewares/auth.middleware.ts:30:21)\n    at handleRequest (/home/dimas/project/decentrashare/backend/node_modules/router/lib/layer.js:152:17)\n    at next (/home/dimas/project/decentrashare/backend/node_modules/router/lib/route.js:157:13)\n    at dispatch (/home/dimas/project/decentrashare/backend/node_modules/router/lib/route.js:117:3)\n    at handle (/home/dimas/project/decentrashare/backend/node_modules/router/index.js:435:11)\n    at handleRequest (/home/dimas/project/decentrashare/backend/node_modules/router/lib/layer.js:152:17)\n    at <anonymous> (/home/dimas/project/decentrashare/backend/node_modules/router/index.js:295:15)\n    at next (/home/dimas/project/decentrashare/backend/node_modules/router/index.js:291:5)\n    at handle (/home/dimas/project/decentrashare/backend/node_modules/router/index.js:186:3)\n    at router (/home/dimas/project/decentrashare/backend/node_modules/router/index.js:60:12)\n    at handleRequest (/home/dimas/project/decentrashare/backend/node_modules/router/lib/layer.js:152:17)\n    at trimPrefix (/home/dimas/project/decentrashare/backend/node_modules/router/index.js:342:13)\n    at <anonymous> (/home/dimas/project/decentrashare/backend/node_modules/router/index.js:297:9)\n    at next (/home/dimas/project/decentrashare/backend/node_modules/router/index.js:291:5)\n    at handle (/home/dimas/project/decentrashare/backend/node_modules/router/index.js:186:3)\n    at router (/home/dimas/project/decentrashare/backend/node_modules/router/index.js:60:12)\n    at handleRequest (/home/dimas/project/decentrashare/backend/node_modules/router/lib/layer.js:152:17)\n    at trimPrefix (/home/dimas/project/decentrashare/backend/node_modules/router/index.js:342:13)\n    at <anonymous> (/home/dimas/project/decentrashare/backend/node_modules/router/index.js:297:9)\n    at next (/home/dimas/project/decentrashare/backend/node_modules/router/index.js:291:5)\n    at requestLogger (/home/dimas/project/decentrashare/backend/src/utils/logger.ts:109:3)\n    at handleRequest (/home/dimas/project/decentrashare/backend/node_modules/router/lib/layer.js:152:17)\n    at trimPrefix (/home/dimas/project/decentrashare/backend/node_modules/router/index.js:342:13)\n    at <anonymous> (/home/dimas/project/decentrashare/backend/node_modules/router/index.js:297:9)\n    at next (/home/dimas/project/decentrashare/backend/node_modules/router/index.js:291:5)\n    at handleRequest (/home/dimas/project/decentrashare/backend/node_modules/router/lib/layer.js:152:17)\n    at trimPrefix (/home/dimas/project/decentrashare/backend/node_modules/router/index.js:342:13)\n    at <anonymous> (/home/dimas/project/decentrashare/backend/node_modules/router/index.js:297:9)\n    at next (/home/dimas/project/decentrashare/backend/node_modules/router/index.js:291:5)\n    at read (/home/dimas/project/decentrashare/backend/node_modules/body-parser/lib/read.js:53:5)\n    at urlencodedParser (/home/dimas/project/decentrashare/backend/node_modules/body-parser/lib/types/urlencoded.js:57:5)\n    at handleRequest (/home/dimas/project/decentrashare/backend/node_modules/router/lib/layer.js:152:17)\n    at trimPrefix (/home/dimas/project/decentrashare/backend/node_modules/router/index.js:342:13)\n    at <anonymous> (/home/dimas/project/decentrashare/backend/node_modules/router/index.js:297:9)\n    at next (/home/dimas/project/decentrashare/backend/node_modules/router/index.js:291:5)\n    at read (/home/dimas/project/decentrashare/backend/node_modules/body-parser/lib/read.js:53:5)\n    at jsonParser (/home/dimas/project/decentrashare/backend/node_modules/body-parser/lib/types/json.js:88:5)\n    at handleRequest (/home/dimas/project/decentrashare/backend/node_modules/router/lib/layer.js:152:17)\n    at trimPrefix (/home/dimas/project/decentrashare/backend/node_modules/router/index.js:342:13)\n    at <anonymous> (/home/dimas/project/decentrashare/backend/node_modules/router/index.js:297:9)\n    at next (/home/dimas/project/decentrashare/backend/node_modules/router/index.js:291:5)\n    at <anonymous> (/home/dimas/project/decentrashare/backend/node_modules/express-rate-limit/dist/index.mjs:779:7)\n    at processTicksAndRejections (native:7:39)","timestamp":"2026-03-12 16:48:18"}
{"duration":6,"level":"info","message":"[3e8hmei4j] 401 6ms","requestId":"3e8hmei4j","statusCode":401,"timestamp":"2026-03-12 16:48:18"}
{"ip":"::ffff:127.0.0.1","level":"info","message":"[2o9x1ts47] GET /api/auth/me","method":"GET","requestId":"2o9x1ts47","timestamp":"2026-03-12 16:48:46","url":"/api/auth/me","userAgent":"insomnia/12.3.1"}
{"duration":8,"level":"info","message":"[2o9x1ts47] 200 8ms","requestId":"2o9x1ts47","statusCode":200,"timestamp":"2026-03-12 16:48:46"}
{"ip":"::ffff:127.0.0.1","level":"info","message":"[pzqmxbbbi] POST /api/auth/refresh","method":"POST","requestId":"pzqmxbbbi","timestamp":"2026-03-12 16:48:50","url":"/api/auth/refresh","userAgent":"insomnia/12.3.1"}
{"duration":7,"level":"info","message":"[pzqmxbbbi] 200 7ms","requestId":"pzqmxbbbi","statusCode":200,"timestamp":"2026-03-12 16:48:50"}
{"ip":"::ffff:127.0.0.1","level":"info","message":"[10zasb3st] GET /api/auth/me","method":"GET","requestId":"10zasb3st","timestamp":"2026-03-12 16:48:59","url":"/api/auth/me","userAgent":"insomnia/12.3.1"}
{"duration":2,"level":"info","message":"[10zasb3st] 401 2ms","requestId":"10zasb3st","statusCode":401,"timestamp":"2026-03-12 16:48:59"}
{"ip":"::ffff:127.0.0.1","level":"info","message":"[q8gv22cre] GET /api/auth/me","method":"GET","requestId":"q8gv22cre","timestamp":"2026-03-12 16:49:21","url":"/api/auth/me","userAgent":"insomnia/12.3.1"}
{"duration":7,"level":"info","message":"[q8gv22cre] 200 7ms","requestId":"q8gv22cre","statusCode":200,"timestamp":"2026-03-12 16:49:21"}
{"level":"info","message":"✅ Database connected successfully","timestamp":"2026-03-12 16:53:08"}
{"level":"info","message":"🚀 Decentrashare API Server running on port 3000","timestamp":"2026-03-12 16:53:08"}
{"level":"info","message":"🌍 Environment: Development","timestamp":"2026-03-12 16:53:08"}
{"level":"info","message":"📚 API Documentation: http://localhost:3000/api","timestamp":"2026-03-12 16:53:08"}
{"level":"info","message":"❤️  Health Check: http://localhost:3000/api/health","timestamp":"2026-03-12 16:53:08"}
{"level":"info","message":"✅ Database connected successfully","timestamp":"2026-03-12 16:53:54"}
{"level":"info","message":"🚀 Decentrashare API Server running on port 3000","timestamp":"2026-03-12 16:53:54"}
{"level":"info","message":"🌍 Environment: Development","timestamp":"2026-03-12 16:53:54"}
{"level":"info","message":"📚 API Documentation: http://localhost:3000/api","timestamp":"2026-03-12 16:53:54"}
{"level":"info","message":"❤️  Health Check: http://localhost:3000/api/health","timestamp":"2026-03-12 16:53:54"}
{"level":"info","message":"✅ Database connected successfully","timestamp":"2026-03-12 16:55:07"}
{"level":"info","message":"🚀 Decentrashare API Server running on port 3000","timestamp":"2026-03-12 16:55:07"}
{"level":"info","message":"🌍 Environment: Development","timestamp":"2026-03-12 16:55:07"}
{"level":"info","message":"📚 API Documentation: http://localhost:3000/api","timestamp":"2026-03-12 16:55:07"}
{"level":"info","message":"❤️  Health Check: http://localhost:3000/api/health","timestamp":"2026-03-12 16:55:07"}
{"level":"info","message":"✅ Database connected successfully","timestamp":"2026-03-12 16:56:14"}
{"level":"info","message":"🚀 Decentrashare API Server running on port 3000","timestamp":"2026-03-12 16:56:14"}
{"level":"info","message":"🌍 Environment: Development","timestamp":"2026-03-12 16:56:14"}
{"level":"info","message":"📚 API Documentation: http://localhost:3000/api","timestamp":"2026-03-12 16:56:14"}
{"level":"info","message":"❤️  Health Check: http://localhost:3000/api/health","timestamp":"2026-03-12 16:56:14"}
{"level":"info","message":"✅ Database connected successfully","timestamp":"2026-03-12 16:56:15"}
{"level":"info","message":"🚀 Decentrashare API Server running on port 3000","timestamp":"2026-03-12 16:56:15"}
{"level":"info","message":"🌍 Environment: Development","timestamp":"2026-03-12 16:56:15"}
{"level":"info","message":"📚 API Documentation: http://localhost:3000/api","timestamp":"2026-03-12 16:56:15"}
{"level":"info","message":"❤️  Health Check: http://localhost:3000/api/health","timestamp":"2026-03-12 16:56:15"}
{"level":"info","message":"✅ Database connected successfully","timestamp":"2026-03-12 16:56:29"}
{"level":"info","message":"🚀 Decentrashare API Server running on port 3000","timestamp":"2026-03-12 16:56:29"}
{"level":"info","message":"🌍 Environment: Development","timestamp":"2026-03-12 16:56:29"}
{"level":"info","message":"📚 API Documentation: http://localhost:3000/api","timestamp":"2026-03-12 16:56:29"}
{"level":"info","message":"❤️  Health Check: http://localhost:3000/api/health","timestamp":"2026-03-12 16:56:29"}
{"level":"info","message":"✅ Database connected successfully","timestamp":"2026-03-12 16:58:27"}
{"level":"info","message":"🚀 Decentrashare API Server running on port 3000","timestamp":"2026-03-12 16:58:27"}
{"level":"info","message":"🌍 Environment: Development","timestamp":"2026-03-12 16:58:27"}
{"level":"info","message":"📚 API Documentation: http://localhost:3000/api","timestamp":"2026-03-12 16:58:27"}
{"level":"info","message":"❤️  Health Check: http://localhost:3000/api/health","timestamp":"2026-03-12 16:58:27"}
{"level":"info","message":"✅ Database connected successfully","timestamp":"2026-03-12 16:59:55"}
{"level":"info","message":"🚀 Decentrashare API Server running on port 3000","timestamp":"2026-03-12 16:59:55"}
{"level":"info","message":"🌍 Environment: Development","timestamp":"2026-03-12 16:59:55"}
{"level":"info","message":"📚 API Documentation: http://localhost:3000/api","timestamp":"2026-03-12 16:59:55"}
{"level":"info","message":"❤️  Health Check: http://localhost:3000/api/health","timestamp":"2026-03-12 16:59:55"}
{"level":"info","message":"✅ Database connected successfully","timestamp":"2026-03-12 17:00:01"}
{"level":"info","message":"🚀 Decentrashare API Server running on port 3000","timestamp":"2026-03-12 17:00:01"}
{"level":"info","message":"🌍 Environment: Development","timestamp":"2026-03-12 17:00:01"}
{"level":"info","message":"📚 API Documentation: http://localhost:3000/api","timestamp":"2026-03-12 17:00:01"}
{"level":"info","message":"❤️  Health Check: http://localhost:3000/api/health","timestamp":"2026-03-12 17:00:01"}
{"level":"info","message":"✅ Database connected successfully","timestamp":"2026-03-12 17:00:42"}
{"level":"info","message":"🚀 Decentrashare API Server running on port 3000","timestamp":"2026-03-12 17:00:42"}
{"level":"info","message":"🌍 Environment: Development","timestamp":"2026-03-12 17:00:42"}
{"level":"info","message":"📚 API Documentation: http://localhost:3000/api","timestamp":"2026-03-12 17:00:42"}
{"level":"info","message":"❤️  Health Check: http://localhost:3000/api/health","timestamp":"2026-03-12 17:00:42"}
{"level":"info","message":"✅ Database connected successfully","timestamp":"2026-03-12 17:00:49"}
{"level":"info","message":"🚀 Decentrashare API Server running on port 3000","timestamp":"2026-03-12 17:00:49"}
{"level":"info","message":"🌍 Environment: Development","timestamp":"2026-03-12 17:00:49"}
{"level":"info","message":"📚 API Documentation: http://localhost:3000/api","timestamp":"2026-03-12 17:00:49"}
{"level":"info","message":"❤️  Health Check: http://localhost:3000/api/health","timestamp":"2026-03-12 17:00:49"}
{"level":"info","message":"✅ Database connected successfully","timestamp":"2026-03-12 17:00:51"}
{"level":"info","message":"🚀 Decentrashare API Server running on port 3000","timestamp":"2026-03-12 17:00:51"}
{"level":"info","message":"🌍 Environment: Development","timestamp":"2026-03-12 17:00:51"}
{"level":"info","message":"📚 API Documentation: http://localhost:3000/api","timestamp":"2026-03-12 17:00:51"}
{"level":"info","message":"❤️  Health Check: http://localhost:3000/api/health","timestamp":"2026-03-12 17:00:51"}
{"level":"info","message":"✅ Database connected successfully","timestamp":"2026-03-12 17:00:52"}
{"level":"info","message":"🚀 Decentrashare API Server running on port 3000","timestamp":"2026-03-12 17:00:52"}
{"level":"info","message":"🌍 Environment: Development","timestamp":"2026-03-12 17:00:52"}
{"level":"info","message":"📚 API Documentation: http://localhost:3000/api","timestamp":"2026-03-12 17:00:52"}
{"level":"info","message":"❤️  Health Check: http://localhost:3000/api/health","timestamp":"2026-03-12 17:00:52"}
{"level":"info","message":"✅ Database connected successfully","timestamp":"2026-03-12 17:00:55"}
{"level":"info","message":"🚀 Decentrashare API Server running on port 3000","timestamp":"2026-03-12 17:00:55"}
{"level":"info","message":"🌍 Environment: Development","timestamp":"2026-03-12 17:00:55"}
{"level":"info","message":"📚 API Documentation: http://localhost:3000/api","timestamp":"2026-03-12 17:00:55"}
{"level":"info","message":"❤️  Health Check: http://localhost:3000/api/health","timestamp":"2026-03-12 17:00:55"}
{"level":"info","message":"✅ Database connected successfully","timestamp":"2026-03-12 17:02:01"}
{"level":"info","message":"🚀 Decentrashare API Server running on port 3000","timestamp":"2026-03-12 17:02:01"}
{"level":"info","message":"🌍 Environment: Development","timestamp":"2026-03-12 17:02:01"}
{"level":"info","message":"📚 API Documentation: http://localhost:3000/api","timestamp":"2026-03-12 17:02:01"}
{"level":"info","message":"❤️  Health Check: http://localhost:3000/api/health","timestamp":"2026-03-12 17:02:01"}
{"level":"info","message":"✅ Database connected successfully","timestamp":"2026-03-12 17:02:10"}
{"level":"info","message":"🚀 Decentrashare API Server running on port 3000","timestamp":"2026-03-12 17:02:10"}
{"level":"info","message":"🌍 Environment: Development","timestamp":"2026-03-12 17:02:10"}
{"level":"info","message":"📚 API Documentation: http://localhost:3000/api","timestamp":"2026-03-12 17:02:10"}
{"level":"info","message":"❤️  Health Check: http://localhost:3000/api/health","timestamp":"2026-03-12 17:02:10"}
{"level":"info","message":"✅ Database connected successfully","timestamp":"2026-03-12 17:02:44"}
{"level":"info","message":"🚀 Decentrashare API Server running on port 3000","timestamp":"2026-03-12 17:02:44"}
{"level":"info","message":"🌍 Environment: Development","timestamp":"2026-03-12 17:02:44"}
{"level":"info","message":"📚 API Documentation: http://localhost:3000/api","timestamp":"2026-03-12 17:02:44"}
{"level":"info","message":"❤️  Health Check: http://localhost:3000/api/health","timestamp":"2026-03-12 17:02:44"}
{"level":"info","message":"✅ Database connected successfully","timestamp":"2026-03-12 17:02:48"}
{"level":"info","message":"🚀 Decentrashare API Server running on port 3000","timestamp":"2026-03-12 17:02:48"}
{"level":"info","message":"🌍 Environment: Development","timestamp":"2026-03-12 17:02:48"}
{"level":"info","message":"📚 API Documentation: http://localhost:3000/api","timestamp":"2026-03-12 17:02:48"}
{"level":"info","message":"❤️  Health Check: http://localhost:3000/api/health","timestamp":"2026-03-12 17:02:48"}
{"level":"info","message":"✅ Database connected successfully","timestamp":"2026-03-12 17:02:49"}
{"level":"info","message":"🚀 Decentrashare API Server running on port 3000","timestamp":"2026-03-12 17:02:49"}
{"level":"info","message":"🌍 Environment: Development","timestamp":"2026-03-12 17:02:49"}
{"level":"info","message":"📚 API Documentation: http://localhost:3000/api","timestamp":"2026-03-12 17:02:49"}
{"level":"info","message":"❤️  Health Check: http://localhost:3000/api/health","timestamp":"2026-03-12 17:02:49"}
{"level":"info","message":"✅ Database connected successfully","timestamp":"2026-03-12 17:02:50"}
{"level":"info","message":"🚀 Decentrashare API Server running on port 3000","timestamp":"2026-03-12 17:02:50"}
{"level":"info","message":"🌍 Environment: Development","timestamp":"2026-03-12 17:02:50"}
{"level":"info","message":"📚 API Documentation: http://localhost:3000/api","timestamp":"2026-03-12 17:02:50"}
{"level":"info","message":"❤️  Health Check: http://localhost:3000/api/health","timestamp":"2026-03-12 17:02:50"}
{"level":"info","message":"✅ Database connected successfully","timestamp":"2026-03-12 17:02:53"}
{"level":"info","message":"🚀 Decentrashare API Server running on port 3000","timestamp":"2026-03-12 17:02:53"}
{"level":"info","message":"🌍 Environment: Development","timestamp":"2026-03-12 17:02:53"}
{"level":"info","message":"📚 API Documentation: http://localhost:3000/api","timestamp":"2026-03-12 17:02:53"}
{"level":"info","message":"❤️  Health Check: http://localhost:3000/api/health","timestamp":"2026-03-12 17:02:53"}
{"level":"info","message":"✅ Database connected successfully","timestamp":"2026-03-12 17:02:58"}
{"level":"info","message":"🚀 Decentrashare API Server running on port 3000","timestamp":"2026-03-12 17:02:58"}
{"level":"info","message":"🌍 Environment: Development","timestamp":"2026-03-12 17:02:58"}
{"level":"info","message":"📚 API Documentation: http://localhost:3000/api","timestamp":"2026-03-12 17:02:58"}
{"level":"info","message":"❤️  Health Check: http://localhost:3000/api/health","timestamp":"2026-03-12 17:02:58"}
{"level":"info","message":"✅ Database connected successfully","timestamp":"2026-03-12 17:03:13"}
{"level":"info","message":"🚀 Decentrashare API Server running on port 3000","timestamp":"2026-03-12 17:03:13"}
{"level":"info","message":"🌍 Environment: Development","timestamp":"2026-03-12 17:03:13"}
{"level":"info","message":"📚 API Documentation: http://localhost:3000/api","timestamp":"2026-03-12 17:03:13"}
{"level":"info","message":"❤️  Health Check: http://localhost:3000/api/health","timestamp":"2026-03-12 17:03:13"}
{"level":"info","message":"✅ Database connected successfully","timestamp":"2026-03-12 17:03:15"}
{"level":"info","message":"🚀 Decentrashare API Server running on port 3000","timestamp":"2026-03-12 17:03:15"}
{"level":"info","message":"🌍 Environment: Development","timestamp":"2026-03-12 17:03:15"}
{"level":"info","message":"📚 API Documentation: http://localhost:3000/api","timestamp":"2026-03-12 17:03:15"}
{"level":"info","message":"❤️  Health Check: http://localhost:3000/api/health","timestamp":"2026-03-12 17:03:15"}
{"level":"info","message":"✅ Database connected successfully","timestamp":"2026-03-12 17:05:00"}
{"level":"info","message":"🚀 Decentrashare API Server running on port 3000","timestamp":"2026-03-12 17:05:00"}
{"level":"info","message":"🌍 Environment: Development","timestamp":"2026-03-12 17:05:00"}
{"level":"info","message":"📚 API Documentation: http://localhost:3000/api","timestamp":"2026-03-12 17:05:00"}
{"level":"info","message":"❤️  Health Check: http://localhost:3000/api/health","timestamp":"2026-03-12 17:05:00"}
{"level":"info","message":"✅ Database connected successfully","timestamp":"2026-03-12 17:05:05"}
{"level":"info","message":"🚀 Decentrashare API Server running on port 3000","timestamp":"2026-03-12 17:05:05"}
{"level":"info","message":"🌍 Environment: Development","timestamp":"2026-03-12 17:05:05"}
{"level":"info","message":"📚 API Documentation: http://localhost:3000/api","timestamp":"2026-03-12 17:05:05"}
{"level":"info","message":"❤️  Health Check: http://localhost:3000/api/health","timestamp":"2026-03-12 17:05:05"}
{"level":"info","message":"✅ Database connected successfully","timestamp":"2026-03-12 17:05:22"}
{"level":"info","message":"🚀 Decentrashare API Server running on port 3000","timestamp":"2026-03-12 17:05:22"}
{"level":"info","message":"🌍 Environment: Development","timestamp":"2026-03-12 17:05:22"}
{"level":"info","message":"📚 API Documentation: http://localhost:3000/api","timestamp":"2026-03-12 17:05:22"}
{"level":"info","message":"❤️  Health Check: http://localhost:3000/api/health","timestamp":"2026-03-12 17:05:22"}
{"level":"info","message":"✅ Database connected successfully","timestamp":"2026-03-12 17:05:47"}
{"level":"info","message":"🚀 Decentrashare API Server running on port 3000","timestamp":"2026-03-12 17:05:47"}
{"level":"info","message":"🌍 Environment: Development","timestamp":"2026-03-12 17:05:47"}
{"level":"info","message":"📚 API Documentation: http://localhost:3000/api","timestamp":"2026-03-12 17:05:47"}
{"level":"info","message":"❤️  Health Check: http://localhost:3000/api/health","timestamp":"2026-03-12 17:05:47"}
{"level":"info","message":"✅ Database connected successfully","timestamp":"2026-03-12 17:05:52"}
{"level":"info","message":"🚀 Decentrashare API Server running on port 3000","timestamp":"2026-03-12 17:05:52"}
{"level":"info","message":"🌍 Environment: Development","timestamp":"2026-03-12 17:05:52"}
{"level":"info","message":"📚 API Documentation: http://localhost:3000/api","timestamp":"2026-03-12 17:05:52"}
{"level":"info","message":"❤️  Health Check: http://localhost:3000/api/health","timestamp":"2026-03-12 17:05:52"}
{"level":"info","message":"✅ Database connected successfully","timestamp":"2026-03-12 17:07:35"}
{"level":"info","message":"🚀 Decentrashare API Server running on port 3000","timestamp":"2026-03-12 17:07:35"}
{"level":"info","message":"🌍 Environment: Development","timestamp":"2026-03-12 17:07:35"}
{"level":"info","message":"📚 API Documentation: http://localhost:3000/api","timestamp":"2026-03-12 17:07:35"}
{"level":"info","message":"❤️  Health Check: http://localhost:3000/api/health","timestamp":"2026-03-12 17:07:35"}
{"ip":"::ffff:127.0.0.1","level":"info","message":"[tge791szh] GET /api/auth/nonce/0xeAAdA62fCFbFa9718DfbDca31Caf107322318F91","method":"GET","requestId":"tge791szh","timestamp":"2026-03-12 17:09:10","url":"/api/auth/nonce/0xeAAdA62fCFbFa9718DfbDca31Caf107322318F91","userAgent":"insomnia/12.3.1"}
{"duration":46,"level":"info","message":"[tge791szh] 200 46ms","requestId":"tge791szh","statusCode":200,"timestamp":"2026-03-12 17:09:11"}
{"ip":"::ffff:127.0.0.1","level":"info","message":"[lu9jukem1] POST /api/auth/login","method":"POST","requestId":"lu9jukem1","timestamp":"2026-03-12 17:09:49","url":"/api/auth/login","userAgent":"insomnia/12.3.1"}
{"duration":4,"level":"info","message":"[lu9jukem1] 400 4ms","requestId":"lu9jukem1","statusCode":400,"timestamp":"2026-03-12 17:09:49"}
{"level":"info","message":"✅ Database connected successfully","timestamp":"2026-03-12 17:12:22"}
{"level":"info","message":"🚀 Decentrashare API Server running on port 3000","timestamp":"2026-03-12 17:12:22"}
{"level":"info","message":"🌍 Environment: Development","timestamp":"2026-03-12 17:12:22"}
{"level":"info","message":"📚 API Documentation: http://localhost:3000/api","timestamp":"2026-03-12 17:12:22"}
{"level":"info","message":"❤️  Health Check: http://localhost:3000/api/health","timestamp":"2026-03-12 17:12:22"}
{"ip":"::ffff:127.0.0.1","level":"info","message":"[w84cly0cc] POST /api/auth/login","method":"POST","requestId":"w84cly0cc","timestamp":"2026-03-12 17:12:24","url":"/api/auth/login","userAgent":"insomnia/12.3.1"}
{"level":"info","message":"[AUTH] Login success for wallet: 0xeaada62fcfbfa9718dfbdca31caf107322318f91","timestamp":"2026-03-12 17:12:24"}
{"duration":99,"level":"info","message":"[w84cly0cc] 200 99ms","requestId":"w84cly0cc","statusCode":200,"timestamp":"2026-03-12 17:12:24"}
{"ip":"::ffff:127.0.0.1","level":"info","message":"[fdheyl37o] POST /api/auth/login","method":"POST","requestId":"fdheyl37o","timestamp":"2026-03-12 17:12:34","url":"/api/auth/login","userAgent":"insomnia/12.3.1"}
{"duration":2,"level":"info","message":"[fdheyl37o] 400 2ms","requestId":"fdheyl37o","statusCode":400,"timestamp":"2026-03-12 17:12:34"}
{"ip":"::ffff:127.0.0.1","level":"info","message":"[dt0lnm86k] POST /api/auth/login","method":"POST","requestId":"dt0lnm86k","timestamp":"2026-03-12 17:12:39","url":"/api/auth/login","userAgent":"insomnia/12.3.1"}
{"duration":9,"level":"info","message":"[dt0lnm86k] 400 9ms","requestId":"dt0lnm86k","statusCode":400,"timestamp":"2026-03-12 17:12:39"}
{"ip":"::ffff:127.0.0.1","level":"info","message":"[czuekm2wo] POST /api/auth/login","method":"POST","requestId":"czuekm2wo","timestamp":"2026-03-12 17:12:44","url":"/api/auth/login","userAgent":"insomnia/12.3.1"}
{"level":"warn","message":"[AUTH] Failed login attempt: Invalid signature for wallet 0xeaada62fcfbfa9718dfbdca31caf107322318f91","timestamp":"2026-03-12 17:12:44"}
{"level":"error","message":"Unhandled error: Invalid signature","stack":"Error: Invalid signature\n    at <anonymous> (/home/dimas/project/decentrashare/backend/src/modules/auth/auth.service.ts:60:15)\n    at async <anonymous> (/home/dimas/project/decentrashare/backend/src/modules/auth/auth.controller.ts:44:49)\n    at processTicksAndRejections (native:7:39)","timestamp":"2026-03-12 17:12:44"}
{"duration":13,"level":"info","message":"[czuekm2wo] 500 13ms","requestId":"czuekm2wo","statusCode":500,"timestamp":"2026-03-12 17:12:44"}
{"level":"info","message":"✅ Database connected successfully","timestamp":"2026-03-12 20:53:13"}
{"level":"info","message":"🚀 Decentrashare API Server running on port 3000","timestamp":"2026-03-12 20:53:13"}
{"level":"info","message":"🌍 Environment: Development","timestamp":"2026-03-12 20:53:13"}
{"level":"info","message":"📚 API Documentation: http://localhost:3000/api","timestamp":"2026-03-12 20:53:13"}
{"level":"info","message":"❤️  Health Check: http://localhost:3000/api/health","timestamp":"2026-03-12 20:53:13"}
{"level":"info","message":"✅ Database connected successfully","timestamp":"2026-03-12 22:10:01"}
{"level":"info","message":"🚀 Decentrashare API Server running on port 3000","timestamp":"2026-03-12 22:10:01"}
{"level":"info","message":"🌍 Environment: Development","timestamp":"2026-03-12 22:10:01"}
{"level":"info","message":"📚 API Documentation: http://localhost:3000/api","timestamp":"2026-03-12 22:10:01"}
{"level":"info","message":"❤️  Health Check: http://localhost:3000/api/health","timestamp":"2026-03-12 22:10:01"}
{"level":"info","message":"✅ Database connected successfully","timestamp":"2026-03-12 22:10:04"}
{"level":"info","message":"🚀 Decentrashare API Server running on port 3000","timestamp":"2026-03-12 22:10:04"}
{"level":"info","message":"🌍 Environment: Development","timestamp":"2026-03-12 22:10:04"}
{"level":"info","message":"📚 API Documentation: http://localhost:3000/api","timestamp":"2026-03-12 22:10:04"}
{"level":"info","message":"❤️  Health Check: http://localhost:3000/api/health","timestamp":"2026-03-12 22:10:04"}
{"level":"info","message":"✅ Database connected successfully","timestamp":"2026-03-12 22:10:09"}
{"level":"info","message":"🚀 Decentrashare API Server running on port 3000","timestamp":"2026-03-12 22:10:09"}
{"level":"info","message":"🌍 Environment: Development","timestamp":"2026-03-12 22:10:09"}
{"level":"info","message":"📚 API Documentation: http://localhost:3000/api","timestamp":"2026-03-12 22:10:09"}
{"level":"info","message":"❤️  Health Check: http://localhost:3000/api/health","timestamp":"2026-03-12 22:10:09"}
{"ip":"::ffff:127.0.0.1","level":"info","message":"[c7cpgc6em] POST /api/documents/upload","method":"POST","requestId":"c7cpgc6em","timestamp":"2026-03-12 22:12:01","url":"/api/documents/upload","userAgent":"insomnia/12.3.1"}
{"level":"error","message":"[AUTH_MIDDLEWARE] Access denied: jwt malformed - IP: ::ffff:127.0.0.1","timestamp":"2026-03-12 22:12:01"}
{"duration":31,"level":"info","message":"[c7cpgc6em] 401 31ms","requestId":"c7cpgc6em","statusCode":401,"timestamp":"2026-03-12 22:12:01"}
{"ip":"::ffff:127.0.0.1","level":"info","message":"[9cqgsd8md] GET /api/auth/nonce/0xeAAdA62fCFbFa9718DfbDca31Caf107322318F91","method":"GET","requestId":"9cqgsd8md","timestamp":"2026-03-12 22:16:42","url":"/api/auth/nonce/0xeAAdA62fCFbFa9718DfbDca31Caf107322318F91","userAgent":"insomnia/12.3.1"}
{"duration":105,"level":"info","message":"[9cqgsd8md] 200 105ms","requestId":"9cqgsd8md","statusCode":200,"timestamp":"2026-03-12 22:16:42"}
{"ip":"::1","level":"info","message":"[mnilifn2t] GET /api/health","method":"GET","requestId":"mnilifn2t","timestamp":"2026-03-12 22:16:54","url":"/api/health","userAgent":"Mozilla/5.0 (X11; Linux x86_64) AppleWebKit/537.36 (KHTML, like Gecko) Chrome/145.0.0.0 Safari/537.36"}
{"duration":4,"level":"info","message":"[mnilifn2t] 200 4ms","requestId":"mnilifn2t","statusCode":200,"timestamp":"2026-03-12 22:16:54"}
{"ip":"::1","level":"info","message":"[8jz6gxovf] GET /favicon.ico","method":"GET","requestId":"8jz6gxovf","timestamp":"2026-03-12 22:16:55","url":"/favicon.ico","userAgent":"Mozilla/5.0 (X11; Linux x86_64) AppleWebKit/537.36 (KHTML, like Gecko) Chrome/145.0.0.0 Safari/537.36"}
{"duration":4,"level":"info","message":"[8jz6gxovf] 404 4ms","requestId":"8jz6gxovf","statusCode":404,"timestamp":"2026-03-12 22:16:55"}
{"ip":"::1","level":"info","message":"[v319srwcj] GET /.well-known/appspecific/com.chrome.devtools.json","method":"GET","requestId":"v319srwcj","timestamp":"2026-03-12 22:16:57","url":"/.well-known/appspecific/com.chrome.devtools.json","userAgent":"Mozilla/5.0 (X11; Linux x86_64) AppleWebKit/537.36 (KHTML, like Gecko) Chrome/145.0.0.0 Safari/537.36"}
{"duration":3,"level":"info","message":"[v319srwcj] 404 3ms","requestId":"v319srwcj","statusCode":404,"timestamp":"2026-03-12 22:16:57"}
{"ip":"::ffff:127.0.0.1","level":"info","message":"[ubc9xu5ur] POST /api/auth/login","method":"POST","requestId":"ubc9xu5ur","timestamp":"2026-03-12 22:18:48","url":"/api/auth/login","userAgent":"insomnia/12.3.1"}
{"level":"info","message":"[AUTH] Login success for wallet: 0xeaada62fcfbfa9718dfbdca31caf107322318f91","timestamp":"2026-03-12 22:18:48"}
{"duration":230,"level":"info","message":"[ubc9xu5ur] 200 230ms","requestId":"ubc9xu5ur","statusCode":200,"timestamp":"2026-03-12 22:18:48"}
{"ip":"::ffff:127.0.0.1","level":"info","message":"[3hojg4an9] POST /api/documents/upload","method":"POST","requestId":"3hojg4an9","timestamp":"2026-03-12 22:19:38","url":"/api/documents/upload","userAgent":"insomnia/12.3.1"}
{"level":"info","message":"[IPFS] Uploading file to Pinata: satu.png","timestamp":"2026-03-12 22:19:38"}
{"level":"info","message":"[IPFS] File successfully pinned with CID: bafkreid75h666yugm74ltqucjjkehzqtjf2e2f7pl45tnyh3ockthk7r4q","timestamp":"2026-03-12 22:19:43"}
{"duration":4678,"level":"info","message":"[3hojg4an9] 201 4678ms","requestId":"3hojg4an9","statusCode":201,"timestamp":"2026-03-12 22:19:43"}
{"level":"info","message":"✅ Database connected successfully","timestamp":"2026-03-12 23:36:52"}
{"level":"info","message":"🚀 Decentrashare API Server running on port 3000","timestamp":"2026-03-12 23:36:52"}
{"level":"info","message":"🌍 Environment: Development","timestamp":"2026-03-12 23:36:52"}
{"level":"info","message":"📚 API Documentation: http://localhost:3000/api","timestamp":"2026-03-12 23:36:52"}
{"level":"info","message":"❤️  Health Check: http://localhost:3000/api/health","timestamp":"2026-03-12 23:36:52"}
{"level":"info","message":"✅ Database connected successfully","timestamp":"2026-03-12 23:36:57"}
{"level":"info","message":"🚀 Decentrashare API Server running on port 3000","timestamp":"2026-03-12 23:36:57"}
{"level":"info","message":"🌍 Environment: Development","timestamp":"2026-03-12 23:36:57"}
{"level":"info","message":"📚 API Documentation: http://localhost:3000/api","timestamp":"2026-03-12 23:36:57"}
{"level":"info","message":"❤️  Health Check: http://localhost:3000/api/health","timestamp":"2026-03-12 23:36:57"}
{"level":"info","message":"✅ Database connected successfully","timestamp":"2026-03-13 21:58:06"}
{"level":"info","message":"🚀 Decentrashare API Server running on port 3000","timestamp":"2026-03-13 21:58:06"}
{"level":"info","message":"🌍 Environment: Development","timestamp":"2026-03-13 21:58:06"}
{"level":"info","message":"📚 API Documentation: http://localhost:3000/api","timestamp":"2026-03-13 21:58:06"}
{"level":"info","message":"❤️  Health Check: http://localhost:3000/api/health","timestamp":"2026-03-13 21:58:06"}
{"ip":"::ffff:127.0.0.1","level":"info","message":"[s3a7hjxzs] POST /api/documents/upload","method":"POST","requestId":"s3a7hjxzs","timestamp":"2026-03-13 22:00:58","url":"/api/documents/upload","userAgent":"insomnia/12.3.1"}
{"level":"error","message":"[AUTH_MIDDLEWARE] Access denied: jwt expired - IP: ::ffff:127.0.0.1","timestamp":"2026-03-13 22:00:58"}
{"duration":32,"level":"info","message":"[s3a7hjxzs] 401 32ms","requestId":"s3a7hjxzs","statusCode":401,"timestamp":"2026-03-13 22:00:58"}
{"level":"info","message":"SIGINT received, shutting down gracefully...","timestamp":"2026-03-13 22:04:44"}
{"level":"info","message":"HTTP server closed","timestamp":"2026-03-13 22:04:44"}
{"level":"info","message":"SIGINT received, shutting down gracefully...","timestamp":"2026-03-13 22:04:44"}
{"level":"info","message":"HTTP server closed","timestamp":"2026-03-13 22:04:44"}
{"level":"info","message":"✅ Database disconnected successfully","timestamp":"2026-03-13 22:04:44"}
{"level":"info","message":"✅ Database connected successfully","timestamp":"2026-03-13 22:04:50"}
{"level":"info","message":"🚀 Decentrashare API Server running on port 3000","timestamp":"2026-03-13 22:04:50"}
{"level":"info","message":"🌍 Environment: Development","timestamp":"2026-03-13 22:04:50"}
{"level":"info","message":"📚 API Documentation: http://localhost:3000/api","timestamp":"2026-03-13 22:04:50"}
{"level":"info","message":"❤️  Health Check: http://localhost:3000/api/health","timestamp":"2026-03-13 22:04:50"}
{"ip":"::1","level":"info","message":"[j5tw3ishw] GET /api/health","method":"GET","requestId":"j5tw3ishw","timestamp":"2026-03-13 22:07:48","url":"/api/health","userAgent":"Mozilla/5.0 (X11; Linux x86_64) AppleWebKit/537.36 (KHTML, like Gecko) Chrome/145.0.0.0 Safari/537.36"}
{"duration":18,"level":"info","message":"[j5tw3ishw] 200 18ms","requestId":"j5tw3ishw","statusCode":200,"timestamp":"2026-03-13 22:07:48"}
{"ip":"::1","level":"info","message":"[icdve7w1k] GET /favicon.ico","method":"GET","requestId":"icdve7w1k","timestamp":"2026-03-13 22:07:48","url":"/favicon.ico","userAgent":"Mozilla/5.0 (X11; Linux x86_64) AppleWebKit/537.36 (KHTML, like Gecko) Chrome/145.0.0.0 Safari/537.36"}
{"duration":5,"level":"info","message":"[icdve7w1k] 404 5ms","requestId":"icdve7w1k","statusCode":404,"timestamp":"2026-03-13 22:07:48"}
{"ip":"::1","level":"info","message":"[qo78k2xos] GET /.well-known/appspecific/com.chrome.devtools.json","method":"GET","requestId":"qo78k2xos","timestamp":"2026-03-13 22:11:08","url":"/.well-known/appspecific/com.chrome.devtools.json","userAgent":"Mozilla/5.0 (X11; Linux x86_64) AppleWebKit/537.36 (KHTML, like Gecko) Chrome/145.0.0.0 Safari/537.36"}
{"duration":19,"level":"info","message":"[qo78k2xos] 404 19ms","requestId":"qo78k2xos","statusCode":404,"timestamp":"2026-03-13 22:11:08"}
{"ip":"::ffff:127.0.0.1","level":"info","message":"[8mlmstwrj] GET /api/auth/nonce/0xc15764A9Cb248D9c91f169f47966FC7F94d1Ea1A","method":"GET","requestId":"8mlmstwrj","timestamp":"2026-03-13 22:13:44","url":"/api/auth/nonce/0xc15764A9Cb248D9c91f169f47966FC7F94d1Ea1A","userAgent":"insomnia/12.3.1"}
{"duration":119,"level":"info","message":"[8mlmstwrj] 200 119ms","requestId":"8mlmstwrj","statusCode":200,"timestamp":"2026-03-13 22:13:44"}
{"ip":"::ffff:127.0.0.1","level":"info","message":"[g8mpz36bp] POST /api/auth/login","method":"POST","requestId":"g8mpz36bp","timestamp":"2026-03-13 22:14:48","url":"/api/auth/login","userAgent":"insomnia/12.3.1"}
{"level":"error","message":"Unhandled error: User not found. Please request nonce first.","stack":"Error: User not found. Please request nonce first.\n    at <anonymous> (/home/dimas/project/decentrashare/backend/src/modules/auth/auth.service.ts:48:24)\n    at async <anonymous> (/home/dimas/project/decentrashare/backend/src/modules/auth/auth.controller.ts:44:49)\n    at processTicksAndRejections (native:7:39)","timestamp":"2026-03-13 22:14:48"}
{"duration":9,"level":"info","message":"[g8mpz36bp] 500 9ms","requestId":"g8mpz36bp","statusCode":500,"timestamp":"2026-03-13 22:14:48"}
{"ip":"::ffff:127.0.0.1","level":"info","message":"[a9ly18uvy] POST /api/auth/login","method":"POST","requestId":"a9ly18uvy","timestamp":"2026-03-13 22:15:21","url":"/api/auth/login","userAgent":"insomnia/12.3.1"}
{"level":"error","message":"Unhandled error: User not registered. Please register first.","stack":"Error: User not registered. Please register first.\n    at <anonymous> (/home/dimas/project/decentrashare/backend/src/modules/auth/auth.service.ts:49:37)\n    at async <anonymous> (/home/dimas/project/decentrashare/backend/src/modules/auth/auth.controller.ts:44:49)\n    at processTicksAndRejections (native:7:39)","timestamp":"2026-03-13 22:15:21"}
{"duration":8,"level":"info","message":"[a9ly18uvy] 500 8ms","requestId":"a9ly18uvy","statusCode":500,"timestamp":"2026-03-13 22:15:21"}
{"ip":"::ffff:127.0.0.1","level":"info","message":"[tcv67muoh] POST /api/auth/register","method":"POST","requestId":"tcv67muoh","timestamp":"2026-03-13 22:15:46","url":"/api/auth/register","userAgent":"insomnia/12.3.1"}
{"level":"warn","message":"[AUTH] Failed registration attempt: Invalid signature for wallet 0xc15764a9cb248d9c91f169f47966fc7f94d1ea1a","timestamp":"2026-03-13 22:15:46"}
{"level":"error","message":"Unhandled error: Invalid signature","stack":"Error: Invalid signature\n    at <anonymous> (/home/dimas/project/decentrashare/backend/src/modules/auth/auth.service.ts:113:15)\n    at async <anonymous> (/home/dimas/project/decentrashare/backend/src/modules/auth/auth.controller.ts:73:26)\n    at processTicksAndRejections (native:7:39)","timestamp":"2026-03-13 22:15:46"}
{"duration":18,"level":"info","message":"[tcv67muoh] 500 18ms","requestId":"tcv67muoh","statusCode":500,"timestamp":"2026-03-13 22:15:46"}
{"ip":"::ffff:127.0.0.1","level":"info","message":"[bscs69r7i] GET /api/auth/nonce/0xc15764A9Cb248D9c91f169f47966FC7F94d1Ea1A","method":"GET","requestId":"bscs69r7i","timestamp":"2026-03-13 22:15:53","url":"/api/auth/nonce/0xc15764A9Cb248D9c91f169f47966FC7F94d1Ea1A","userAgent":"insomnia/12.3.1"}
{"duration":8,"level":"info","message":"[bscs69r7i] 200 8ms","requestId":"bscs69r7i","statusCode":200,"timestamp":"2026-03-13 22:15:53"}
{"ip":"::ffff:127.0.0.1","level":"info","message":"[bybg17he6] POST /api/auth/register","method":"POST","requestId":"bybg17he6","timestamp":"2026-03-13 22:16:24","url":"/api/auth/register","userAgent":"insomnia/12.3.1"}
{"level":"warn","message":"[AUTH] Failed registration attempt: Invalid signature for wallet 0xc15764a9cb248d9c91f169f47966fc7f94d1ea1a","timestamp":"2026-03-13 22:16:24"}
{"level":"error","message":"Unhandled error: Invalid signature","stack":"Error: Invalid signature\n    at <anonymous> (/home/dimas/project/decentrashare/backend/src/modules/auth/auth.service.ts:113:15)\n    at async <anonymous> (/home/dimas/project/decentrashare/backend/src/modules/auth/auth.controller.ts:73:26)\n    at processTicksAndRejections (native:7:39)","timestamp":"2026-03-13 22:16:24"}
{"duration":33,"level":"info","message":"[bybg17he6] 500 33ms","requestId":"bybg17he6","statusCode":500,"timestamp":"2026-03-13 22:16:24"}
{"ip":"::ffff:127.0.0.1","level":"info","message":"[nf2yccrwa] GET /api/auth/nonce/0xc15764A9Cb248D9c91f169f47966FC7F94d1Ea1A","method":"GET","requestId":"nf2yccrwa","timestamp":"2026-03-13 22:16:54","url":"/api/auth/nonce/0xc15764A9Cb248D9c91f169f47966FC7F94d1Ea1A","userAgent":"insomnia/12.3.1"}
{"duration":45,"level":"info","message":"[nf2yccrwa] 200 45ms","requestId":"nf2yccrwa","statusCode":200,"timestamp":"2026-03-13 22:16:54"}
{"ip":"::ffff:127.0.0.1","level":"info","message":"[y67zt91o1] POST /api/auth/register","method":"POST","requestId":"y67zt91o1","timestamp":"2026-03-13 22:17:31","url":"/api/auth/register","userAgent":"insomnia/12.3.1"}
{"level":"info","message":"[AUTH] New user registered: 0xc15764a9cb248d9c91f169f47966fc7f94d1ea1a","timestamp":"2026-03-13 22:17:31"}
{"duration":59,"level":"info","message":"[y67zt91o1] 201 59ms","requestId":"y67zt91o1","statusCode":201,"timestamp":"2026-03-13 22:17:31"}
{"ip":"::ffff:127.0.0.1","level":"info","message":"[hn6z6tbzm] POST /api/auth/login","method":"POST","requestId":"hn6z6tbzm","timestamp":"2026-03-13 22:18:29","url":"/api/auth/login","userAgent":"insomnia/12.3.1"}
{"level":"warn","message":"[AUTH] Failed login attempt: Invalid signature for wallet 0xc15764a9cb248d9c91f169f47966fc7f94d1ea1a","timestamp":"2026-03-13 22:18:29"}
{"level":"error","message":"Unhandled error: Invalid signature","stack":"Error: Invalid signature\n    at <anonymous> (/home/dimas/project/decentrashare/backend/src/modules/auth/auth.service.ts:60:15)\n    at async <anonymous> (/home/dimas/project/decentrashare/backend/src/modules/auth/auth.controller.ts:44:49)\n    at processTicksAndRejections (native:7:39)","timestamp":"2026-03-13 22:18:29"}
{"duration":45,"level":"info","message":"[hn6z6tbzm] 500 45ms","requestId":"hn6z6tbzm","statusCode":500,"timestamp":"2026-03-13 22:18:29"}
{"ip":"::ffff:127.0.0.1","level":"info","message":"[prxn005vl] GET /api/auth/nonce/0xc15764A9Cb248D9c91f169f47966FC7F94d1Ea1A","method":"GET","requestId":"prxn005vl","timestamp":"2026-03-13 22:18:48","url":"/api/auth/nonce/0xc15764A9Cb248D9c91f169f47966FC7F94d1Ea1A","userAgent":"insomnia/12.3.1"}
{"duration":39,"level":"info","message":"[prxn005vl] 200 39ms","requestId":"prxn005vl","statusCode":200,"timestamp":"2026-03-13 22:18:48"}
{"ip":"::ffff:127.0.0.1","level":"info","message":"[oqezuigwk] POST /api/auth/login","method":"POST","requestId":"oqezuigwk","timestamp":"2026-03-13 22:19:21","url":"/api/auth/login","userAgent":"insomnia/12.3.1"}
{"level":"info","message":"[AUTH] Login success for wallet: 0xc15764a9cb248d9c91f169f47966fc7f94d1ea1a","timestamp":"2026-03-13 22:19:21"}
{"duration":30,"level":"info","message":"[oqezuigwk] 200 30ms","requestId":"oqezuigwk","statusCode":200,"timestamp":"2026-03-13 22:19:21"}
{"ip":"::ffff:127.0.0.1","level":"info","message":"[19ikk6zk9] GET /api/auth/me","method":"GET","requestId":"19ikk6zk9","timestamp":"2026-03-13 22:19:43","url":"/api/auth/me","userAgent":"insomnia/12.3.1"}
{"duration":34,"level":"info","message":"[19ikk6zk9] 200 34ms","requestId":"19ikk6zk9","statusCode":200,"timestamp":"2026-03-13 22:19:43"}
{"ip":"::ffff:127.0.0.1","level":"info","message":"[ui4knfkhg] POST /api/documents/upload","method":"POST","requestId":"ui4knfkhg","timestamp":"2026-03-13 22:20:48","url":"/api/documents/upload","userAgent":"insomnia/12.3.1"}
{"level":"info","message":"[IPFS] Uploading file to Pinata: w  .png","timestamp":"2026-03-13 22:20:48"}
{"level":"info","message":"[CHAIN] Recording file to blockchain: CID=bafybeif3g2pi3l5iianaagopauts6f2ird4hgj76tr6zu7i4oqd2zorbqe","timestamp":"2026-03-13 22:20:53"}
{"level":"info","message":"[UPLOAD] Success. CID=bafybeif3g2pi3l5iianaagopauts6f2ird4hgj76tr6zu7i4oqd2zorbqe TX=0xf3d7497b909b71fe5bc963be64b2ab03c55a6b6c8ab527146c159dede35c6114","timestamp":"2026-03-13 22:20:53"}
{"duration":4958,"level":"info","message":"[ui4knfkhg] 201 4958ms","requestId":"ui4knfkhg","statusCode":201,"timestamp":"2026-03-13 22:20:53"}
{"level":"info","message":"✅ Database connected successfully","timestamp":"2026-03-13 22:59:26"}
{"level":"info","message":"🚀 Decentrashare API Server running on port 3000","timestamp":"2026-03-13 22:59:26"}
{"level":"info","message":"🌍 Environment: Development","timestamp":"2026-03-13 22:59:26"}
{"level":"info","message":"📚 API Documentation: http://localhost:3000/api","timestamp":"2026-03-13 22:59:26"}
{"level":"info","message":"❤️  Health Check: http://localhost:3000/api/health","timestamp":"2026-03-13 22:59:26"}
{"level":"info","message":"✅ Database connected successfully","timestamp":"2026-03-13 22:59:27"}
{"level":"info","message":"🚀 Decentrashare API Server running on port 3000","timestamp":"2026-03-13 22:59:27"}
{"level":"info","message":"🌍 Environment: Development","timestamp":"2026-03-13 22:59:27"}
{"level":"info","message":"📚 API Documentation: http://localhost:3000/api","timestamp":"2026-03-13 22:59:27"}
{"level":"info","message":"❤️  Health Check: http://localhost:3000/api/health","timestamp":"2026-03-13 22:59:27"}
{"level":"info","message":"✅ Database connected successfully","timestamp":"2026-03-13 22:59:32"}
{"level":"info","message":"🚀 Decentrashare API Server running on port 3000","timestamp":"2026-03-13 22:59:32"}
{"level":"info","message":"🌍 Environment: Development","timestamp":"2026-03-13 22:59:32"}
{"level":"info","message":"📚 API Documentation: http://localhost:3000/api","timestamp":"2026-03-13 22:59:32"}
{"level":"info","message":"❤️  Health Check: http://localhost:3000/api/health","timestamp":"2026-03-13 22:59:32"}
{"ip":"::ffff:127.0.0.1","level":"info","message":"[7u1xxg4ih] GET /api/documents/me","method":"GET","requestId":"7u1xxg4ih","timestamp":"2026-03-13 23:00:18","url":"/api/documents/me","userAgent":"insomnia/12.3.1"}
{"level":"error","message":"[AUTH_MIDDLEWARE] Access denied: jwt expired - IP: ::ffff:127.0.0.1","timestamp":"2026-03-13 23:00:18"}
{"duration":35,"level":"info","message":"[7u1xxg4ih] 401 35ms","requestId":"7u1xxg4ih","statusCode":401,"timestamp":"2026-03-13 23:00:18"}
{"ip":"::ffff:127.0.0.1","level":"info","message":"[2r1e2o1s7] GET /api/documents/me","method":"GET","requestId":"2r1e2o1s7","timestamp":"2026-03-13 23:01:09","url":"/api/documents/me","userAgent":"insomnia/12.3.1"}
{"level":"error","message":"[AUTH_MIDDLEWARE] Access denied: jwt expired - IP: ::ffff:127.0.0.1","timestamp":"2026-03-13 23:01:09"}
{"duration":17,"level":"info","message":"[2r1e2o1s7] 401 17ms","requestId":"2r1e2o1s7","statusCode":401,"timestamp":"2026-03-13 23:01:09"}
{"ip":"::ffff:127.0.0.1","level":"info","message":"[35alp3qyp] POST /api/documents/upload","method":"POST","requestId":"35alp3qyp","timestamp":"2026-03-13 23:01:23","url":"/api/documents/upload","userAgent":"insomnia/12.3.1"}
{"level":"error","message":"[AUTH_MIDDLEWARE] Access denied: jwt expired - IP: ::ffff:127.0.0.1","timestamp":"2026-03-13 23:01:23"}
{"duration":5,"level":"info","message":"[35alp3qyp] 401 5ms","requestId":"35alp3qyp","statusCode":401,"timestamp":"2026-03-13 23:01:23"}
{"ip":"::ffff:127.0.0.1","level":"info","message":"[f07rwoc6y] GET /api/auth/nonce/0xc15764A9Cb248D9c91f169f47966FC7F94d1Ea1A","method":"GET","requestId":"f07rwoc6y","timestamp":"2026-03-13 23:20:32","url":"/api/auth/nonce/0xc15764A9Cb248D9c91f169f47966FC7F94d1Ea1A","userAgent":"insomnia/12.3.1"}
{"duration":131,"level":"info","message":"[f07rwoc6y] 200 131ms","requestId":"f07rwoc6y","statusCode":200,"timestamp":"2026-03-13 23:20:32"}
{"ip":"::ffff:127.0.0.1","level":"info","message":"[0d6r8dyes] POST /api/auth/login","method":"POST","requestId":"0d6r8dyes","timestamp":"2026-03-13 23:21:14","url":"/api/auth/login","userAgent":"insomnia/12.3.1"}
{"level":"info","message":"[AUTH] Login success for wallet: 0xc15764a9cb248d9c91f169f47966fc7f94d1ea1a","timestamp":"2026-03-13 23:21:14"}
{"duration":43,"level":"info","message":"[0d6r8dyes] 200 43ms","requestId":"0d6r8dyes","statusCode":200,"timestamp":"2026-03-13 23:21:14"}
{"ip":"::ffff:127.0.0.1","level":"info","message":"[aplqb2qm7] GET /api/documents/me","method":"GET","requestId":"aplqb2qm7","timestamp":"2026-03-13 23:21:28","url":"/api/documents/me","userAgent":"insomnia/12.3.1"}
{"duration":12,"level":"info","message":"[aplqb2qm7] 200 12ms","requestId":"aplqb2qm7","statusCode":200,"timestamp":"2026-03-13 23:21:28"}
{"level":"info","message":"✅ Database connected successfully","timestamp":"2026-03-13 23:32:42"}
{"level":"info","message":"🚀 Decentrashare API Server running on port 3000","timestamp":"2026-03-13 23:32:42"}
{"level":"info","message":"🌍 Environment: Development","timestamp":"2026-03-13 23:32:42"}
{"level":"info","message":"📚 API Documentation: http://localhost:3000/api","timestamp":"2026-03-13 23:32:42"}
{"level":"info","message":"❤️  Health Check: http://localhost:3000/api/health","timestamp":"2026-03-13 23:32:42"}
{"level":"info","message":"✅ Database connected successfully","timestamp":"2026-03-13 23:33:04"}
{"level":"info","message":"🚀 Decentrashare API Server running on port 3000","timestamp":"2026-03-13 23:33:04"}
{"level":"info","message":"🌍 Environment: Development","timestamp":"2026-03-13 23:33:04"}
{"level":"info","message":"📚 API Documentation: http://localhost:3000/api","timestamp":"2026-03-13 23:33:04"}
{"level":"info","message":"❤️  Health Check: http://localhost:3000/api/health","timestamp":"2026-03-13 23:33:04"}
{"level":"info","message":"✅ Database connected successfully","timestamp":"2026-03-13 23:33:16"}
{"level":"info","message":"🚀 Decentrashare API Server running on port 3000","timestamp":"2026-03-13 23:33:16"}
{"level":"info","message":"🌍 Environment: Development","timestamp":"2026-03-13 23:33:16"}
{"level":"info","message":"📚 API Documentation: http://localhost:3000/api","timestamp":"2026-03-13 23:33:16"}
{"level":"info","message":"❤️  Health Check: http://localhost:3000/api/health","timestamp":"2026-03-13 23:33:16"}
{"level":"info","message":"✅ Database connected successfully","timestamp":"2026-03-13 23:33:19"}
{"level":"info","message":"🚀 Decentrashare API Server running on port 3000","timestamp":"2026-03-13 23:33:19"}
{"level":"info","message":"🌍 Environment: Development","timestamp":"2026-03-13 23:33:19"}
{"level":"info","message":"📚 API Documentation: http://localhost:3000/api","timestamp":"2026-03-13 23:33:19"}
{"level":"info","message":"❤️  Health Check: http://localhost:3000/api/health","timestamp":"2026-03-13 23:33:19"}
{"level":"info","message":"✅ Database connected successfully","timestamp":"2026-03-13 23:33:30"}
{"level":"info","message":"🚀 Decentrashare API Server running on port 3000","timestamp":"2026-03-13 23:33:30"}
{"level":"info","message":"🌍 Environment: Development","timestamp":"2026-03-13 23:33:30"}
{"level":"info","message":"📚 API Documentation: http://localhost:3000/api","timestamp":"2026-03-13 23:33:30"}
{"level":"info","message":"❤️  Health Check: http://localhost:3000/api/health","timestamp":"2026-03-13 23:33:30"}
{"level":"info","message":"✅ Database connected successfully","timestamp":"2026-03-13 23:33:33"}
{"level":"info","message":"🚀 Decentrashare API Server running on port 3000","timestamp":"2026-03-13 23:33:33"}
{"level":"info","message":"🌍 Environment: Development","timestamp":"2026-03-13 23:33:33"}
{"level":"info","message":"📚 API Documentation: http://localhost:3000/api","timestamp":"2026-03-13 23:33:33"}
{"level":"info","message":"❤️  Health Check: http://localhost:3000/api/health","timestamp":"2026-03-13 23:33:33"}
{"ip":"::ffff:127.0.0.1","level":"info","message":"[s53x1ig5l] GET /api/documents/me","method":"GET","requestId":"s53x1ig5l","timestamp":"2026-03-13 23:33:58","url":"/api/documents/me","userAgent":"insomnia/12.3.1"}
{"duration":121,"level":"info","message":"[s53x1ig5l] 200 121ms","requestId":"s53x1ig5l","statusCode":200,"timestamp":"2026-03-13 23:33:58"}
{"ip":"::ffff:127.0.0.1","level":"info","message":"[3oetqg2o9] GET /api/documents/me","method":"GET","requestId":"3oetqg2o9","timestamp":"2026-03-13 23:34:00","url":"/api/documents/me","userAgent":"insomnia/12.3.1"}
{"duration":8,"level":"info","message":"[3oetqg2o9] 200 8ms","requestId":"3oetqg2o9","statusCode":200,"timestamp":"2026-03-13 23:34:00"}
{"ip":"::ffff:127.0.0.1","level":"info","message":"[0r9nkphcg] GET /api/documents/me","method":"GET","requestId":"0r9nkphcg","timestamp":"2026-03-13 23:46:08","url":"/api/documents/me","userAgent":"insomnia/12.3.1"}
{"level":"error","message":"[AUTH_MIDDLEWARE] Access denied: jwt expired - IP: ::ffff:127.0.0.1","timestamp":"2026-03-13 23:46:08"}
{"duration":27,"level":"info","message":"[0r9nkphcg] 401 27ms","requestId":"0r9nkphcg","statusCode":401,"timestamp":"2026-03-13 23:46:08"}
{"level":"info","message":"✅ Database connected successfully","timestamp":"2026-03-13 23:46:42"}
{"level":"info","message":"🚀 Decentrashare API Server running on port 3000","timestamp":"2026-03-13 23:46:42"}
{"level":"info","message":"🌍 Environment: Development","timestamp":"2026-03-13 23:46:42"}
{"level":"info","message":"📚 API Documentation: http://localhost:3000/api","timestamp":"2026-03-13 23:46:42"}
{"level":"info","message":"❤️  Health Check: http://localhost:3000/api/health","timestamp":"2026-03-13 23:46:42"}
{"ip":"::ffff:127.0.0.1","level":"info","message":"[4jxkzov81] GET /api/auth/nonce/0x16766c57fd33736f34e7c6bc98eefb684c7359e3011261b14c93940ef4e25bf7","method":"GET","requestId":"4jxkzov81","timestamp":"2026-03-13 23:47:18","url":"/api/auth/nonce/0x16766c57fd33736f34e7c6bc98eefb684c7359e3011261b14c93940ef4e25bf7","userAgent":"insomnia/12.3.1"}
{"duration":87,"level":"info","message":"[4jxkzov81] 200 87ms","requestId":"4jxkzov81","statusCode":200,"timestamp":"2026-03-13 23:47:18"}
{"ip":"::ffff:127.0.0.1","level":"info","message":"[b9quftkck] POST /api/auth/register","method":"POST","requestId":"b9quftkck","timestamp":"2026-03-13 23:49:37","url":"/api/auth/register","userAgent":"insomnia/12.3.1"}
{"duration":10,"level":"info","message":"[b9quftkck] 400 10ms","requestId":"b9quftkck","statusCode":400,"timestamp":"2026-03-13 23:49:37"}
{"ip":"::ffff:127.0.0.1","level":"info","message":"[imf7wocw4] POST /api/auth/register","method":"POST","requestId":"imf7wocw4","timestamp":"2026-03-13 23:49:51","url":"/api/auth/register","userAgent":"insomnia/12.3.1"}
{"level":"error","message":"Unhandled error: User already registered.","stack":"Error: User already registered.\n    at <anonymous> (/home/dimas/project/decentrashare/backend/src/modules/auth/auth.service.ts:102:36)\n    at async <anonymous> (/home/dimas/project/decentrashare/backend/src/modules/auth/auth.controller.ts:73:26)\n    at processTicksAndRejections (native:7:39)","timestamp":"2026-03-13 23:49:51"}
{"duration":49,"level":"info","message":"[imf7wocw4] 500 49ms","requestId":"imf7wocw4","statusCode":500,"timestamp":"2026-03-13 23:49:51"}
{"ip":"::ffff:127.0.0.1","level":"info","message":"[gaf8dd14e] GET /api/auth/nonce/0xD979f5F19f53A4a26d22a4C497da1Adfc6BD51cd","method":"GET","requestId":"gaf8dd14e","timestamp":"2026-03-13 23:50:38","url":"/api/auth/nonce/0xD979f5F19f53A4a26d22a4C497da1Adfc6BD51cd","userAgent":"insomnia/12.3.1"}
{"duration":19,"level":"info","message":"[gaf8dd14e] 200 19ms","requestId":"gaf8dd14e","statusCode":200,"timestamp":"2026-03-13 23:50:38"}
{"ip":"::ffff:127.0.0.1","level":"info","message":"[ii9aa75qq] POST /api/auth/register","method":"POST","requestId":"ii9aa75qq","timestamp":"2026-03-13 23:51:08","url":"/api/auth/register","userAgent":"insomnia/12.3.1"}
{"level":"error","message":"Unhandled error: User already registered.","stack":"Error: User already registered.\n    at <anonymous> (/home/dimas/project/decentrashare/backend/src/modules/auth/auth.service.ts:102:36)\n    at async <anonymous> (/home/dimas/project/decentrashare/backend/src/modules/auth/auth.controller.ts:73:26)\n    at processTicksAndRejections (native:7:39)","timestamp":"2026-03-13 23:51:08"}
{"duration":21,"level":"info","message":"[ii9aa75qq] 500 21ms","requestId":"ii9aa75qq","statusCode":500,"timestamp":"2026-03-13 23:51:08"}
{"ip":"::ffff:127.0.0.1","level":"info","message":"[5cayglew9] POST /api/auth/login","method":"POST","requestId":"5cayglew9","timestamp":"2026-03-13 23:51:29","url":"/api/auth/login","userAgent":"insomnia/12.3.1"}
{"level":"error","message":"Unhandled error: User not registered. Please register first.","stack":"Error: User not registered. Please register first.\n    at <anonymous> (/home/dimas/project/decentrashare/backend/src/modules/auth/auth.service.ts:49:37)\n    at async <anonymous> (/home/dimas/project/decentrashare/backend/src/modules/auth/auth.controller.ts:44:49)\n    at processTicksAndRejections (native:7:39)","timestamp":"2026-03-13 23:51:29"}
{"duration":17,"level":"info","message":"[5cayglew9] 500 17ms","requestId":"5cayglew9","statusCode":500,"timestamp":"2026-03-13 23:51:29"}
{"ip":"::ffff:127.0.0.1","level":"info","message":"[ngy17d00n] POST /api/auth/register","method":"POST","requestId":"ngy17d00n","timestamp":"2026-03-13 23:51:40","url":"/api/auth/register","userAgent":"insomnia/12.3.1"}
{"level":"warn","message":"[AUTH] Failed registration attempt: Invalid signature for wallet 0xd979f5f19f53a4a26d22a4c497da1adfc6bd51cd","timestamp":"2026-03-13 23:51:40"}
{"level":"error","message":"Unhandled error: Invalid signature","stack":"Error: Invalid signature\n    at <anonymous> (/home/dimas/project/decentrashare/backend/src/modules/auth/auth.service.ts:113:15)\n    at async <anonymous> (/home/dimas/project/decentrashare/backend/src/modules/auth/auth.controller.ts:73:26)\n    at processTicksAndRejections (native:7:39)","timestamp":"2026-03-13 23:51:40"}
{"duration":36,"level":"info","message":"[ngy17d00n] 500 36ms","requestId":"ngy17d00n","statusCode":500,"timestamp":"2026-03-13 23:51:40"}
{"ip":"::ffff:127.0.0.1","level":"info","message":"[41st9x474] POST /api/auth/register","method":"POST","requestId":"41st9x474","timestamp":"2026-03-13 23:51:55","url":"/api/auth/register","userAgent":"insomnia/12.3.1"}
{"level":"warn","message":"[AUTH] Failed registration attempt: Invalid signature for wallet 0xd979f5f19f53a4a26d22a4c497da1adfc6bd51cd","timestamp":"2026-03-13 23:51:55"}
{"level":"error","message":"Unhandled error: Invalid signature","stack":"Error: Invalid signature\n    at <anonymous> (/home/dimas/project/decentrashare/backend/src/modules/auth/auth.service.ts:113:15)\n    at async <anonymous> (/home/dimas/project/decentrashare/backend/src/modules/auth/auth.controller.ts:73:26)\n    at processTicksAndRejections (native:7:39)","timestamp":"2026-03-13 23:51:55"}
{"duration":61,"level":"info","message":"[41st9x474] 500 61ms","requestId":"41st9x474","statusCode":500,"timestamp":"2026-03-13 23:51:55"}
{"ip":"::ffff:127.0.0.1","level":"info","message":"[37k33nvms] GET /api/auth/nonce/0xD979f5F19f53A4a26d22a4C497da1Adfc6BD51cd","method":"GET","requestId":"37k33nvms","timestamp":"2026-03-13 23:51:59","url":"/api/auth/nonce/0xD979f5F19f53A4a26d22a4C497da1Adfc6BD51cd","userAgent":"insomnia/12.3.1"}
{"duration":11,"level":"info","message":"[37k33nvms] 200 11ms","requestId":"37k33nvms","statusCode":200,"timestamp":"2026-03-13 23:51:59"}
{"ip":"::ffff:127.0.0.1","level":"info","message":"[72de7a7n7] POST /api/auth/register","method":"POST","requestId":"72de7a7n7","timestamp":"2026-03-13 23:52:25","url":"/api/auth/register","userAgent":"insomnia/12.3.1"}
{"level":"info","message":"[AUTH] New user registered: 0xd979f5f19f53a4a26d22a4c497da1adfc6bd51cd","timestamp":"2026-03-13 23:52:25"}
{"duration":64,"level":"info","message":"[72de7a7n7] 201 64ms","requestId":"72de7a7n7","statusCode":201,"timestamp":"2026-03-13 23:52:25"}
{"ip":"::ffff:127.0.0.1","level":"info","message":"[1zfumqoru] GET /api/auth/me","method":"GET","requestId":"1zfumqoru","timestamp":"2026-03-13 23:52:40","url":"/api/auth/me","userAgent":"insomnia/12.3.1"}
{"duration":9,"level":"info","message":"[1zfumqoru] 401 9ms","requestId":"1zfumqoru","statusCode":401,"timestamp":"2026-03-13 23:52:40"}
{"ip":"::ffff:127.0.0.1","level":"info","message":"[06fmonia2] POST /api/auth/login","method":"POST","requestId":"06fmonia2","timestamp":"2026-03-13 23:53:30","url":"/api/auth/login","userAgent":"insomnia/12.3.1"}
{"level":"warn","message":"[AUTH] Failed login attempt: Invalid signature for wallet 0xd979f5f19f53a4a26d22a4c497da1adfc6bd51cd","timestamp":"2026-03-13 23:53:30"}
{"level":"error","message":"Unhandled error: Invalid signature","stack":"Error: Invalid signature\n    at <anonymous> (/home/dimas/project/decentrashare/backend/src/modules/auth/auth.service.ts:60:15)\n    at async <anonymous> (/home/dimas/project/decentrashare/backend/src/modules/auth/auth.controller.ts:44:49)\n    at processTicksAndRejections (native:7:39)","timestamp":"2026-03-13 23:53:30"}
{"duration":22,"level":"info","message":"[06fmonia2] 500 22ms","requestId":"06fmonia2","statusCode":500,"timestamp":"2026-03-13 23:53:30"}
{"ip":"::ffff:127.0.0.1","level":"info","message":"[xdrf6qjp2] GET /api/auth/nonce/0xD979f5F19f53A4a26d22a4C497da1Adfc6BD51cd","method":"GET","requestId":"xdrf6qjp2","timestamp":"2026-03-13 23:53:35","url":"/api/auth/nonce/0xD979f5F19f53A4a26d22a4C497da1Adfc6BD51cd","userAgent":"insomnia/12.3.1"}
{"duration":15,"level":"info","message":"[xdrf6qjp2] 200 15ms","requestId":"xdrf6qjp2","statusCode":200,"timestamp":"2026-03-13 23:53:35"}
{"ip":"::ffff:127.0.0.1","level":"info","message":"[l5eo0loav] POST /api/auth/login","method":"POST","requestId":"l5eo0loav","timestamp":"2026-03-13 23:54:03","url":"/api/auth/login","userAgent":"insomnia/12.3.1"}
{"level":"info","message":"[AUTH] Login success for wallet: 0xd979f5f19f53a4a26d22a4c497da1adfc6bd51cd","timestamp":"2026-03-13 23:54:03"}
{"duration":40,"level":"info","message":"[l5eo0loav] 200 40ms","requestId":"l5eo0loav","statusCode":200,"timestamp":"2026-03-13 23:54:03"}
{"ip":"::ffff:127.0.0.1","level":"info","message":"[cqa8vbsfh] GET /api/auth/me","method":"GET","requestId":"cqa8vbsfh","timestamp":"2026-03-13 23:54:18","url":"/api/auth/me","userAgent":"insomnia/12.3.1"}
{"duration":24,"level":"info","message":"[cqa8vbsfh] 200 24ms","requestId":"cqa8vbsfh","statusCode":200,"timestamp":"2026-03-13 23:54:18"}
{"ip":"::ffff:127.0.0.1","level":"info","message":"[jh68robas] POST /api/documents/upload","method":"POST","requestId":"jh68robas","timestamp":"2026-03-13 23:55:01","url":"/api/documents/upload","userAgent":"insomnia/12.3.1"}
{"level":"info","message":"[IPFS] Uploading file to Pinata: test.png","timestamp":"2026-03-13 23:55:01"}
{"level":"info","message":"[CHAIN] Recording file to blockchain: CID=bafkreid75h666yugm74ltqucjjkehzqtjf2e2f7pl45tnyh3ockthk7r4q","timestamp":"2026-03-13 23:55:14"}
{"level":"info","message":"[UPLOAD] Success. CID=bafkreid75h666yugm74ltqucjjkehzqtjf2e2f7pl45tnyh3ockthk7r4q TX=0x8576728b9b5f4601658795288a4f6b7ed6c6d35e653e386940d6e645e1db90ab","timestamp":"2026-03-13 23:55:15"}
{"duration":14466,"level":"info","message":"[jh68robas] 201 14466ms","requestId":"jh68robas","statusCode":201,"timestamp":"2026-03-13 23:55:15"}
{"ip":"::ffff:127.0.0.1","level":"info","message":"[0kof8uz1d] GET /api/documents/me","method":"GET","requestId":"0kof8uz1d","timestamp":"2026-03-13 23:56:09","url":"/api/documents/me","userAgent":"insomnia/12.3.1"}
{"duration":104,"level":"info","message":"[0kof8uz1d] 200 104ms","requestId":"0kof8uz1d","statusCode":200,"timestamp":"2026-03-13 23:56:09"}
{"ip":"::ffff:127.0.0.1","level":"info","message":"[hgxtkwyz2] PATCH /api/documents/ed2b992f-f3e5-49eb-895c-3e001a741154/privacy","method":"PATCH","requestId":"hgxtkwyz2","timestamp":"2026-03-13 23:59:05","url":"/api/documents/ed2b992f-f3e5-49eb-895c-3e001a741154/privacy","userAgent":"insomnia/12.3.1"}
{"duration":126,"level":"info","message":"[hgxtkwyz2] 200 126ms","requestId":"hgxtkwyz2","statusCode":200,"timestamp":"2026-03-13 23:59:05"}
{"ip":"::ffff:127.0.0.1","level":"info","message":"[dujt8n2zo] GET /api/documents/me","method":"GET","requestId":"dujt8n2zo","timestamp":"2026-03-13 23:59:11","url":"/api/documents/me","userAgent":"insomnia/12.3.1"}
{"duration":11,"level":"info","message":"[dujt8n2zo] 200 11ms","requestId":"dujt8n2zo","statusCode":200,"timestamp":"2026-03-13 23:59:11"}
{"ip":"::ffff:127.0.0.1","level":"info","message":"[uejd9m6af] PATCH /api/documents/ed2b992f-f3e5-49eb-895c-3e001a741154/archive","method":"PATCH","requestId":"uejd9m6af","timestamp":"2026-03-14 00:01:57","url":"/api/documents/ed2b992f-f3e5-49eb-895c-3e001a741154/archive","userAgent":"insomnia/12.3.1"}
{"duration":100,"level":"info","message":"[uejd9m6af] 200 100ms","requestId":"uejd9m6af","statusCode":200,"timestamp":"2026-03-14 00:01:57"}
{"ip":"::ffff:127.0.0.1","level":"info","message":"[wzxl7g591] GET /api/documents/me","method":"GET","requestId":"wzxl7g591","timestamp":"2026-03-14 00:02:10","url":"/api/documents/me","userAgent":"insomnia/12.3.1"}
{"duration":51,"level":"info","message":"[wzxl7g591] 200 51ms","requestId":"wzxl7g591","statusCode":200,"timestamp":"2026-03-14 00:02:10"}
{"ip":"::ffff:127.0.0.1","level":"info","message":"[tvzhj48bf] PATCH /api/documents/ed2b992f-f3e5-49eb-895c-3e001a741154/restore","method":"PATCH","requestId":"tvzhj48bf","timestamp":"2026-03-14 00:03:16","url":"/api/documents/ed2b992f-f3e5-49eb-895c-3e001a741154/restore","userAgent":"insomnia/12.3.1"}
{"duration":82,"level":"info","message":"[tvzhj48bf] 200 82ms","requestId":"tvzhj48bf","statusCode":200,"timestamp":"2026-03-14 00:03:16"}
{"ip":"::ffff:127.0.0.1","level":"info","message":"[pow6qzb77] GET /api/documents/me","method":"GET","requestId":"pow6qzb77","timestamp":"2026-03-14 00:03:21","url":"/api/documents/me","userAgent":"insomnia/12.3.1"}
{"duration":69,"level":"info","message":"[pow6qzb77] 200 69ms","requestId":"pow6qzb77","statusCode":200,"timestamp":"2026-03-14 00:03:21"}
{"ip":"::ffff:127.0.0.1","level":"info","message":"[gulrqe2db] PATCH /api/documents/ed2b992f-f3e5-49eb-895c-3e001a741154/share","method":"PATCH","requestId":"gulrqe2db","timestamp":"2026-03-14 00:05:37","url":"/api/documents/ed2b992f-f3e5-49eb-895c-3e001a741154/share","userAgent":"insomnia/12.3.1"}
{"duration":22,"level":"info","message":"[gulrqe2db] 404 22ms","requestId":"gulrqe2db","statusCode":404,"timestamp":"2026-03-14 00:05:37"}
{"ip":"::ffff:127.0.0.1","level":"info","message":"[sovae0jv9] POST /api/documents/ed2b992f-f3e5-49eb-895c-3e001a741154/share","method":"POST","requestId":"sovae0jv9","timestamp":"2026-03-14 00:05:54","url":"/api/documents/ed2b992f-f3e5-49eb-895c-3e001a741154/share","userAgent":"insomnia/12.3.1"}
{"level":"info","message":"[SHARE] Document ed2b992f-f3e5-49eb-895c-3e001a741154 shared with user dimasss","timestamp":"2026-03-14 00:05:54"}
{"duration":147,"level":"info","message":"[sovae0jv9] 201 147ms","requestId":"sovae0jv9","statusCode":201,"timestamp":"2026-03-14 00:05:54"}
{"ip":"::ffff:127.0.0.1","level":"info","message":"[hk6qirwwl] GET /api/documents/ed2b992f-f3e5-49eb-895c-3e001a741154/share","method":"GET","requestId":"hk6qirwwl","timestamp":"2026-03-14 00:06:48","url":"/api/documents/ed2b992f-f3e5-49eb-895c-3e001a741154/share","userAgent":"insomnia/12.3.1"}
{"duration":108,"level":"info","message":"[hk6qirwwl] 200 108ms","requestId":"hk6qirwwl","statusCode":200,"timestamp":"2026-03-14 00:06:48"}
{"ip":"::ffff:127.0.0.1","level":"info","message":"[kzycn6ztm] DELETE /api/documents/ed2b992f-f3e5-49eb-895c-3e001a741154/share","method":"DELETE","requestId":"kzycn6ztm","timestamp":"2026-03-14 00:07:38","url":"/api/documents/ed2b992f-f3e5-49eb-895c-3e001a741154/share","userAgent":"insomnia/12.3.1"}
{"level":"info","message":"[SHARE] Access to document ed2b992f-f3e5-49eb-895c-3e001a741154 revoked from user dimasss","timestamp":"2026-03-14 00:07:38"}
{"duration":82,"level":"info","message":"[kzycn6ztm] 200 82ms","requestId":"kzycn6ztm","statusCode":200,"timestamp":"2026-03-14 00:07:38"}
{"ip":"::ffff:127.0.0.1","level":"info","message":"[5k8k4ex00] GET /api/documents/ed2b992f-f3e5-49eb-895c-3e001a741154/share","method":"GET","requestId":"5k8k4ex00","timestamp":"2026-03-14 00:07:46","url":"/api/documents/ed2b992f-f3e5-49eb-895c-3e001a741154/share","userAgent":"insomnia/12.3.1"}
{"duration":99,"level":"info","message":"[5k8k4ex00] 200 99ms","requestId":"5k8k4ex00","statusCode":200,"timestamp":"2026-03-14 00:07:46"}
{"level":"info","message":"SIGINT received, shutting down gracefully...","timestamp":"2026-03-14 00:08:18"}
{"level":"info","message":"HTTP server closed","timestamp":"2026-03-14 00:08:18"}
{"level":"info","message":"SIGINT received, shutting down gracefully...","timestamp":"2026-03-14 00:08:18"}
{"level":"info","message":"HTTP server closed","timestamp":"2026-03-14 00:08:18"}
{"level":"info","message":"✅ Database disconnected successfully","timestamp":"2026-03-14 00:08:18"}
{"level":"info","message":"✅ Database connected successfully","timestamp":"2026-03-15 21:42:07"}
{"level":"info","message":"🚀 Decentrashare API Server running on port 3000","timestamp":"2026-03-15 21:42:07"}
{"level":"info","message":"🌍 Environment: Development","timestamp":"2026-03-15 21:42:07"}
{"level":"info","message":"📚 API Documentation: http://localhost:3000/api","timestamp":"2026-03-15 21:42:07"}
{"level":"info","message":"❤️  Health Check: http://localhost:3000/api/health","timestamp":"2026-03-15 21:42:07"}
{"ip":"::1","level":"info","message":"[aoqoy9kn1] GET /api/health","method":"GET","requestId":"aoqoy9kn1","timestamp":"2026-03-15 21:42:14","url":"/api/health","userAgent":"Mozilla/5.0 (X11; Linux x86_64) AppleWebKit/537.36 (KHTML, like Gecko) Chrome/145.0.0.0 Safari/537.36"}
{"duration":7,"level":"info","message":"[aoqoy9kn1] 200 7ms","requestId":"aoqoy9kn1","statusCode":200,"timestamp":"2026-03-15 21:42:14"}
{"ip":"::1","level":"info","message":"[5los9ag4l] GET /favicon.ico","method":"GET","requestId":"5los9ag4l","timestamp":"2026-03-15 21:42:14","url":"/favicon.ico","userAgent":"Mozilla/5.0 (X11; Linux x86_64) AppleWebKit/537.36 (KHTML, like Gecko) Chrome/145.0.0.0 Safari/537.36"}
{"duration":2,"level":"info","message":"[5los9ag4l] 404 2ms","requestId":"5los9ag4l","statusCode":404,"timestamp":"2026-03-15 21:42:14"}
{"level":"info","message":"✅ Database connected successfully","timestamp":"2026-03-15 21:57:34"}
{"level":"info","message":"🚀 Decentrashare API Server running on port 3000","timestamp":"2026-03-15 21:57:34"}
{"level":"info","message":"🌍 Environment: Development","timestamp":"2026-03-15 21:57:34"}
{"level":"info","message":"📚 API Documentation: http://localhost:3000/api","timestamp":"2026-03-15 21:57:34"}
{"level":"info","message":"❤️  Health Check: http://localhost:3000/api/health","timestamp":"2026-03-15 21:57:34"}
{"level":"info","message":"✅ Database connected successfully","timestamp":"2026-03-15 22:01:29"}
{"level":"info","message":"🚀 Decentrashare API Server running on port 3000","timestamp":"2026-03-15 22:01:29"}
{"level":"info","message":"🌍 Environment: Development","timestamp":"2026-03-15 22:01:29"}
{"level":"info","message":"📚 API Documentation: http://localhost:3000/api","timestamp":"2026-03-15 22:01:29"}
{"level":"info","message":"❤️  Health Check: http://localhost:3000/api/health","timestamp":"2026-03-15 22:01:29"}
{"level":"info","message":"✅ Database connected successfully","timestamp":"2026-03-15 22:01:39"}
{"level":"info","message":"🚀 Decentrashare API Server running on port 3000","timestamp":"2026-03-15 22:01:39"}
{"level":"info","message":"🌍 Environment: Development","timestamp":"2026-03-15 22:01:39"}
{"level":"info","message":"📚 API Documentation: http://localhost:3000/api","timestamp":"2026-03-15 22:01:39"}
{"level":"info","message":"❤️  Health Check: http://localhost:3000/api/health","timestamp":"2026-03-15 22:01:39"}
{"level":"info","message":"✅ Database connected successfully","timestamp":"2026-03-15 22:01:47"}
{"level":"info","message":"🚀 Decentrashare API Server running on port 3000","timestamp":"2026-03-15 22:01:47"}
{"level":"info","message":"🌍 Environment: Development","timestamp":"2026-03-15 22:01:47"}
{"level":"info","message":"📚 API Documentation: http://localhost:3000/api","timestamp":"2026-03-15 22:01:47"}
{"level":"info","message":"❤️  Health Check: http://localhost:3000/api/health","timestamp":"2026-03-15 22:01:47"}
{"level":"info","message":"✅ Database connected successfully","timestamp":"2026-03-15 22:01:50"}
{"level":"info","message":"🚀 Decentrashare API Server running on port 3000","timestamp":"2026-03-15 22:01:50"}
{"level":"info","message":"🌍 Environment: Development","timestamp":"2026-03-15 22:01:50"}
{"level":"info","message":"📚 API Documentation: http://localhost:3000/api","timestamp":"2026-03-15 22:01:50"}
{"level":"info","message":"❤️  Health Check: http://localhost:3000/api/health","timestamp":"2026-03-15 22:01:50"}
{"level":"info","message":"✅ Database connected successfully","timestamp":"2026-03-15 22:02:24"}
{"level":"info","message":"🚀 Decentrashare API Server running on port 3000","timestamp":"2026-03-15 22:02:24"}
{"level":"info","message":"🌍 Environment: Development","timestamp":"2026-03-15 22:02:24"}
{"level":"info","message":"📚 API Documentation: http://localhost:3000/api","timestamp":"2026-03-15 22:02:24"}
{"level":"info","message":"❤️  Health Check: http://localhost:3000/api/health","timestamp":"2026-03-15 22:02:24"}
{"level":"info","message":"✅ Database connected successfully","timestamp":"2026-03-15 22:02:30"}
{"level":"info","message":"🚀 Decentrashare API Server running on port 3000","timestamp":"2026-03-15 22:02:30"}
{"level":"info","message":"🌍 Environment: Development","timestamp":"2026-03-15 22:02:30"}
{"level":"info","message":"📚 API Documentation: http://localhost:3000/api","timestamp":"2026-03-15 22:02:30"}
{"level":"info","message":"❤️  Health Check: http://localhost:3000/api/health","timestamp":"2026-03-15 22:02:30"}
{"level":"info","message":"✅ Database connected successfully","timestamp":"2026-03-15 22:02:37"}
{"level":"info","message":"🚀 Decentrashare API Server running on port 3000","timestamp":"2026-03-15 22:02:37"}
{"level":"info","message":"🌍 Environment: Development","timestamp":"2026-03-15 22:02:37"}
{"level":"info","message":"📚 API Documentation: http://localhost:3000/api","timestamp":"2026-03-15 22:02:37"}
{"level":"info","message":"❤️  Health Check: http://localhost:3000/api/health","timestamp":"2026-03-15 22:02:37"}
{"level":"info","message":"✅ Database connected successfully","timestamp":"2026-03-15 22:02:39"}
{"level":"info","message":"🚀 Decentrashare API Server running on port 3000","timestamp":"2026-03-15 22:02:39"}
{"level":"info","message":"🌍 Environment: Development","timestamp":"2026-03-15 22:02:39"}
{"level":"info","message":"📚 API Documentation: http://localhost:3000/api","timestamp":"2026-03-15 22:02:39"}
{"level":"info","message":"❤️  Health Check: http://localhost:3000/api/health","timestamp":"2026-03-15 22:02:39"}
{"level":"info","message":"✅ Database connected successfully","timestamp":"2026-03-15 22:02:44"}
{"level":"info","message":"🚀 Decentrashare API Server running on port 3000","timestamp":"2026-03-15 22:02:44"}
{"level":"info","message":"🌍 Environment: Development","timestamp":"2026-03-15 22:02:44"}
{"level":"info","message":"📚 API Documentation: http://localhost:3000/api","timestamp":"2026-03-15 22:02:44"}
{"level":"info","message":"❤️  Health Check: http://localhost:3000/api/health","timestamp":"2026-03-15 22:02:44"}
{"level":"info","message":"✅ Database connected successfully","timestamp":"2026-03-15 22:03:00"}
{"level":"info","message":"🚀 Decentrashare API Server running on port 3000","timestamp":"2026-03-15 22:03:00"}
{"level":"info","message":"🌍 Environment: Development","timestamp":"2026-03-15 22:03:00"}
{"level":"info","message":"📚 API Documentation: http://localhost:3000/api","timestamp":"2026-03-15 22:03:00"}
{"level":"info","message":"❤️  Health Check: http://localhost:3000/api/health","timestamp":"2026-03-15 22:03:00"}
{"ip":"::1","level":"info","message":"[guxfuixky] GET /api/health","method":"GET","requestId":"guxfuixky","timestamp":"2026-03-15 22:37:46","url":"/api/health","userAgent":"Mozilla/5.0 (X11; Linux x86_64) AppleWebKit/537.36 (KHTML, like Gecko) Chrome/145.0.0.0 Safari/537.36"}
{"duration":23,"level":"info","message":"[guxfuixky] 200 23ms","requestId":"guxfuixky","statusCode":200,"timestamp":"2026-03-15 22:37:46"}
{"ip":"::ffff:127.0.0.1","level":"info","message":"[j453pnqj7] GET /api/auth/nonce/0xD979f5F19f53A4a26d22a4C497da1Adfc6BD51cd","method":"GET","requestId":"j453pnqj7","timestamp":"2026-03-15 23:03:43","url":"/api/auth/nonce/0xD979f5F19f53A4a26d22a4C497da1Adfc6BD51cd","userAgent":"insomnia/12.3.1"}
{"duration":140,"level":"info","message":"[j453pnqj7] 200 140ms","requestId":"j453pnqj7","statusCode":200,"timestamp":"2026-03-15 23:03:44"}
{"ip":"::1","level":"info","message":"[iytkxzrmc] GET /.well-known/appspecific/com.chrome.devtools.json","method":"GET","requestId":"iytkxzrmc","timestamp":"2026-03-15 23:03:55","url":"/.well-known/appspecific/com.chrome.devtools.json","userAgent":"Mozilla/5.0 (X11; Linux x86_64) AppleWebKit/537.36 (KHTML, like Gecko) Chrome/145.0.0.0 Safari/537.36"}
{"duration":24,"level":"info","message":"[iytkxzrmc] 404 24ms","requestId":"iytkxzrmc","statusCode":404,"timestamp":"2026-03-15 23:03:55"}
{"ip":"::ffff:127.0.0.1","level":"info","message":"[t30ciqoj8] POST /api/auth/login","method":"POST","requestId":"t30ciqoj8","timestamp":"2026-03-15 23:05:09","url":"/api/auth/login","userAgent":"insomnia/12.3.1"}
{"level":"error","message":"Unhandled error: JWT_ACCESS_EXPIRES_IN is not defined","stack":"ReferenceError: JWT_ACCESS_EXPIRES_IN is not defined\n    at <anonymous> (/home/dimas/project/decentrashare/backend/src/modules/auth/auth.service.ts:67:18)\n    at async <anonymous> (/home/dimas/project/decentrashare/backend/src/modules/auth/auth.controller.ts:44:49)\n    at processTicksAndRejections (native:7:39)","timestamp":"2026-03-15 23:05:09"}
{"duration":76,"level":"info","message":"[t30ciqoj8] 500 76ms","requestId":"t30ciqoj8","statusCode":500,"timestamp":"2026-03-15 23:05:09"}
{"ip":"::ffff:127.0.0.1","level":"info","message":"[i9yarde1w] POST /api/auth/login","method":"POST","requestId":"i9yarde1w","timestamp":"2026-03-15 23:05:27","url":"/api/auth/login","userAgent":"insomnia/12.3.1"}
{"level":"error","message":"Unhandled error: JWT_ACCESS_EXPIRES_IN is not defined","stack":"ReferenceError: JWT_ACCESS_EXPIRES_IN is not defined\n    at <anonymous> (/home/dimas/project/decentrashare/backend/src/modules/auth/auth.service.ts:67:18)\n    at async <anonymous> (/home/dimas/project/decentrashare/backend/src/modules/auth/auth.controller.ts:44:49)\n    at processTicksAndRejections (native:7:39)","timestamp":"2026-03-15 23:05:27"}
{"duration":61,"level":"info","message":"[i9yarde1w] 500 61ms","requestId":"i9yarde1w","statusCode":500,"timestamp":"2026-03-15 23:05:27"}
{"ip":"::ffff:127.0.0.1","level":"info","message":"[burfi7pvg] GET /api/auth/nonce/0xD979f5F19f53A4a26d22a4C497da1Adfc6BD51cd","method":"GET","requestId":"burfi7pvg","timestamp":"2026-03-15 23:05:36","url":"/api/auth/nonce/0xD979f5F19f53A4a26d22a4C497da1Adfc6BD51cd","userAgent":"insomnia/12.3.1"}
{"duration":69,"level":"info","message":"[burfi7pvg] 200 69ms","requestId":"burfi7pvg","statusCode":200,"timestamp":"2026-03-15 23:05:36"}
{"ip":"::ffff:127.0.0.1","level":"info","message":"[rgjnvc9qp] GET /api/auth/nonce/0xD979f5F19f53A4a26d22a4C497da1Adfc6BD51cd","method":"GET","requestId":"rgjnvc9qp","timestamp":"2026-03-15 23:31:41","url":"/api/auth/nonce/0xD979f5F19f53A4a26d22a4C497da1Adfc6BD51cd","userAgent":"insomnia/12.3.1"}
{"duration":118,"level":"info","message":"[rgjnvc9qp] 200 118ms","requestId":"rgjnvc9qp","statusCode":200,"timestamp":"2026-03-15 23:31:41"}
{"ip":"::ffff:127.0.0.1","level":"info","message":"[x3kbula75] POST /api/auth/login","method":"POST","requestId":"x3kbula75","timestamp":"2026-03-15 23:32:34","url":"/api/auth/login","userAgent":"insomnia/12.3.1"}
{"level":"error","message":"Unhandled error: JWT_ACCESS_EXPIRES_IN is not defined","stack":"ReferenceError: JWT_ACCESS_EXPIRES_IN is not defined\n    at <anonymous> (/home/dimas/project/decentrashare/backend/src/modules/auth/auth.service.ts:67:18)\n    at async <anonymous> (/home/dimas/project/decentrashare/backend/src/modules/auth/auth.controller.ts:44:49)\n    at processTicksAndRejections (native:7:39)","timestamp":"2026-03-15 23:32:34"}
{"duration":79,"level":"info","message":"[x3kbula75] 500 79ms","requestId":"x3kbula75","statusCode":500,"timestamp":"2026-03-15 23:32:34"}
{"ip":"::ffff:127.0.0.1","level":"info","message":"[klymkdnbd] POST /api/auth/login","method":"POST","requestId":"klymkdnbd","timestamp":"2026-03-15 23:32:49","url":"/api/auth/login","userAgent":"insomnia/12.3.1"}
{"level":"error","message":"Unhandled error: JWT_ACCESS_EXPIRES_IN is not defined","stack":"ReferenceError: JWT_ACCESS_EXPIRES_IN is not defined\n    at <anonymous> (/home/dimas/project/decentrashare/backend/src/modules/auth/auth.service.ts:67:18)\n    at async <anonymous> (/home/dimas/project/decentrashare/backend/src/modules/auth/auth.controller.ts:44:49)\n    at processTicksAndRejections (native:7:39)","timestamp":"2026-03-15 23:32:49"}
{"duration":65,"level":"info","message":"[klymkdnbd] 500 65ms","requestId":"klymkdnbd","statusCode":500,"timestamp":"2026-03-15 23:32:49"}
{"level":"info","message":"✅ Database connected successfully","timestamp":"2026-03-15 23:34:43"}
{"level":"info","message":"🚀 Decentrashare API Server running on port 3000","timestamp":"2026-03-15 23:34:44"}
{"level":"info","message":"🌍 Environment: Development","timestamp":"2026-03-15 23:34:44"}
{"level":"info","message":"📚 API Documentation: http://localhost:3000/api","timestamp":"2026-03-15 23:34:44"}
{"level":"info","message":"❤️  Health Check: http://localhost:3000/api/health","timestamp":"2026-03-15 23:34:44"}
{"level":"info","message":"✅ Database connected successfully","timestamp":"2026-03-15 23:35:23"}
{"level":"info","message":"🚀 Decentrashare API Server running on port 3000","timestamp":"2026-03-15 23:35:23"}
{"level":"info","message":"🌍 Environment: Development","timestamp":"2026-03-15 23:35:23"}
{"level":"info","message":"📚 API Documentation: http://localhost:3000/api","timestamp":"2026-03-15 23:35:23"}
{"level":"info","message":"❤️  Health Check: http://localhost:3000/api/health","timestamp":"2026-03-15 23:35:23"}
{"ip":"::ffff:127.0.0.1","level":"info","message":"[792qhalvk] POST /api/auth/login","method":"POST","requestId":"792qhalvk","timestamp":"2026-03-15 23:35:27","url":"/api/auth/login","userAgent":"insomnia/12.3.1"}
{"level":"error","message":"Unhandled error: uuidv4 is not defined","stack":"ReferenceError: uuidv4 is not defined\n    at <anonymous> (/home/dimas/project/decentrashare/backend/src/modules/auth/auth.service.ts:82:14)\n    at async <anonymous> (/home/dimas/project/decentrashare/backend/src/modules/auth/auth.controller.ts:44:49)\n    at processTicksAndRejections (native:7:39)","timestamp":"2026-03-15 23:35:27"}
{"duration":83,"level":"info","message":"[792qhalvk] 500 83ms","requestId":"792qhalvk","statusCode":500,"timestamp":"2026-03-15 23:35:27"}
{"level":"info","message":"✅ Database connected successfully","timestamp":"2026-03-15 23:53:09"}
{"level":"info","message":"🚀 Decentrashare API Server running on port 3000","timestamp":"2026-03-15 23:53:09"}
{"level":"info","message":"🌍 Environment: Development","timestamp":"2026-03-15 23:53:09"}
{"level":"info","message":"📚 API Documentation: http://localhost:3000/api","timestamp":"2026-03-15 23:53:09"}
{"level":"info","message":"❤️  Health Check: http://localhost:3000/api/health","timestamp":"2026-03-15 23:53:09"}
{"level":"info","message":"✅ Database connected successfully","timestamp":"2026-03-15 23:53:14"}
{"level":"info","message":"🚀 Decentrashare API Server running on port 3000","timestamp":"2026-03-15 23:53:14"}
{"level":"info","message":"🌍 Environment: Development","timestamp":"2026-03-15 23:53:14"}
{"level":"info","message":"📚 API Documentation: http://localhost:3000/api","timestamp":"2026-03-15 23:53:14"}
{"level":"info","message":"❤️  Health Check: http://localhost:3000/api/health","timestamp":"2026-03-15 23:53:14"}
{"ip":"::ffff:127.0.0.1","level":"info","message":"[cwxlewoto] POST /api/auth/login","method":"POST","requestId":"cwxlewoto","timestamp":"2026-03-15 23:53:19","url":"/api/auth/login","userAgent":"insomnia/12.3.1"}
{"level":"error","message":"Unhandled error: Nonce expired. Please request a new nonce.","stack":"Error: Nonce expired. Please request a new nonce.\n    at <anonymous> (/home/dimas/project/decentrashare/backend/src/modules/auth/auth.service.ts:52:15)\n    at async <anonymous> (/home/dimas/project/decentrashare/backend/src/modules/auth/auth.controller.ts:44:49)\n    at processTicksAndRejections (native:7:39)","timestamp":"2026-03-15 23:53:19"}
{"duration":39,"level":"info","message":"[cwxlewoto] 500 39ms","requestId":"cwxlewoto","statusCode":500,"timestamp":"2026-03-15 23:53:19"}
{"ip":"::ffff:127.0.0.1","level":"info","message":"[w1kndsn9j] GET /api/auth/nonce/0xD979f5F19f53A4a26d22a4C497da1Adfc6BD51cd","method":"GET","requestId":"w1kndsn9j","timestamp":"2026-03-15 23:53:24","url":"/api/auth/nonce/0xD979f5F19f53A4a26d22a4C497da1Adfc6BD51cd","userAgent":"insomnia/12.3.1"}
{"duration":13,"level":"info","message":"[w1kndsn9j] 200 13ms","requestId":"w1kndsn9j","statusCode":200,"timestamp":"2026-03-15 23:53:24"}
{"ip":"::ffff:127.0.0.1","level":"info","message":"[la075c69z] POST /api/auth/login","method":"POST","requestId":"la075c69z","timestamp":"2026-03-15 23:54:04","url":"/api/auth/login","userAgent":"insomnia/12.3.1"}
{"level":"error","message":"Unhandled error: logger is not defined","stack":"ReferenceError: logger is not defined\n    at <anonymous> (/home/dimas/project/decentrashare/backend/src/modules/auth/auth.service.ts:87:3)\n    at async <anonymous> (/home/dimas/project/decentrashare/backend/src/modules/auth/auth.controller.ts:44:49)\n    at processTicksAndRejections (native:7:39)","timestamp":"2026-03-15 23:54:04"}
{"duration":41,"level":"info","message":"[la075c69z] 500 41ms","requestId":"la075c69z","statusCode":500,"timestamp":"2026-03-15 23:54:04"}
{"level":"info","message":"✅ Database connected successfully","timestamp":"2026-03-15 23:54:20"}
{"level":"info","message":"🚀 Decentrashare API Server running on port 3000","timestamp":"2026-03-15 23:54:20"}
{"level":"info","message":"🌍 Environment: Development","timestamp":"2026-03-15 23:54:20"}
{"level":"info","message":"📚 API Documentation: http://localhost:3000/api","timestamp":"2026-03-15 23:54:20"}
{"level":"info","message":"❤️  Health Check: http://localhost:3000/api/health","timestamp":"2026-03-15 23:54:20"}
{"level":"info","message":"✅ Database connected successfully","timestamp":"2026-03-15 23:54:26"}
{"level":"info","message":"🚀 Decentrashare API Server running on port 3000","timestamp":"2026-03-15 23:54:26"}
{"level":"info","message":"🌍 Environment: Development","timestamp":"2026-03-15 23:54:26"}
{"level":"info","message":"📚 API Documentation: http://localhost:3000/api","timestamp":"2026-03-15 23:54:26"}
{"level":"info","message":"❤️  Health Check: http://localhost:3000/api/health","timestamp":"2026-03-15 23:54:26"}
{"level":"info","message":"✅ Database connected successfully","timestamp":"2026-03-15 23:55:41"}
{"level":"info","message":"🚀 Decentrashare API Server running on port 3000","timestamp":"2026-03-15 23:55:41"}
{"level":"info","message":"🌍 Environment: Development","timestamp":"2026-03-15 23:55:41"}
{"level":"info","message":"📚 API Documentation: http://localhost:3000/api","timestamp":"2026-03-15 23:55:41"}
{"level":"info","message":"❤️  Health Check: http://localhost:3000/api/health","timestamp":"2026-03-15 23:55:41"}
{"level":"info","message":"✅ Database connected successfully","timestamp":"2026-03-15 23:55:44"}
{"level":"info","message":"🚀 Decentrashare API Server running on port 3000","timestamp":"2026-03-15 23:55:44"}
{"level":"info","message":"🌍 Environment: Development","timestamp":"2026-03-15 23:55:44"}
{"level":"info","message":"📚 API Documentation: http://localhost:3000/api","timestamp":"2026-03-15 23:55:44"}
{"level":"info","message":"❤️  Health Check: http://localhost:3000/api/health","timestamp":"2026-03-15 23:55:44"}
{"level":"info","message":"✅ Database connected successfully","timestamp":"2026-03-15 23:55:58"}
{"level":"info","message":"🚀 Decentrashare API Server running on port 3000","timestamp":"2026-03-15 23:55:58"}
{"level":"info","message":"🌍 Environment: Development","timestamp":"2026-03-15 23:55:58"}
{"level":"info","message":"📚 API Documentation: http://localhost:3000/api","timestamp":"2026-03-15 23:55:58"}
{"level":"info","message":"❤️  Health Check: http://localhost:3000/api/health","timestamp":"2026-03-15 23:55:58"}
{"ip":"::ffff:127.0.0.1","level":"info","message":"[039osd2mh] POST /api/auth/login","method":"POST","requestId":"039osd2mh","timestamp":"2026-03-15 23:56:00","url":"/api/auth/login","userAgent":"insomnia/12.3.1"}
{"level":"warn","message":"[AUTH] Failed login attempt: Invalid signature for wallet 0xd979f5f19f53a4a26d22a4c497da1adfc6bd51cd","timestamp":"2026-03-15 23:56:01"}
{"level":"error","message":"Unhandled error: Invalid signature","stack":"Error: Invalid signature\n    at <anonymous> (/home/dimas/project/decentrashare/backend/src/modules/auth/auth.service.ts:61:15)\n    at async <anonymous> (/home/dimas/project/decentrashare/backend/src/modules/auth/auth.controller.ts:44:49)\n    at processTicksAndRejections (native:7:39)","timestamp":"2026-03-15 23:56:01"}
{"duration":27,"level":"info","message":"[039osd2mh] 500 27ms","requestId":"039osd2mh","statusCode":500,"timestamp":"2026-03-15 23:56:01"}
{"ip":"::ffff:127.0.0.1","level":"info","message":"[o0j0re8mx] GET /api/auth/nonce/0xD979f5F19f53A4a26d22a4C497da1Adfc6BD51cd","method":"GET","requestId":"o0j0re8mx","timestamp":"2026-03-15 23:56:12","url":"/api/auth/nonce/0xD979f5F19f53A4a26d22a4C497da1Adfc6BD51cd","userAgent":"insomnia/12.3.1"}
{"duration":9,"level":"info","message":"[o0j0re8mx] 200 9ms","requestId":"o0j0re8mx","statusCode":200,"timestamp":"2026-03-15 23:56:12"}
{"ip":"::ffff:127.0.0.1","level":"info","message":"[ghg6oa9ai] POST /api/auth/login","method":"POST","requestId":"ghg6oa9ai","timestamp":"2026-03-15 23:56:47","url":"/api/auth/login","userAgent":"insomnia/12.3.1"}
{"level":"info","message":"[AUTH] Login success for wallet: 0xd979f5f19f53a4a26d22a4c497da1adfc6bd51cd","timestamp":"2026-03-15 23:56:47"}
{"duration":38,"level":"info","message":"[ghg6oa9ai] 200 38ms","requestId":"ghg6oa9ai","statusCode":200,"timestamp":"2026-03-15 23:56:47"}
{"ip":"::ffff:127.0.0.1","level":"info","message":"[be90zvkdq] GET /api/documents/me","method":"GET","requestId":"be90zvkdq","timestamp":"2026-03-16 00:12:19","url":"/api/documents/me","userAgent":"insomnia/12.3.1"}
{"level":"error","message":"[AUTH_MIDDLEWARE] Access denied: jwt expired - IP: ::ffff:127.0.0.1","timestamp":"2026-03-16 00:12:19"}
{"duration":8,"level":"info","message":"[be90zvkdq] 401 8ms","requestId":"be90zvkdq","statusCode":401,"timestamp":"2026-03-16 00:12:19"}
{"ip":"::ffff:127.0.0.1","level":"info","message":"[x6qrwdy5i] GET /api/documents/me","method":"GET","requestId":"x6qrwdy5i","timestamp":"2026-03-16 00:12:25","url":"/api/documents/me","userAgent":"insomnia/12.3.1"}
{"level":"error","message":"[AUTH_MIDDLEWARE] Access denied: jwt expired - IP: ::ffff:127.0.0.1","timestamp":"2026-03-16 00:12:25"}
{"duration":2,"level":"info","message":"[x6qrwdy5i] 401 2ms","requestId":"x6qrwdy5i","statusCode":401,"timestamp":"2026-03-16 00:12:25"}
{"ip":"::ffff:127.0.0.1","level":"info","message":"[yv12n0pyv] GET /api/auth/me","method":"GET","requestId":"yv12n0pyv","timestamp":"2026-03-16 00:13:30","url":"/api/auth/me","userAgent":"insomnia/12.3.1"}
{"level":"error","message":"[AUTH_MIDDLEWARE] Access denied: jwt expired - IP: ::ffff:127.0.0.1","timestamp":"2026-03-16 00:13:30"}
{"duration":3,"level":"info","message":"[yv12n0pyv] 401 3ms","requestId":"yv12n0pyv","statusCode":401,"timestamp":"2026-03-16 00:13:30"}
{"ip":"::ffff:127.0.0.1","level":"info","message":"[hyldbnrym] GET /api/auth/me","method":"GET","requestId":"hyldbnrym","timestamp":"2026-03-16 00:13:53","url":"/api/auth/me","userAgent":"insomnia/12.3.1"}
{"level":"error","message":"[AUTH_MIDDLEWARE] Access denied: jwt expired - IP: ::ffff:127.0.0.1","timestamp":"2026-03-16 00:13:53"}
{"duration":3,"level":"info","message":"[hyldbnrym] 401 3ms","requestId":"hyldbnrym","statusCode":401,"timestamp":"2026-03-16 00:13:53"}
{"level":"info","message":"✅ Database connected successfully","timestamp":"2026-03-16 00:14:15"}
{"level":"info","message":"🚀 Decentrashare API Server running on port 3000","timestamp":"2026-03-16 00:14:15"}
{"level":"info","message":"🌍 Environment: Development","timestamp":"2026-03-16 00:14:15"}
{"level":"info","message":"📚 API Documentation: http://localhost:3000/api","timestamp":"2026-03-16 00:14:15"}
{"level":"info","message":"❤️  Health Check: http://localhost:3000/api/health","timestamp":"2026-03-16 00:14:15"}
{"ip":"::ffff:127.0.0.1","level":"info","message":"[anjoaeb3h] GET /api/auth/nonce/0xD979f5F19f53A4a26d22a4C497da1Adfc6BD51cd","method":"GET","requestId":"anjoaeb3h","timestamp":"2026-03-16 00:14:22","url":"/api/auth/nonce/0xD979f5F19f53A4a26d22a4C497da1Adfc6BD51cd","userAgent":"insomnia/12.3.1"}
{"duration":21,"level":"info","message":"[anjoaeb3h] 200 21ms","requestId":"anjoaeb3h","statusCode":200,"timestamp":"2026-03-16 00:14:22"}
{"ip":"::ffff:127.0.0.1","level":"info","message":"[bhfk8ynnp] POST /api/auth/login","method":"POST","requestId":"bhfk8ynnp","timestamp":"2026-03-16 00:14:47","url":"/api/auth/login","userAgent":"insomnia/12.3.1"}
{"level":"info","message":"[AUTH] Login success for wallet: 0xd979f5f19f53a4a26d22a4c497da1adfc6bd51cd","timestamp":"2026-03-16 00:14:47"}
{"duration":24,"level":"info","message":"[bhfk8ynnp] 200 24ms","requestId":"bhfk8ynnp","statusCode":200,"timestamp":"2026-03-16 00:14:47"}
{"ip":"::ffff:127.0.0.1","level":"info","message":"[rnylxzegn] GET /api/auth/me","method":"GET","requestId":"rnylxzegn","timestamp":"2026-03-16 00:15:04","url":"/api/auth/me","userAgent":"insomnia/12.3.1"}
{"duration":15,"level":"info","message":"[rnylxzegn] 200 15ms","requestId":"rnylxzegn","statusCode":200,"timestamp":"2026-03-16 00:15:04"}
{"ip":"::ffff:127.0.0.1","level":"info","message":"[t3pnes3np] GET /api/documents/me","method":"GET","requestId":"t3pnes3np","timestamp":"2026-03-16 00:15:12","url":"/api/documents/me","userAgent":"insomnia/12.3.1"}
{"duration":17,"level":"info","message":"[t3pnes3np] 200 17ms","requestId":"t3pnes3np","statusCode":200,"timestamp":"2026-03-16 00:15:12"}
{"ip":"::ffff:127.0.0.1","level":"info","message":"[kf9spiqha] GET /api/document/admin/all","method":"GET","requestId":"kf9spiqha","timestamp":"2026-03-16 00:17:19","url":"/api/document/admin/all","userAgent":"insomnia/12.3.1"}
{"duration":3,"level":"info","message":"[kf9spiqha] 404 3ms","requestId":"kf9spiqha","statusCode":404,"timestamp":"2026-03-16 00:17:19"}
{"ip":"::ffff:127.0.0.1","level":"info","message":"[6m9fj2g7q] GET /api/documents/admin/all","method":"GET","requestId":"6m9fj2g7q","timestamp":"2026-03-16 00:17:43","url":"/api/documents/admin/all","userAgent":"insomnia/12.3.1"}
{"duration":4,"level":"info","message":"[6m9fj2g7q] 401 4ms","requestId":"6m9fj2g7q","statusCode":401,"timestamp":"2026-03-16 00:17:43"}
{"ip":"::ffff:127.0.0.1","level":"info","message":"[sorogyrqo] GET /api/documents/admin/all","method":"GET","requestId":"sorogyrqo","timestamp":"2026-03-16 00:18:02","url":"/api/documents/admin/all","userAgent":"insomnia/12.3.1"}
{"duration":3,"level":"info","message":"[sorogyrqo] 403 3ms","requestId":"sorogyrqo","statusCode":403,"timestamp":"2026-03-16 00:18:02"}
{"ip":"::ffff:127.0.0.1","level":"info","message":"[vizo05w7z] GET /api/documents/admin/all","method":"GET","requestId":"vizo05w7z","timestamp":"2026-03-16 00:18:22","url":"/api/documents/admin/all","userAgent":"insomnia/12.3.1"}
{"duration":2,"level":"info","message":"[vizo05w7z] 403 2ms","requestId":"vizo05w7z","statusCode":403,"timestamp":"2026-03-16 00:18:22"}
{"ip":"::ffff:127.0.0.1","level":"info","message":"[vm4ex3j9r] GET /api/documents/admin/all","method":"GET","requestId":"vm4ex3j9r","timestamp":"2026-03-16 00:18:24","url":"/api/documents/admin/all","userAgent":"insomnia/12.3.1"}
{"duration":2,"level":"info","message":"[vm4ex3j9r] 403 2ms","requestId":"vm4ex3j9r","statusCode":403,"timestamp":"2026-03-16 00:18:24"}
{"ip":"::ffff:127.0.0.1","level":"info","message":"[859vmfxyj] GET /api/documents/admin/all","method":"GET","requestId":"859vmfxyj","timestamp":"2026-03-16 00:18:25","url":"/api/documents/admin/all","userAgent":"insomnia/12.3.1"}
{"duration":2,"level":"info","message":"[859vmfxyj] 403 2ms","requestId":"859vmfxyj","statusCode":403,"timestamp":"2026-03-16 00:18:25"}
{"ip":"::ffff:127.0.0.1","level":"info","message":"[g50czwoe3] GET /api/documents/admin/all","method":"GET","requestId":"g50czwoe3","timestamp":"2026-03-16 00:18:26","url":"/api/documents/admin/all","userAgent":"insomnia/12.3.1"}
{"duration":4,"level":"info","message":"[g50czwoe3] 403 4ms","requestId":"g50czwoe3","statusCode":403,"timestamp":"2026-03-16 00:18:26"}
{"ip":"::ffff:127.0.0.1","level":"info","message":"[jovbxrsx4] GET /api/documents/admin/all","method":"GET","requestId":"jovbxrsx4","timestamp":"2026-03-16 00:18:39","url":"/api/documents/admin/all","userAgent":"insomnia/12.3.1"}
{"duration":3,"level":"info","message":"[jovbxrsx4] 403 3ms","requestId":"jovbxrsx4","statusCode":403,"timestamp":"2026-03-16 00:18:39"}
{"ip":"::ffff:127.0.0.1","level":"info","message":"[mx25g9haq] GET /api/documents/admin/all","method":"GET","requestId":"mx25g9haq","timestamp":"2026-03-16 00:18:39","url":"/api/documents/admin/all","userAgent":"insomnia/12.3.1"}
{"duration":1,"level":"info","message":"[mx25g9haq] 403 1ms","requestId":"mx25g9haq","statusCode":403,"timestamp":"2026-03-16 00:18:39"}
{"ip":"::ffff:127.0.0.1","level":"info","message":"[no8s8kbe8] GET /api/auth/nonce/0xD979f5F19f53A4a26d22a4C497da1Adfc6BD51cd","method":"GET","requestId":"no8s8kbe8","timestamp":"2026-03-16 00:18:45","url":"/api/auth/nonce/0xD979f5F19f53A4a26d22a4C497da1Adfc6BD51cd","userAgent":"insomnia/12.3.1"}
{"duration":12,"level":"info","message":"[no8s8kbe8] 200 12ms","requestId":"no8s8kbe8","statusCode":200,"timestamp":"2026-03-16 00:18:45"}
{"ip":"::ffff:127.0.0.1","level":"info","message":"[72ak34q1z] GET /api/documents/admin/all","method":"GET","requestId":"72ak34q1z","timestamp":"2026-03-16 00:18:50","url":"/api/documents/admin/all","userAgent":"insomnia/12.3.1"}
{"duration":1,"level":"info","message":"[72ak34q1z] 403 1ms","requestId":"72ak34q1z","statusCode":403,"timestamp":"2026-03-16 00:18:50"}
{"ip":"::ffff:127.0.0.1","level":"info","message":"[zcqhaymni] GET /api/auth/me","method":"GET","requestId":"zcqhaymni","timestamp":"2026-03-16 00:18:54","url":"/api/auth/me","userAgent":"insomnia/12.3.1"}
{"duration":7,"level":"info","message":"[zcqhaymni] 200 7ms","requestId":"zcqhaymni","statusCode":200,"timestamp":"2026-03-16 00:18:54"}
{"ip":"::ffff:127.0.0.1","level":"info","message":"[x5pge7w1q] POST /api/auth/logout","method":"POST","requestId":"x5pge7w1q","timestamp":"2026-03-16 00:18:57","url":"/api/auth/logout","userAgent":"insomnia/12.3.1"}
{"level":"error","message":"[AUTH_MIDDLEWARE] Access denied: jwt expired - IP: ::ffff:127.0.0.1","timestamp":"2026-03-16 00:18:57"}
{"duration":4,"level":"info","message":"[x5pge7w1q] 401 4ms","requestId":"x5pge7w1q","statusCode":401,"timestamp":"2026-03-16 00:18:57"}
{"ip":"::ffff:127.0.0.1","level":"info","message":"[hacob79lg] POST /api/auth/logout","method":"POST","requestId":"hacob79lg","timestamp":"2026-03-16 00:19:07","url":"/api/auth/logout","userAgent":"insomnia/12.3.1"}
{"level":"error","message":"[AUTH_MIDDLEWARE] Access denied: jwt expired - IP: ::ffff:127.0.0.1","timestamp":"2026-03-16 00:19:07"}
{"duration":3,"level":"info","message":"[hacob79lg] 401 3ms","requestId":"hacob79lg","statusCode":401,"timestamp":"2026-03-16 00:19:07"}
{"ip":"::ffff:127.0.0.1","level":"info","message":"[nq5e8655s] GET /api/auth/nonce/0xD979f5F19f53A4a26d22a4C497da1Adfc6BD51cd","method":"GET","requestId":"nq5e8655s","timestamp":"2026-03-16 00:19:13","url":"/api/auth/nonce/0xD979f5F19f53A4a26d22a4C497da1Adfc6BD51cd","userAgent":"insomnia/12.3.1"}
{"duration":10,"level":"info","message":"[nq5e8655s] 200 10ms","requestId":"nq5e8655s","statusCode":200,"timestamp":"2026-03-16 00:19:13"}
{"ip":"::ffff:127.0.0.1","level":"info","message":"[80gvn1m1w] POST /api/auth/login","method":"POST","requestId":"80gvn1m1w","timestamp":"2026-03-16 00:19:42","url":"/api/auth/login","userAgent":"insomnia/12.3.1"}
{"level":"info","message":"[AUTH] Login success for wallet: 0xd979f5f19f53a4a26d22a4c497da1adfc6bd51cd","timestamp":"2026-03-16 00:19:42"}
{"duration":51,"level":"info","message":"[80gvn1m1w] 200 51ms","requestId":"80gvn1m1w","statusCode":200,"timestamp":"2026-03-16 00:19:42"}
{"ip":"::ffff:127.0.0.1","level":"info","message":"[setoud70n] GET /api/documents/admin/all","method":"GET","requestId":"setoud70n","timestamp":"2026-03-16 00:19:58","url":"/api/documents/admin/all","userAgent":"insomnia/12.3.1"}
{"duration":11,"level":"info","message":"[setoud70n] 200 11ms","requestId":"setoud70n","statusCode":200,"timestamp":"2026-03-16 00:19:58"}
{"ip":"::ffff:127.0.0.1","level":"info","message":"[6bdlahdye] GET /api/documents/admin/stats","method":"GET","requestId":"6bdlahdye","timestamp":"2026-03-16 00:20:37","url":"/api/documents/admin/stats","userAgent":"insomnia/12.3.1"}
{"duration":11,"level":"info","message":"[6bdlahdye] 200 11ms","requestId":"6bdlahdye","statusCode":200,"timestamp":"2026-03-16 00:20:37"}
{"level":"info","message":"SIGINT received, shutting down gracefully...","timestamp":"2026-03-16 00:22:18"}
{"level":"info","message":"HTTP server closed","timestamp":"2026-03-16 00:22:18"}
{"level":"info","message":"SIGINT received, shutting down gracefully...","timestamp":"2026-03-16 00:22:18"}
{"level":"info","message":"HTTP server closed","timestamp":"2026-03-16 00:22:18"}
{"level":"info","message":"✅ Database disconnected successfully","timestamp":"2026-03-16 00:22:18"}
{"level":"info","message":"✅ Database connected successfully","timestamp":"2026-03-16 11:16:22"}
{"level":"info","message":"🚀 Decentrashare API Server running on port 3000","timestamp":"2026-03-16 11:16:22"}
{"level":"info","message":"🌍 Environment: Development","timestamp":"2026-03-16 11:16:22"}
{"level":"info","message":"📚 API Documentation: http://localhost:3000/api","timestamp":"2026-03-16 11:16:22"}
{"level":"info","message":"❤️  Health Check: http://localhost:3000/api/health","timestamp":"2026-03-16 11:16:22"}
{"level":"info","message":"✅ Database connected successfully","timestamp":"2026-03-16 11:23:10"}
{"level":"info","message":"🚀 Decentrashare API Server running on port 3000","timestamp":"2026-03-16 11:23:10"}
{"level":"info","message":"🌍 Environment: Development","timestamp":"2026-03-16 11:23:10"}
{"level":"info","message":"📚 API Documentation: http://localhost:3000/api","timestamp":"2026-03-16 11:23:10"}
{"level":"info","message":"❤️  Health Check: http://localhost:3000/api/health","timestamp":"2026-03-16 11:23:10"}
{"level":"info","message":"✅ Database connected successfully","timestamp":"2026-03-16 11:23:17"}
{"level":"info","message":"🚀 Decentrashare API Server running on port 3000","timestamp":"2026-03-16 11:23:17"}
{"level":"info","message":"🌍 Environment: Development","timestamp":"2026-03-16 11:23:17"}
{"level":"info","message":"📚 API Documentation: http://localhost:3000/api","timestamp":"2026-03-16 11:23:17"}
{"level":"info","message":"❤️  Health Check: http://localhost:3000/api/health","timestamp":"2026-03-16 11:23:17"}
{"level":"info","message":"✅ Database connected successfully","timestamp":"2026-03-16 11:26:16"}
{"level":"info","message":"🚀 Decentrashare API Server running on port 3000","timestamp":"2026-03-16 11:26:17"}
{"level":"info","message":"🌍 Environment: Development","timestamp":"2026-03-16 11:26:17"}
{"level":"info","message":"📚 API Documentation: http://localhost:3000/api","timestamp":"2026-03-16 11:26:17"}
{"level":"info","message":"❤️  Health Check: http://localhost:3000/api/health","timestamp":"2026-03-16 11:26:17"}
{"level":"info","message":"✅ Database connected successfully","timestamp":"2026-03-16 11:29:02"}
{"level":"info","message":"🚀 Decentrashare API Server running on port 3000","timestamp":"2026-03-16 11:29:02"}
{"level":"info","message":"🌍 Environment: Development","timestamp":"2026-03-16 11:29:02"}
{"level":"info","message":"📚 API Documentation: http://localhost:3000/api","timestamp":"2026-03-16 11:29:02"}
{"level":"info","message":"❤️  Health Check: http://localhost:3000/api/health","timestamp":"2026-03-16 11:29:02"}
{"level":"info","message":"✅ Database connected successfully","timestamp":"2026-03-16 11:45:41"}
{"level":"info","message":"🚀 Decentrashare API Server running on port 3000","timestamp":"2026-03-16 11:45:41"}
{"level":"info","message":"🌍 Environment: Development","timestamp":"2026-03-16 11:45:41"}
{"level":"info","message":"📚 API Documentation: http://localhost:3000/api","timestamp":"2026-03-16 11:45:41"}
{"level":"info","message":"❤️  Health Check: http://localhost:3000/api/health","timestamp":"2026-03-16 11:45:41"}
{"level":"info","message":"✅ Database connected successfully","timestamp":"2026-03-16 11:45:42"}
{"level":"info","message":"🚀 Decentrashare API Server running on port 3000","timestamp":"2026-03-16 11:45:42"}
{"level":"info","message":"🌍 Environment: Development","timestamp":"2026-03-16 11:45:42"}
{"level":"info","message":"📚 API Documentation: http://localhost:3000/api","timestamp":"2026-03-16 11:45:42"}
{"level":"info","message":"❤️  Health Check: http://localhost:3000/api/health","timestamp":"2026-03-16 11:45:42"}
{"level":"info","message":"✅ Database connected successfully","timestamp":"2026-03-16 11:47:08"}
{"level":"info","message":"🚀 Decentrashare API Server running on port 3000","timestamp":"2026-03-16 11:47:08"}
{"level":"info","message":"🌍 Environment: Development","timestamp":"2026-03-16 11:47:08"}
{"level":"info","message":"📚 API Documentation: http://localhost:3000/api","timestamp":"2026-03-16 11:47:08"}
{"level":"info","message":"❤️  Health Check: http://localhost:3000/api/health","timestamp":"2026-03-16 11:47:08"}
{"level":"info","message":"✅ Database connected successfully","timestamp":"2026-03-16 11:47:15"}
{"level":"info","message":"🚀 Decentrashare API Server running on port 3000","timestamp":"2026-03-16 11:47:15"}
{"level":"info","message":"🌍 Environment: Development","timestamp":"2026-03-16 11:47:15"}
{"level":"info","message":"📚 API Documentation: http://localhost:3000/api","timestamp":"2026-03-16 11:47:15"}
{"level":"info","message":"❤️  Health Check: http://localhost:3000/api/health","timestamp":"2026-03-16 11:47:15"}
{"level":"info","message":"✅ Database connected successfully","timestamp":"2026-03-16 11:47:16"}
{"level":"info","message":"🚀 Decentrashare API Server running on port 3000","timestamp":"2026-03-16 11:47:16"}
{"level":"info","message":"🌍 Environment: Development","timestamp":"2026-03-16 11:47:16"}
{"level":"info","message":"📚 API Documentation: http://localhost:3000/api","timestamp":"2026-03-16 11:47:16"}
{"level":"info","message":"❤️  Health Check: http://localhost:3000/api/health","timestamp":"2026-03-16 11:47:16"}
{"level":"info","message":"✅ Database connected successfully","timestamp":"2026-03-16 11:48:16"}
{"level":"info","message":"🚀 Decentrashare API Server running on port 3000","timestamp":"2026-03-16 11:48:16"}
{"level":"info","message":"🌍 Environment: Development","timestamp":"2026-03-16 11:48:16"}
{"level":"info","message":"📚 API Documentation: http://localhost:3000/api","timestamp":"2026-03-16 11:48:16"}
{"level":"info","message":"❤️  Health Check: http://localhost:3000/api/health","timestamp":"2026-03-16 11:48:16"}
{"level":"info","message":"✅ Database connected successfully","timestamp":"2026-03-16 11:50:07"}
{"level":"info","message":"🚀 Decentrashare API Server running on port 3000","timestamp":"2026-03-16 11:50:07"}
{"level":"info","message":"🌍 Environment: Development","timestamp":"2026-03-16 11:50:07"}
{"level":"info","message":"📚 API Documentation: http://localhost:3000/api","timestamp":"2026-03-16 11:50:07"}
{"level":"info","message":"❤️  Health Check: http://localhost:3000/api/health","timestamp":"2026-03-16 11:50:07"}
{"level":"info","message":"✅ Database connected successfully","timestamp":"2026-03-16 11:50:09"}
{"level":"info","message":"🚀 Decentrashare API Server running on port 3000","timestamp":"2026-03-16 11:50:09"}
{"level":"info","message":"🌍 Environment: Development","timestamp":"2026-03-16 11:50:09"}
{"level":"info","message":"📚 API Documentation: http://localhost:3000/api","timestamp":"2026-03-16 11:50:09"}
{"level":"info","message":"❤️  Health Check: http://localhost:3000/api/health","timestamp":"2026-03-16 11:50:09"}
{"level":"info","message":"✅ Database connected successfully","timestamp":"2026-03-16 11:50:10"}
{"level":"info","message":"🚀 Decentrashare API Server running on port 3000","timestamp":"2026-03-16 11:50:10"}
{"level":"info","message":"🌍 Environment: Development","timestamp":"2026-03-16 11:50:10"}
{"level":"info","message":"📚 API Documentation: http://localhost:3000/api","timestamp":"2026-03-16 11:50:10"}
{"level":"info","message":"❤️  Health Check: http://localhost:3000/api/health","timestamp":"2026-03-16 11:50:10"}
{"level":"info","message":"✅ Database connected successfully","timestamp":"2026-03-16 12:35:31"}
{"level":"info","message":"🚀 Decentrashare API Server running on port 3000","timestamp":"2026-03-16 12:35:31"}
{"level":"info","message":"🌍 Environment: Development","timestamp":"2026-03-16 12:35:31"}
{"level":"info","message":"📚 API Documentation: http://localhost:3000/api","timestamp":"2026-03-16 12:35:31"}
{"level":"info","message":"❤️  Health Check: http://localhost:3000/api/health","timestamp":"2026-03-16 12:35:31"}
{"ip":"::ffff:127.0.0.1","level":"info","message":"[6b9xj133q] GET /api/auth/nonce/0xD979f5F19f53A4a26d22a4C497da1Adfc6BD51cd","method":"GET","requestId":"6b9xj133q","timestamp":"2026-03-16 12:58:32","url":"/api/auth/nonce/0xD979f5F19f53A4a26d22a4C497da1Adfc6BD51cd","userAgent":"insomnia/12.3.1"}
{"duration":106,"level":"info","message":"[6b9xj133q] 200 106ms","requestId":"6b9xj133q","statusCode":200,"timestamp":"2026-03-16 12:58:32"}
{"ip":"::1","level":"info","message":"[aj2uy6sot] GET /api/health","method":"GET","requestId":"aj2uy6sot","timestamp":"2026-03-16 12:59:31","url":"/api/health","userAgent":"Mozilla/5.0 (X11; Linux x86_64) AppleWebKit/537.36 (KHTML, like Gecko) Chrome/145.0.0.0 Safari/537.36"}
{"duration":5,"level":"info","message":"[aj2uy6sot] 200 5ms","requestId":"aj2uy6sot","statusCode":200,"timestamp":"2026-03-16 12:59:31"}
{"ip":"::1","level":"info","message":"[ojayztscr] GET /favicon.ico","method":"GET","requestId":"ojayztscr","timestamp":"2026-03-16 12:59:31","url":"/favicon.ico","userAgent":"Mozilla/5.0 (X11; Linux x86_64) AppleWebKit/537.36 (KHTML, like Gecko) Chrome/145.0.0.0 Safari/537.36"}
{"duration":4,"level":"info","message":"[ojayztscr] 404 4ms","requestId":"ojayztscr","statusCode":404,"timestamp":"2026-03-16 12:59:31"}
{"ip":"::1","level":"info","message":"[kq7qgjej2] GET /.well-known/appspecific/com.chrome.devtools.json","method":"GET","requestId":"kq7qgjej2","timestamp":"2026-03-16 12:59:35","url":"/.well-known/appspecific/com.chrome.devtools.json","userAgent":"Mozilla/5.0 (X11; Linux x86_64) AppleWebKit/537.36 (KHTML, like Gecko) Chrome/145.0.0.0 Safari/537.36"}
{"duration":2,"level":"info","message":"[kq7qgjej2] 404 2ms","requestId":"kq7qgjej2","statusCode":404,"timestamp":"2026-03-16 12:59:35"}
{"ip":"::ffff:127.0.0.1","level":"info","message":"[kcjllsqto] GET /api/auth/nonce/0x3a44c3a687599c2cba8ae58015d9a2792d96ac7c241e9dd9b4a6943031b1543f","method":"GET","requestId":"kcjllsqto","timestamp":"2026-03-16 13:10:15","url":"/api/auth/nonce/0x3a44c3a687599c2cba8ae58015d9a2792d96ac7c241e9dd9b4a6943031b1543f","userAgent":"insomnia/12.3.1"}
{"duration":37,"level":"info","message":"[kcjllsqto] 200 37ms","requestId":"kcjllsqto","statusCode":200,"timestamp":"2026-03-16 13:10:15"}
{"ip":"::ffff:127.0.0.1","level":"info","message":"[ekfeysp31] GET /api/auth/nonce/0x14A08Cd77943dF0D4C2B3B858148e3A60102c514","method":"GET","requestId":"ekfeysp31","timestamp":"2026-03-16 13:23:15","url":"/api/auth/nonce/0x14A08Cd77943dF0D4C2B3B858148e3A60102c514","userAgent":"insomnia/12.3.1"}
{"duration":45,"level":"info","message":"[ekfeysp31] 200 45ms","requestId":"ekfeysp31","statusCode":200,"timestamp":"2026-03-16 13:23:15"}
{"ip":"::ffff:127.0.0.1","level":"info","message":"[ps4e2xxwy] POST /api/auth/register","method":"POST","requestId":"ps4e2xxwy","timestamp":"2026-03-16 13:25:18","url":"/api/auth/register","userAgent":"insomnia/12.3.1"}
{"level":"error","message":"Unhandled error: User already registered.","stack":"Error: User already registered.\n    at <anonymous> (/home/dimas/project/decentrashare/backend/src/modules/auth/auth.service.ts:104:36)\n    at async <anonymous> (/home/dimas/project/decentrashare/backend/src/modules/auth/auth.controller.ts:73:26)\n    at processTicksAndRejections (native:7:39)","timestamp":"2026-03-16 13:25:18"}
{"duration":14,"level":"info","message":"[ps4e2xxwy] 500 14ms","requestId":"ps4e2xxwy","statusCode":500,"timestamp":"2026-03-16 13:25:18"}
{"ip":"::ffff:127.0.0.1","level":"info","message":"[9kl2y9n85] POST /api/auth/register","method":"POST","requestId":"9kl2y9n85","timestamp":"2026-03-16 13:25:34","url":"/api/auth/register","userAgent":"insomnia/12.3.1"}
{"level":"info","message":"[AUTH] New user registered: 0x14a08cd77943df0d4c2b3b858148e3a60102c514","timestamp":"2026-03-16 13:25:34"}
{"duration":53,"level":"info","message":"[9kl2y9n85] 201 53ms","requestId":"9kl2y9n85","statusCode":201,"timestamp":"2026-03-16 13:25:34"}
{"ip":"::ffff:127.0.0.1","level":"info","message":"[ej9h9lwq1] GET /api/auth/me","method":"GET","requestId":"ej9h9lwq1","timestamp":"2026-03-16 13:25:47","url":"/api/auth/me","userAgent":"insomnia/12.3.1"}
{"duration":11,"level":"info","message":"[ej9h9lwq1] 200 11ms","requestId":"ej9h9lwq1","statusCode":200,"timestamp":"2026-03-16 13:25:47"}
{"ip":"::ffff:127.0.0.1","level":"info","message":"[xp62ckt31] GET /api/documents/folder","method":"GET","requestId":"xp62ckt31","timestamp":"2026-03-16 13:51:09","url":"/api/documents/folder","userAgent":"insomnia/12.3.1"}
{"duration":2,"level":"info","message":"[xp62ckt31] 404 2ms","requestId":"xp62ckt31","statusCode":404,"timestamp":"2026-03-16 13:51:09"}
{"ip":"::ffff:127.0.0.1","level":"info","message":"[ijw0bruea] POST /api/documents/folder","method":"POST","requestId":"ijw0bruea","timestamp":"2026-03-16 13:51:19","url":"/api/documents/folder","userAgent":"insomnia/12.3.1"}
{"duration":3,"level":"info","message":"[ijw0bruea] 404 3ms","requestId":"ijw0bruea","statusCode":404,"timestamp":"2026-03-16 13:51:19"}
{"ip":"::ffff:127.0.0.1","level":"info","message":"[gfaavfir3] POST /api/documents/folders","method":"POST","requestId":"gfaavfir3","timestamp":"2026-03-16 13:52:17","url":"/api/documents/folders","userAgent":"insomnia/12.3.1"}
{"level":"error","message":"[AUTH_MIDDLEWARE] Access denied: jwt expired - IP: ::ffff:127.0.0.1","timestamp":"2026-03-16 13:52:17"}
{"duration":4,"level":"info","message":"[gfaavfir3] 401 4ms","requestId":"gfaavfir3","statusCode":401,"timestamp":"2026-03-16 13:52:17"}
{"ip":"::ffff:127.0.0.1","level":"info","message":"[onzlu0xt9] POST /api/documents/folders","method":"POST","requestId":"onzlu0xt9","timestamp":"2026-03-16 13:52:19","url":"/api/documents/folders","userAgent":"insomnia/12.3.1"}
{"level":"error","message":"[AUTH_MIDDLEWARE] Access denied: jwt expired - IP: ::ffff:127.0.0.1","timestamp":"2026-03-16 13:52:19"}
{"duration":10,"level":"info","message":"[onzlu0xt9] 401 10ms","requestId":"onzlu0xt9","statusCode":401,"timestamp":"2026-03-16 13:52:19"}
{"ip":"::ffff:127.0.0.1","level":"info","message":"[dayee2aph] GET /api/auth/me","method":"GET","requestId":"dayee2aph","timestamp":"2026-03-16 13:52:32","url":"/api/auth/me","userAgent":"insomnia/12.3.1"}
{"level":"error","message":"[AUTH_MIDDLEWARE] Access denied: jwt expired - IP: ::ffff:127.0.0.1","timestamp":"2026-03-16 13:52:32"}
{"duration":3,"level":"info","message":"[dayee2aph] 401 3ms","requestId":"dayee2aph","statusCode":401,"timestamp":"2026-03-16 13:52:32"}
{"ip":"::ffff:127.0.0.1","level":"info","message":"[sik1p6wm5] GET /api/auth/nonce/0x14A08Cd77943dF0D4C2B3B858148e3A60102c514","method":"GET","requestId":"sik1p6wm5","timestamp":"2026-03-16 14:07:59","url":"/api/auth/nonce/0x14A08Cd77943dF0D4C2B3B858148e3A60102c514","userAgent":"insomnia/12.3.1"}
{"duration":33,"level":"info","message":"[sik1p6wm5] 200 33ms","requestId":"sik1p6wm5","statusCode":200,"timestamp":"2026-03-16 14:07:59"}
{"ip":"::ffff:127.0.0.1","level":"info","message":"[zrn2m9jex] POST /api/auth/login","method":"POST","requestId":"zrn2m9jex","timestamp":"2026-03-16 14:09:13","url":"/api/auth/login","userAgent":"insomnia/12.3.1"}
{"level":"info","message":"[AUTH] Login success for wallet: 0x14a08cd77943df0d4c2b3b858148e3a60102c514","timestamp":"2026-03-16 14:09:13"}
{"duration":55,"level":"info","message":"[zrn2m9jex] 200 55ms","requestId":"zrn2m9jex","statusCode":200,"timestamp":"2026-03-16 14:09:13"}
{"ip":"::ffff:127.0.0.1","level":"info","message":"[h9pplcgeb] GET /api/auth/me","method":"GET","requestId":"h9pplcgeb","timestamp":"2026-03-16 14:09:28","url":"/api/auth/me","userAgent":"insomnia/12.3.1"}
{"duration":4,"level":"info","message":"[h9pplcgeb] 200 4ms","requestId":"h9pplcgeb","statusCode":200,"timestamp":"2026-03-16 14:09:28"}
{"ip":"::ffff:127.0.0.1","level":"info","message":"[6hs72m7bb] POST /api/documents/folders","method":"POST","requestId":"6hs72m7bb","timestamp":"2026-03-16 14:09:36","url":"/api/documents/folders","userAgent":"insomnia/12.3.1"}
{"duration":33,"level":"info","message":"[6hs72m7bb] 201 33ms","requestId":"6hs72m7bb","statusCode":201,"timestamp":"2026-03-16 14:09:36"}
{"ip":"::ffff:127.0.0.1","level":"info","message":"[111lul9hc] POST /api/documents/upload","method":"POST","requestId":"111lul9hc","timestamp":"2026-03-16 14:44:21","url":"/api/documents/upload","userAgent":"insomnia/12.3.1"}
{"level":"error","message":"[AUTH_MIDDLEWARE] Access denied: jwt expired - IP: ::ffff:127.0.0.1","timestamp":"2026-03-16 14:44:21"}
{"duration":3,"level":"info","message":"[111lul9hc] 401 3ms","requestId":"111lul9hc","statusCode":401,"timestamp":"2026-03-16 14:44:21"}
{"level":"info","message":"✅ Database connected successfully","timestamp":"2026-03-16 14:44:43"}
{"level":"info","message":"🚀 Decentrashare API Server running on port 3000","timestamp":"2026-03-16 14:44:43"}
{"level":"info","message":"🌍 Environment: Development","timestamp":"2026-03-16 14:44:43"}
{"level":"info","message":"📚 API Documentation: http://localhost:3000/api","timestamp":"2026-03-16 14:44:43"}
{"level":"info","message":"❤️  Health Check: http://localhost:3000/api/health","timestamp":"2026-03-16 14:44:43"}
{"ip":"::ffff:127.0.0.1","level":"info","message":"[ku4a8h5vl] GET /api/auth/nonce/0x14A08Cd77943dF0D4C2B3B858148e3A60102c514","method":"GET","requestId":"ku4a8h5vl","timestamp":"2026-03-16 14:45:01","url":"/api/auth/nonce/0x14A08Cd77943dF0D4C2B3B858148e3A60102c514","userAgent":"insomnia/12.3.1"}
{"duration":16,"level":"info","message":"[ku4a8h5vl] 200 16ms","requestId":"ku4a8h5vl","statusCode":200,"timestamp":"2026-03-16 14:45:01"}
{"ip":"::ffff:127.0.0.1","level":"info","message":"[q64lh1oyv] POST /api/auth/login","method":"POST","requestId":"q64lh1oyv","timestamp":"2026-03-16 14:45:29","url":"/api/auth/login","userAgent":"insomnia/12.3.1"}
{"level":"info","message":"[AUTH] Login success for wallet: 0x14a08cd77943df0d4c2b3b858148e3a60102c514","timestamp":"2026-03-16 14:45:29"}
{"duration":76,"level":"info","message":"[q64lh1oyv] 200 76ms","requestId":"q64lh1oyv","statusCode":200,"timestamp":"2026-03-16 14:45:29"}
{"ip":"::ffff:127.0.0.1","level":"info","message":"[u7hl8w28z] POST /api/documents/upload","method":"POST","requestId":"u7hl8w28z","timestamp":"2026-03-16 14:45:46","url":"/api/documents/upload","userAgent":"insomnia/12.3.1"}
{"level":"error","message":"[UPLOAD] Error processing satu.png:","timestamp":"2026-03-16 14:45:46"}
{"level":"info","message":"[IPFS] Uploading to Pinata: Screenshot from 2026-02-13 18-30-27.png","timestamp":"2026-03-16 14:45:47"}
{"level":"info","message":"[CHAIN] Recording to blockchain: Screenshot from 2026-02-13 18-30-27.png","timestamp":"2026-03-16 14:45:53"}
{"level":"info","message":"[IPFS] Uploading to Pinata: Screenshot from 2026-02-23 10-55-32.png","timestamp":"2026-03-16 14:45:54"}
{"level":"info","message":"[CHAIN] Recording to blockchain: Screenshot from 2026-02-23 10-55-32.png","timestamp":"2026-03-16 14:45:56"}
{"duration":9955,"level":"info","message":"[u7hl8w28z] 201 9955ms","requestId":"u7hl8w28z","statusCode":201,"timestamp":"2026-03-16 14:45:56"}
{"ip":"::ffff:127.0.0.1","level":"info","message":"[6d0oaf0hp] GET /api/documents/me","method":"GET","requestId":"6d0oaf0hp","timestamp":"2026-03-16 14:47:47","url":"/api/documents/me","userAgent":"insomnia/12.3.1"}
{"level":"error","message":"[AUTH_MIDDLEWARE] Access denied: jwt expired - IP: ::ffff:127.0.0.1","timestamp":"2026-03-16 14:47:47"}
{"duration":11,"level":"info","message":"[6d0oaf0hp] 401 11ms","requestId":"6d0oaf0hp","statusCode":401,"timestamp":"2026-03-16 14:47:47"}
{"ip":"::ffff:127.0.0.1","level":"info","message":"[2wq0gvvhl] GET /api/documents/me","method":"GET","requestId":"2wq0gvvhl","timestamp":"2026-03-16 14:47:58","url":"/api/documents/me","userAgent":"insomnia/12.3.1"}
{"level":"error","message":"[AUTH_MIDDLEWARE] Access denied: jwt malformed - IP: ::ffff:127.0.0.1","timestamp":"2026-03-16 14:47:58"}
{"duration":11,"level":"info","message":"[2wq0gvvhl] 401 11ms","requestId":"2wq0gvvhl","statusCode":401,"timestamp":"2026-03-16 14:47:58"}
{"ip":"::ffff:127.0.0.1","level":"info","message":"[1fvillin1] GET /api/documents/me","method":"GET","requestId":"1fvillin1","timestamp":"2026-03-16 14:48:18","url":"/api/documents/me","userAgent":"insomnia/12.3.1"}
{"level":"error","message":"Unhandled error: documentService.getUserDocuments is not a function. (In 'documentService.getUserDocuments(userId)', 'documentService.getUserDocuments' is undefined)","stack":"TypeError: documentService.getUserDocuments is not a function. (In 'documentService.getUserDocuments(userId)', 'documentService.getUserDocuments' is undefined)\n    at <anonymous> (/home/dimas/project/decentrashare/backend/src/modules/document/document.controller.ts:94:45)\n    at handleRequest (/home/dimas/project/decentrashare/backend/node_modules/router/lib/layer.js:152:17)\n    at next (/home/dimas/project/decentrashare/backend/node_modules/router/lib/route.js:157:13)\n    at authMiddleware (/home/dimas/project/decentrashare/backend/src/middlewares/auth.middleware.ts:43:5)\n    at handleRequest (/home/dimas/project/decentrashare/backend/node_modules/router/lib/layer.js:152:17)\n    at next (/home/dimas/project/decentrashare/backend/node_modules/router/lib/route.js:157:13)\n    at dispatch (/home/dimas/project/decentrashare/backend/node_modules/router/lib/route.js:117:3)\n    at handle (/home/dimas/project/decentrashare/backend/node_modules/router/index.js:435:11)\n    at handleRequest (/home/dimas/project/decentrashare/backend/node_modules/router/lib/layer.js:152:17)\n    at <anonymous> (/home/dimas/project/decentrashare/backend/node_modules/router/index.js:295:15)\n    at next (/home/dimas/project/decentrashare/backend/node_modules/router/index.js:291:5)\n    at handle (/home/dimas/project/decentrashare/backend/node_modules/router/index.js:186:3)\n    at router (/home/dimas/project/decentrashare/backend/node_modules/router/index.js:60:12)\n    at handleRequest (/home/dimas/project/decentrashare/backend/node_modules/router/lib/layer.js:152:17)\n    at trimPrefix (/home/dimas/project/decentrashare/backend/node_modules/router/index.js:342:13)\n    at <anonymous> (/home/dimas/project/decentrashare/backend/node_modules/router/index.js:297:9)\n    at next (/home/dimas/project/decentrashare/backend/node_modules/router/index.js:291:5)\n    at handle (/home/dimas/project/decentrashare/backend/node_modules/router/index.js:186:3)\n    at router (/home/dimas/project/decentrashare/backend/node_modules/router/index.js:60:12)\n    at handleRequest (/home/dimas/project/decentrashare/backend/node_modules/router/lib/layer.js:152:17)\n    at trimPrefix (/home/dimas/project/decentrashare/backend/node_modules/router/index.js:342:13)\n    at <anonymous> (/home/dimas/project/decentrashare/backend/node_modules/router/index.js:297:9)\n    at next (/home/dimas/project/decentrashare/backend/node_modules/router/index.js:291:5)\n    at requestLogger (/home/dimas/project/decentrashare/backend/src/utils/logger.ts:109:3)\n    at handleRequest (/home/dimas/project/decentrashare/backend/node_modules/router/lib/layer.js:152:17)\n    at trimPrefix (/home/dimas/project/decentrashare/backend/node_modules/router/index.js:342:13)\n    at <anonymous> (/home/dimas/project/decentrashare/backend/node_modules/router/index.js:297:9)\n    at next (/home/dimas/project/decentrashare/backend/node_modules/router/index.js:291:5)\n    at handleRequest (/home/dimas/project/decentrashare/backend/node_modules/router/lib/layer.js:152:17)\n    at trimPrefix (/home/dimas/project/decentrashare/backend/node_modules/router/index.js:342:13)\n    at <anonymous> (/home/dimas/project/decentrashare/backend/node_modules/router/index.js:297:9)\n    at next (/home/dimas/project/decentrashare/backend/node_modules/router/index.js:291:5)\n    at read (/home/dimas/project/decentrashare/backend/node_modules/body-parser/lib/read.js:53:5)\n    at urlencodedParser (/home/dimas/project/decentrashare/backend/node_modules/body-parser/lib/types/urlencoded.js:57:5)\n    at handleRequest (/home/dimas/project/decentrashare/backend/node_modules/router/lib/layer.js:152:17)\n    at trimPrefix (/home/dimas/project/decentrashare/backend/node_modules/router/index.js:342:13)\n    at <anonymous> (/home/dimas/project/decentrashare/backend/node_modules/router/index.js:297:9)\n    at next (/home/dimas/project/decentrashare/backend/node_modules/router/index.js:291:5)\n    at read (/home/dimas/project/decentrashare/backend/node_modules/body-parser/lib/read.js:53:5)\n    at jsonParser (/home/dimas/project/decentrashare/backend/node_modules/body-parser/lib/types/json.js:88:5)\n    at handleRequest (/home/dimas/project/decentrashare/backend/node_modules/router/lib/layer.js:152:17)\n    at trimPrefix (/home/dimas/project/decentrashare/backend/node_modules/router/index.js:342:13)\n    at <anonymous> (/home/dimas/project/decentrashare/backend/node_modules/router/index.js:297:9)\n    at next (/home/dimas/project/decentrashare/backend/node_modules/router/index.js:291:5)\n    at <anonymous> (/home/dimas/project/decentrashare/backend/node_modules/express-rate-limit/dist/index.mjs:779:7)\n    at processTicksAndRejections (native:7:39)","timestamp":"2026-03-16 14:48:18"}
{"duration":13,"level":"info","message":"[1fvillin1] 500 13ms","requestId":"1fvillin1","statusCode":500,"timestamp":"2026-03-16 14:48:18"}
{"level":"info","message":"✅ Database connected successfully","timestamp":"2026-03-16 14:49:58"}
{"level":"info","message":"🚀 Decentrashare API Server running on port 3000","timestamp":"2026-03-16 14:49:58"}
{"level":"info","message":"🌍 Environment: Development","timestamp":"2026-03-16 14:49:58"}
{"level":"info","message":"📚 API Documentation: http://localhost:3000/api","timestamp":"2026-03-16 14:49:58"}
{"level":"info","message":"❤️  Health Check: http://localhost:3000/api/health","timestamp":"2026-03-16 14:49:58"}
{"ip":"::ffff:127.0.0.1","level":"info","message":"[mdz5e04ov] GET /api/documents/me","method":"GET","requestId":"mdz5e04ov","timestamp":"2026-03-16 14:50:00","url":"/api/documents/me","userAgent":"insomnia/12.3.1"}
{"duration":27,"level":"info","message":"[mdz5e04ov] 200 27ms","requestId":"mdz5e04ov","statusCode":200,"timestamp":"2026-03-16 14:50:00"}
{"level":"info","message":"✅ Database connected successfully","timestamp":"2026-03-16 14:56:08"}
{"level":"info","message":"🚀 Decentrashare API Server running on port 3000","timestamp":"2026-03-16 14:56:08"}
{"level":"info","message":"🌍 Environment: Development","timestamp":"2026-03-16 14:56:08"}
{"level":"info","message":"📚 API Documentation: http://localhost:3000/api","timestamp":"2026-03-16 14:56:08"}
{"level":"info","message":"❤️  Health Check: http://localhost:3000/api/health","timestamp":"2026-03-16 14:56:08"}
{"level":"info","message":"✅ Database connected successfully","timestamp":"2026-03-16 14:56:09"}
{"level":"info","message":"🚀 Decentrashare API Server running on port 3000","timestamp":"2026-03-16 14:56:09"}
{"level":"info","message":"🌍 Environment: Development","timestamp":"2026-03-16 14:56:09"}
{"level":"info","message":"📚 API Documentation: http://localhost:3000/api","timestamp":"2026-03-16 14:56:09"}
{"level":"info","message":"❤️  Health Check: http://localhost:3000/api/health","timestamp":"2026-03-16 14:56:09"}
{"level":"info","message":"✅ Database connected successfully","timestamp":"2026-03-16 14:56:38"}
{"level":"info","message":"🚀 Decentrashare API Server running on port 3000","timestamp":"2026-03-16 14:56:38"}
{"level":"info","message":"🌍 Environment: Development","timestamp":"2026-03-16 14:56:38"}
{"level":"info","message":"📚 API Documentation: http://localhost:3000/api","timestamp":"2026-03-16 14:56:38"}
{"level":"info","message":"❤️  Health Check: http://localhost:3000/api/health","timestamp":"2026-03-16 14:56:38"}
{"level":"info","message":"✅ Database connected successfully","timestamp":"2026-03-16 14:59:00"}
{"level":"info","message":"🚀 Decentrashare API Server running on port 3000","timestamp":"2026-03-16 14:59:00"}
{"level":"info","message":"🌍 Environment: Development","timestamp":"2026-03-16 14:59:00"}
{"level":"info","message":"📚 API Documentation: http://localhost:3000/api","timestamp":"2026-03-16 14:59:00"}
{"level":"info","message":"❤️  Health Check: http://localhost:3000/api/health","timestamp":"2026-03-16 14:59:00"}
{"level":"info","message":"✅ Database connected successfully","timestamp":"2026-03-16 14:59:20"}
{"level":"info","message":"🚀 Decentrashare API Server running on port 3000","timestamp":"2026-03-16 14:59:20"}
{"level":"info","message":"🌍 Environment: Development","timestamp":"2026-03-16 14:59:20"}
{"level":"info","message":"📚 API Documentation: http://localhost:3000/api","timestamp":"2026-03-16 14:59:20"}
{"level":"info","message":"❤️  Health Check: http://localhost:3000/api/health","timestamp":"2026-03-16 14:59:20"}
{"level":"info","message":"✅ Database connected successfully","timestamp":"2026-03-16 14:59:21"}
{"level":"info","message":"🚀 Decentrashare API Server running on port 3000","timestamp":"2026-03-16 14:59:21"}
{"level":"info","message":"🌍 Environment: Development","timestamp":"2026-03-16 14:59:21"}
{"level":"info","message":"📚 API Documentation: http://localhost:3000/api","timestamp":"2026-03-16 14:59:21"}
{"level":"info","message":"❤️  Health Check: http://localhost:3000/api/health","timestamp":"2026-03-16 14:59:21"}
{"level":"info","message":"✅ Database connected successfully","timestamp":"2026-03-16 14:59:22"}
{"level":"info","message":"🚀 Decentrashare API Server running on port 3000","timestamp":"2026-03-16 14:59:22"}
{"level":"info","message":"🌍 Environment: Development","timestamp":"2026-03-16 14:59:22"}
{"level":"info","message":"📚 API Documentation: http://localhost:3000/api","timestamp":"2026-03-16 14:59:22"}
{"level":"info","message":"❤️  Health Check: http://localhost:3000/api/health","timestamp":"2026-03-16 14:59:22"}
{"level":"info","message":"✅ Database connected successfully","timestamp":"2026-03-16 14:59:25"}
{"level":"info","message":"🚀 Decentrashare API Server running on port 3000","timestamp":"2026-03-16 14:59:25"}
{"level":"info","message":"🌍 Environment: Development","timestamp":"2026-03-16 14:59:25"}
{"level":"info","message":"📚 API Documentation: http://localhost:3000/api","timestamp":"2026-03-16 14:59:25"}
{"level":"info","message":"❤️  Health Check: http://localhost:3000/api/health","timestamp":"2026-03-16 14:59:25"}
{"level":"info","message":"✅ Database connected successfully","timestamp":"2026-03-16 15:21:16"}
{"level":"info","message":"🚀 Decentrashare API Server running on port 3000","timestamp":"2026-03-16 15:21:16"}
{"level":"info","message":"🌍 Environment: Development","timestamp":"2026-03-16 15:21:16"}
{"level":"info","message":"📚 API Documentation: http://localhost:3000/api","timestamp":"2026-03-16 15:21:16"}
{"level":"info","message":"❤️  Health Check: http://localhost:3000/api/health","timestamp":"2026-03-16 15:21:16"}
{"ip":"::ffff:127.0.0.1","level":"info","message":"[bctusqhvf] GET /api/folder/folders","method":"GET","requestId":"bctusqhvf","timestamp":"2026-03-16 15:21:20","url":"/api/folder/folders","userAgent":"insomnia/12.3.1"}
{"duration":16,"level":"info","message":"[bctusqhvf] 404 16ms","requestId":"bctusqhvf","statusCode":404,"timestamp":"2026-03-16 15:21:20"}
{"ip":"::ffff:127.0.0.1","level":"info","message":"[po4u034tl] GET /api/folders/folders","method":"GET","requestId":"po4u034tl","timestamp":"2026-03-16 15:21:46","url":"/api/folders/folders","userAgent":"insomnia/12.3.1"}
{"level":"error","message":"[AUTH_MIDDLEWARE] Access denied: jwt expired - IP: ::ffff:127.0.0.1","timestamp":"2026-03-16 15:21:46"}
{"duration":11,"level":"info","message":"[po4u034tl] 401 11ms","requestId":"po4u034tl","statusCode":401,"timestamp":"2026-03-16 15:21:46"}
{"ip":"::ffff:127.0.0.1","level":"info","message":"[dwidbb3sd] GET /api/auth/nonce/0x14A08Cd77943dF0D4C2B3B858148e3A60102c514","method":"GET","requestId":"dwidbb3sd","timestamp":"2026-03-16 15:23:38","url":"/api/auth/nonce/0x14A08Cd77943dF0D4C2B3B858148e3A60102c514","userAgent":"insomnia/12.3.1"}
{"duration":27,"level":"info","message":"[dwidbb3sd] 200 27ms","requestId":"dwidbb3sd","statusCode":200,"timestamp":"2026-03-16 15:23:38"}
{"ip":"::ffff:127.0.0.1","level":"info","message":"[bkoqk2umj] POST /api/auth/login","method":"POST","requestId":"bkoqk2umj","timestamp":"2026-03-16 15:24:01","url":"/api/auth/login","userAgent":"insomnia/12.3.1"}
{"level":"info","message":"[AUTH] Login success for wallet: 0x14a08cd77943df0d4c2b3b858148e3a60102c514","timestamp":"2026-03-16 15:24:01"}
{"duration":66,"level":"info","message":"[bkoqk2umj] 200 66ms","requestId":"bkoqk2umj","statusCode":200,"timestamp":"2026-03-16 15:24:01"}
{"ip":"::ffff:127.0.0.1","level":"info","message":"[gf95chfff] GET /api/folders/folders","method":"GET","requestId":"gf95chfff","timestamp":"2026-03-16 15:24:18","url":"/api/folders/folders","userAgent":"insomnia/12.3.1"}
{"level":"error","message":"Unhandled error: documentService is not defined","stack":"ReferenceError: documentService is not defined\n    at <anonymous> (/home/dimas/project/decentrashare/backend/src/modules/folder/folder.controller.ts:39:27)\n    at handleRequest (/home/dimas/project/decentrashare/backend/node_modules/router/lib/layer.js:152:17)\n    at next (/home/dimas/project/decentrashare/backend/node_modules/router/lib/route.js:157:13)\n    at authMiddleware (/home/dimas/project/decentrashare/backend/src/middlewares/auth.middleware.ts:43:5)\n    at handleRequest (/home/dimas/project/decentrashare/backend/node_modules/router/lib/layer.js:152:17)\n    at next (/home/dimas/project/decentrashare/backend/node_modules/router/lib/route.js:157:13)\n    at dispatch (/home/dimas/project/decentrashare/backend/node_modules/router/lib/route.js:117:3)\n    at handle (/home/dimas/project/decentrashare/backend/node_modules/router/index.js:435:11)\n    at handleRequest (/home/dimas/project/decentrashare/backend/node_modules/router/lib/layer.js:152:17)\n    at <anonymous> (/home/dimas/project/decentrashare/backend/node_modules/router/index.js:295:15)\n    at next (/home/dimas/project/decentrashare/backend/node_modules/router/index.js:291:5)\n    at handle (/home/dimas/project/decentrashare/backend/node_modules/router/index.js:186:3)\n    at router (/home/dimas/project/decentrashare/backend/node_modules/router/index.js:60:12)\n    at handleRequest (/home/dimas/project/decentrashare/backend/node_modules/router/lib/layer.js:152:17)\n    at trimPrefix (/home/dimas/project/decentrashare/backend/node_modules/router/index.js:342:13)\n    at <anonymous> (/home/dimas/project/decentrashare/backend/node_modules/router/index.js:297:9)\n    at next (/home/dimas/project/decentrashare/backend/node_modules/router/index.js:291:5)\n    at handle (/home/dimas/project/decentrashare/backend/node_modules/router/index.js:186:3)\n    at router (/home/dimas/project/decentrashare/backend/node_modules/router/index.js:60:12)\n    at handleRequest (/home/dimas/project/decentrashare/backend/node_modules/router/lib/layer.js:152:17)\n    at trimPrefix (/home/dimas/project/decentrashare/backend/node_modules/router/index.js:342:13)\n    at <anonymous> (/home/dimas/project/decentrashare/backend/node_modules/router/index.js:297:9)\n    at next (/home/dimas/project/decentrashare/backend/node_modules/router/index.js:291:5)\n    at requestLogger (/home/dimas/project/decentrashare/backend/src/utils/logger.ts:109:3)\n    at handleRequest (/home/dimas/project/decentrashare/backend/node_modules/router/lib/layer.js:152:17)\n    at trimPrefix (/home/dimas/project/decentrashare/backend/node_modules/router/index.js:342:13)\n    at <anonymous> (/home/dimas/project/decentrashare/backend/node_modules/router/index.js:297:9)\n    at next (/home/dimas/project/decentrashare/backend/node_modules/router/index.js:291:5)\n    at handleRequest (/home/dimas/project/decentrashare/backend/node_modules/router/lib/layer.js:152:17)\n    at trimPrefix (/home/dimas/project/decentrashare/backend/node_modules/router/index.js:342:13)\n    at <anonymous> (/home/dimas/project/decentrashare/backend/node_modules/router/index.js:297:9)\n    at next (/home/dimas/project/decentrashare/backend/node_modules/router/index.js:291:5)\n    at read (/home/dimas/project/decentrashare/backend/node_modules/body-parser/lib/read.js:53:5)\n    at urlencodedParser (/home/dimas/project/decentrashare/backend/node_modules/body-parser/lib/types/urlencoded.js:57:5)\n    at handleRequest (/home/dimas/project/decentrashare/backend/node_modules/router/lib/layer.js:152:17)\n    at trimPrefix (/home/dimas/project/decentrashare/backend/node_modules/router/index.js:342:13)\n    at <anonymous> (/home/dimas/project/decentrashare/backend/node_modules/router/index.js:297:9)\n    at next (/home/dimas/project/decentrashare/backend/node_modules/router/index.js:291:5)\n    at read (/home/dimas/project/decentrashare/backend/node_modules/body-parser/lib/read.js:53:5)\n    at jsonParser (/home/dimas/project/decentrashare/backend/node_modules/body-parser/lib/types/json.js:88:5)\n    at handleRequest (/home/dimas/project/decentrashare/backend/node_modules/router/lib/layer.js:152:17)\n    at trimPrefix (/home/dimas/project/decentrashare/backend/node_modules/router/index.js:342:13)\n    at <anonymous> (/home/dimas/project/decentrashare/backend/node_modules/router/index.js:297:9)\n    at next (/home/dimas/project/decentrashare/backend/node_modules/router/index.js:291:5)\n    at <anonymous> (/home/dimas/project/decentrashare/backend/node_modules/express-rate-limit/dist/index.mjs:779:7)\n    at processTicksAndRejections (native:7:39)","timestamp":"2026-03-16 15:24:18"}
{"duration":4,"level":"info","message":"[gf95chfff] 500 4ms","requestId":"gf95chfff","statusCode":500,"timestamp":"2026-03-16 15:24:18"}
{"level":"info","message":"✅ Database connected successfully","timestamp":"2026-03-16 15:24:52"}
{"level":"info","message":"🚀 Decentrashare API Server running on port 3000","timestamp":"2026-03-16 15:24:52"}
{"level":"info","message":"🌍 Environment: Development","timestamp":"2026-03-16 15:24:52"}
{"level":"info","message":"📚 API Documentation: http://localhost:3000/api","timestamp":"2026-03-16 15:24:52"}
{"level":"info","message":"❤️  Health Check: http://localhost:3000/api/health","timestamp":"2026-03-16 15:24:52"}
{"level":"info","message":"✅ Database connected successfully","timestamp":"2026-03-16 15:24:56"}
{"level":"info","message":"🚀 Decentrashare API Server running on port 3000","timestamp":"2026-03-16 15:24:56"}
{"level":"info","message":"🌍 Environment: Development","timestamp":"2026-03-16 15:24:56"}
{"level":"info","message":"📚 API Documentation: http://localhost:3000/api","timestamp":"2026-03-16 15:24:56"}
{"level":"info","message":"❤️  Health Check: http://localhost:3000/api/health","timestamp":"2026-03-16 15:24:56"}
{"level":"info","message":"✅ Database connected successfully","timestamp":"2026-03-16 15:24:58"}
{"level":"info","message":"🚀 Decentrashare API Server running on port 3000","timestamp":"2026-03-16 15:24:58"}
{"level":"info","message":"🌍 Environment: Development","timestamp":"2026-03-16 15:24:58"}
{"level":"info","message":"📚 API Documentation: http://localhost:3000/api","timestamp":"2026-03-16 15:24:58"}
{"level":"info","message":"❤️  Health Check: http://localhost:3000/api/health","timestamp":"2026-03-16 15:24:58"}
{"ip":"::ffff:127.0.0.1","level":"info","message":"[hco6bgnzo] GET /api/folders/folders","method":"GET","requestId":"hco6bgnzo","timestamp":"2026-03-16 15:25:01","url":"/api/folders/folders","userAgent":"insomnia/12.3.1"}
{"duration":33,"level":"info","message":"[hco6bgnzo] 200 33ms","requestId":"hco6bgnzo","statusCode":200,"timestamp":"2026-03-16 15:25:01"}
{"level":"info","message":"✅ Database connected successfully","timestamp":"2026-03-16 15:25:18"}
{"level":"info","message":"🚀 Decentrashare API Server running on port 3000","timestamp":"2026-03-16 15:25:18"}
{"level":"info","message":"🌍 Environment: Development","timestamp":"2026-03-16 15:25:18"}
{"level":"info","message":"📚 API Documentation: http://localhost:3000/api","timestamp":"2026-03-16 15:25:18"}
{"level":"info","message":"❤️  Health Check: http://localhost:3000/api/health","timestamp":"2026-03-16 15:25:18"}
{"level":"info","message":"✅ Database connected successfully","timestamp":"2026-03-16 15:25:20"}
{"level":"info","message":"🚀 Decentrashare API Server running on port 3000","timestamp":"2026-03-16 15:25:20"}
{"level":"info","message":"🌍 Environment: Development","timestamp":"2026-03-16 15:25:20"}
{"level":"info","message":"📚 API Documentation: http://localhost:3000/api","timestamp":"2026-03-16 15:25:20"}
{"level":"info","message":"❤️  Health Check: http://localhost:3000/api/health","timestamp":"2026-03-16 15:25:20"}
{"ip":"::ffff:127.0.0.1","level":"info","message":"[wrybe4cyn] POST /api/folders/me","method":"POST","requestId":"wrybe4cyn","timestamp":"2026-03-16 15:26:30","url":"/api/folders/me","userAgent":"insomnia/12.3.1"}
{"duration":24,"level":"info","message":"[wrybe4cyn] 201 24ms","requestId":"wrybe4cyn","statusCode":201,"timestamp":"2026-03-16 15:26:30"}
{"ip":"::ffff:127.0.0.1","level":"info","message":"[omuy8g1xw] GET /api/folders/me","method":"GET","requestId":"omuy8g1xw","timestamp":"2026-03-16 15:26:35","url":"/api/folders/me","userAgent":"insomnia/12.3.1"}
{"duration":7,"level":"info","message":"[omuy8g1xw] 200 7ms","requestId":"omuy8g1xw","statusCode":200,"timestamp":"2026-03-16 15:26:35"}
{"ip":"::ffff:127.0.0.1","level":"info","message":"[5y5xf74e1] GET /api/documents/me","method":"GET","requestId":"5y5xf74e1","timestamp":"2026-03-16 15:27:01","url":"/api/documents/me","userAgent":"insomnia/12.3.1"}
{"level":"error","message":"[AUTH_MIDDLEWARE] Access denied: jwt expired - IP: ::ffff:127.0.0.1","timestamp":"2026-03-16 15:27:01"}
{"duration":5,"level":"info","message":"[5y5xf74e1] 401 5ms","requestId":"5y5xf74e1","statusCode":401,"timestamp":"2026-03-16 15:27:01"}
{"ip":"::ffff:127.0.0.1","level":"info","message":"[s9q0a40he] GET /api/documents/me","method":"GET","requestId":"s9q0a40he","timestamp":"2026-03-16 15:27:21","url":"/api/documents/me","userAgent":"insomnia/12.3.1"}
{"duration":11,"level":"info","message":"[s9q0a40he] 200 11ms","requestId":"s9q0a40he","statusCode":200,"timestamp":"2026-03-16 15:27:21"}
{"level":"info","message":"✅ Database connected successfully","timestamp":"2026-03-16 15:28:50"}
{"level":"info","message":"🚀 Decentrashare API Server running on port 3000","timestamp":"2026-03-16 15:28:50"}
{"level":"info","message":"🌍 Environment: Development","timestamp":"2026-03-16 15:28:50"}
{"level":"info","message":"📚 API Documentation: http://localhost:3000/api","timestamp":"2026-03-16 15:28:50"}
{"level":"info","message":"❤️  Health Check: http://localhost:3000/api/health","timestamp":"2026-03-16 15:28:50"}
{"ip":"::ffff:127.0.0.1","level":"info","message":"[z5wek6atf] POST /api/documents/upload","method":"POST","requestId":"z5wek6atf","timestamp":"2026-03-16 15:30:57","url":"/api/documents/upload","userAgent":"insomnia/12.3.1"}
{"level":"error","message":"[AUTH_MIDDLEWARE] Access denied: jwt expired - IP: ::ffff:127.0.0.1","timestamp":"2026-03-16 15:30:57"}
{"duration":8,"level":"info","message":"[z5wek6atf] 401 8ms","requestId":"z5wek6atf","statusCode":401,"timestamp":"2026-03-16 15:30:57"}
{"ip":"::ffff:127.0.0.1","level":"info","message":"[zgr296mvz] POST /api/documents/upload","method":"POST","requestId":"zgr296mvz","timestamp":"2026-03-16 15:31:14","url":"/api/documents/upload","userAgent":"insomnia/12.3.1"}
{"duration":60,"level":"info","message":"[zgr296mvz] 201 60ms","requestId":"zgr296mvz","statusCode":201,"timestamp":"2026-03-16 15:31:14"}
{"ip":"::ffff:127.0.0.1","level":"info","message":"[4rhqs67yl] POST /api/documents/upload","method":"POST","requestId":"4rhqs67yl","timestamp":"2026-03-16 15:31:30","url":"/api/documents/upload","userAgent":"insomnia/12.3.1"}
{"duration":10,"level":"info","message":"[4rhqs67yl] 201 10ms","requestId":"4rhqs67yl","statusCode":201,"timestamp":"2026-03-16 15:31:30"}
{"ip":"::ffff:127.0.0.1","level":"info","message":"[8ogf8hi5i] POST /api/documents/upload","method":"POST","requestId":"8ogf8hi5i","timestamp":"2026-03-16 15:32:20","url":"/api/documents/upload","userAgent":"insomnia/12.3.1"}
{"duration":3928,"level":"info","message":"[8ogf8hi5i] 201 3928ms","requestId":"8ogf8hi5i","statusCode":201,"timestamp":"2026-03-16 15:32:24"}
{"ip":"::ffff:127.0.0.1","level":"info","message":"[yty5f1wzv] GET /api/documents/me","method":"GET","requestId":"yty5f1wzv","timestamp":"2026-03-16 15:32:43","url":"/api/documents/me","userAgent":"insomnia/12.3.1"}
{"duration":20,"level":"info","message":"[yty5f1wzv] 200 20ms","requestId":"yty5f1wzv","statusCode":200,"timestamp":"2026-03-16 15:32:43"}
{"ip":"::ffff:127.0.0.1","level":"info","message":"[yp2j4z095] GET /api/folders/me","method":"GET","requestId":"yp2j4z095","timestamp":"2026-03-16 15:33:20","url":"/api/folders/me","userAgent":"insomnia/12.3.1"}
{"duration":8,"level":"info","message":"[yp2j4z095] 200 8ms","requestId":"yp2j4z095","statusCode":200,"timestamp":"2026-03-16 15:33:20"}
{"ip":"::ffff:127.0.0.1","level":"info","message":"[k0tg4qgn6] PATCH /api/folders/move","method":"PATCH","requestId":"k0tg4qgn6","timestamp":"2026-03-16 15:33:34","url":"/api/folders/move","userAgent":"insomnia/12.3.1"}
{"duration":9,"level":"info","message":"[k0tg4qgn6] 200 9ms","requestId":"k0tg4qgn6","statusCode":200,"timestamp":"2026-03-16 15:33:34"}
{"ip":"::ffff:127.0.0.1","level":"info","message":"[s3dapwpbs] GET /api/folders/me","method":"GET","requestId":"s3dapwpbs","timestamp":"2026-03-16 15:33:42","url":"/api/folders/me","userAgent":"insomnia/12.3.1"}
{"duration":4,"level":"info","message":"[s3dapwpbs] 200 4ms","requestId":"s3dapwpbs","statusCode":200,"timestamp":"2026-03-16 15:33:42"}
{"ip":"::ffff:127.0.0.1","level":"info","message":"[s00j9m3sp] GET /api/documents/me","method":"GET","requestId":"s00j9m3sp","timestamp":"2026-03-16 15:33:47","url":"/api/documents/me","userAgent":"insomnia/12.3.1"}
{"duration":5,"level":"info","message":"[s00j9m3sp] 200 5ms","requestId":"s00j9m3sp","statusCode":200,"timestamp":"2026-03-16 15:33:47"}
{"level":"info","message":"✅ Database connected successfully","timestamp":"2026-03-16 15:53:26"}
{"level":"info","message":"🚀 Decentrashare API Server running on port 3000","timestamp":"2026-03-16 15:53:26"}
{"level":"info","message":"🌍 Environment: Development","timestamp":"2026-03-16 15:53:26"}
{"level":"info","message":"📚 API Documentation: http://localhost:3000/api","timestamp":"2026-03-16 15:53:26"}
{"level":"info","message":"❤️  Health Check: http://localhost:3000/api/health","timestamp":"2026-03-16 15:53:26"}
{"level":"info","message":"✅ Database connected successfully","timestamp":"2026-03-16 15:53:31"}
{"level":"info","message":"🚀 Decentrashare API Server running on port 3000","timestamp":"2026-03-16 15:53:31"}
{"level":"info","message":"🌍 Environment: Development","timestamp":"2026-03-16 15:53:31"}
{"level":"info","message":"📚 API Documentation: http://localhost:3000/api","timestamp":"2026-03-16 15:53:31"}
{"level":"info","message":"❤️  Health Check: http://localhost:3000/api/health","timestamp":"2026-03-16 15:53:31"}
{"level":"info","message":"✅ Database connected successfully","timestamp":"2026-03-16 15:53:50"}
{"level":"info","message":"🚀 Decentrashare API Server running on port 3000","timestamp":"2026-03-16 15:53:50"}
{"level":"info","message":"🌍 Environment: Development","timestamp":"2026-03-16 15:53:50"}
{"level":"info","message":"📚 API Documentation: http://localhost:3000/api","timestamp":"2026-03-16 15:53:50"}
{"level":"info","message":"❤️  Health Check: http://localhost:3000/api/health","timestamp":"2026-03-16 15:53:50"}
{"level":"info","message":"✅ Database connected successfully","timestamp":"2026-03-16 15:54:11"}
{"level":"info","message":"🚀 Decentrashare API Server running on port 3000","timestamp":"2026-03-16 15:54:11"}
{"level":"info","message":"🌍 Environment: Development","timestamp":"2026-03-16 15:54:11"}
{"level":"info","message":"📚 API Documentation: http://localhost:3000/api","timestamp":"2026-03-16 15:54:11"}
{"level":"info","message":"❤️  Health Check: http://localhost:3000/api/health","timestamp":"2026-03-16 15:54:11"}
{"level":"info","message":"✅ Database connected successfully","timestamp":"2026-03-16 15:54:17"}
{"level":"info","message":"🚀 Decentrashare API Server running on port 3000","timestamp":"2026-03-16 15:54:17"}
{"level":"info","message":"🌍 Environment: Development","timestamp":"2026-03-16 15:54:17"}
{"level":"info","message":"📚 API Documentation: http://localhost:3000/api","timestamp":"2026-03-16 15:54:17"}
{"level":"info","message":"❤️  Health Check: http://localhost:3000/api/health","timestamp":"2026-03-16 15:54:17"}
{"level":"info","message":"✅ Database connected successfully","timestamp":"2026-03-16 15:54:19"}
{"level":"info","message":"🚀 Decentrashare API Server running on port 3000","timestamp":"2026-03-16 15:54:19"}
{"level":"info","message":"🌍 Environment: Development","timestamp":"2026-03-16 15:54:19"}
{"level":"info","message":"📚 API Documentation: http://localhost:3000/api","timestamp":"2026-03-16 15:54:19"}
{"level":"info","message":"❤️  Health Check: http://localhost:3000/api/health","timestamp":"2026-03-16 15:54:19"}
{"level":"info","message":"✅ Database connected successfully","timestamp":"2026-03-16 15:54:22"}
{"level":"info","message":"🚀 Decentrashare API Server running on port 3000","timestamp":"2026-03-16 15:54:22"}
{"level":"info","message":"🌍 Environment: Development","timestamp":"2026-03-16 15:54:22"}
{"level":"info","message":"📚 API Documentation: http://localhost:3000/api","timestamp":"2026-03-16 15:54:22"}
{"level":"info","message":"❤️  Health Check: http://localhost:3000/api/health","timestamp":"2026-03-16 15:54:22"}
{"level":"info","message":"✅ Database connected successfully","timestamp":"2026-03-16 15:54:41"}
{"level":"info","message":"🚀 Decentrashare API Server running on port 3000","timestamp":"2026-03-16 15:54:41"}
{"level":"info","message":"🌍 Environment: Development","timestamp":"2026-03-16 15:54:41"}
{"level":"info","message":"📚 API Documentation: http://localhost:3000/api","timestamp":"2026-03-16 15:54:41"}
{"level":"info","message":"❤️  Health Check: http://localhost:3000/api/health","timestamp":"2026-03-16 15:54:41"}
{"level":"info","message":"✅ Database connected successfully","timestamp":"2026-03-16 15:54:48"}
{"level":"info","message":"🚀 Decentrashare API Server running on port 3000","timestamp":"2026-03-16 15:54:49"}
{"level":"info","message":"🌍 Environment: Development","timestamp":"2026-03-16 15:54:49"}
{"level":"info","message":"📚 API Documentation: http://localhost:3000/api","timestamp":"2026-03-16 15:54:49"}
{"level":"info","message":"❤️  Health Check: http://localhost:3000/api/health","timestamp":"2026-03-16 15:54:49"}
{"level":"info","message":"✅ Database connected successfully","timestamp":"2026-03-16 15:55:03"}
{"level":"info","message":"🚀 Decentrashare API Server running on port 3000","timestamp":"2026-03-16 15:55:03"}
{"level":"info","message":"🌍 Environment: Development","timestamp":"2026-03-16 15:55:03"}
{"level":"info","message":"📚 API Documentation: http://localhost:3000/api","timestamp":"2026-03-16 15:55:03"}
{"level":"info","message":"❤️  Health Check: http://localhost:3000/api/health","timestamp":"2026-03-16 15:55:03"}
{"level":"info","message":"✅ Database connected successfully","timestamp":"2026-03-16 15:55:05"}
{"level":"info","message":"🚀 Decentrashare API Server running on port 3000","timestamp":"2026-03-16 15:55:05"}
{"level":"info","message":"🌍 Environment: Development","timestamp":"2026-03-16 15:55:05"}
{"level":"info","message":"📚 API Documentation: http://localhost:3000/api","timestamp":"2026-03-16 15:55:05"}
{"level":"info","message":"❤️  Health Check: http://localhost:3000/api/health","timestamp":"2026-03-16 15:55:05"}
{"ip":"::ffff:127.0.0.1","level":"info","message":"[hsrlfl1io] GET /api/folders/41f8b6cd-f2c6-4bdd-bb00-837c66eae429/content","method":"GET","requestId":"hsrlfl1io","timestamp":"2026-03-16 15:56:57","url":"/api/folders/41f8b6cd-f2c6-4bdd-bb00-837c66eae429/content","userAgent":"insomnia/12.3.1"}
{"duration":5,"level":"info","message":"[hsrlfl1io] 404 5ms","requestId":"hsrlfl1io","statusCode":404,"timestamp":"2026-03-16 15:56:57"}
{"ip":"::ffff:127.0.0.1","level":"info","message":"[nqvzdfjfo] GET /api/folders/41f8b6cd-f2c6-4bdd-bb00-837c66eae429/contents","method":"GET","requestId":"nqvzdfjfo","timestamp":"2026-03-16 15:57:11","url":"/api/folders/41f8b6cd-f2c6-4bdd-bb00-837c66eae429/contents","userAgent":"insomnia/12.3.1"}
{"level":"error","message":"[AUTH_MIDDLEWARE] Access denied: jwt expired - IP: ::ffff:127.0.0.1","timestamp":"2026-03-16 15:57:11"}
{"duration":12,"level":"info","message":"[nqvzdfjfo] 401 12ms","requestId":"nqvzdfjfo","statusCode":401,"timestamp":"2026-03-16 15:57:11"}
{"level":"info","message":"✅ Database connected successfully","timestamp":"2026-03-16 15:59:44"}
{"level":"info","message":"🚀 Decentrashare API Server running on port 3000","timestamp":"2026-03-16 15:59:44"}
{"level":"info","message":"🌍 Environment: Development","timestamp":"2026-03-16 15:59:44"}
{"level":"info","message":"📚 API Documentation: http://localhost:3000/api","timestamp":"2026-03-16 15:59:44"}
{"level":"info","message":"❤️  Health Check: http://localhost:3000/api/health","timestamp":"2026-03-16 15:59:44"}
{"ip":"::ffff:127.0.0.1","level":"info","message":"[k9x9iv4sh] GET /api/auth/nonce/0x14A08Cd77943dF0D4C2B3B858148e3A60102c514","method":"GET","requestId":"k9x9iv4sh","timestamp":"2026-03-16 15:59:48","url":"/api/auth/nonce/0x14A08Cd77943dF0D4C2B3B858148e3A60102c514","userAgent":"insomnia/12.3.1"}
{"duration":24,"level":"info","message":"[k9x9iv4sh] 200 24ms","requestId":"k9x9iv4sh","statusCode":200,"timestamp":"2026-03-16 15:59:48"}
{"ip":"::ffff:127.0.0.1","level":"info","message":"[s5p8opn5f] POST /api/auth/login","method":"POST","requestId":"s5p8opn5f","timestamp":"2026-03-16 16:00:23","url":"/api/auth/login","userAgent":"insomnia/12.3.1"}
{"level":"info","message":"[AUTH] Login success for wallet: 0x14a08cd77943df0d4c2b3b858148e3a60102c514","timestamp":"2026-03-16 16:00:23"}
{"duration":52,"level":"info","message":"[s5p8opn5f] 200 52ms","requestId":"s5p8opn5f","statusCode":200,"timestamp":"2026-03-16 16:00:23"}
{"ip":"::ffff:127.0.0.1","level":"info","message":"[2krfpwhz0] GET /api/folders/41f8b6cd-f2c6-4bdd-bb00-837c66eae429/contents","method":"GET","requestId":"2krfpwhz0","timestamp":"2026-03-16 16:00:42","url":"/api/folders/41f8b6cd-f2c6-4bdd-bb00-837c66eae429/contents","userAgent":"insomnia/12.3.1"}
{"duration":23,"level":"info","message":"[2krfpwhz0] 200 23ms","requestId":"2krfpwhz0","statusCode":200,"timestamp":"2026-03-16 16:00:42"}
{"ip":"::ffff:127.0.0.1","level":"info","message":"[xz98iewpv] GET /api/folders/me","method":"GET","requestId":"xz98iewpv","timestamp":"2026-03-16 16:00:59","url":"/api/folders/me","userAgent":"insomnia/12.3.1"}
{"duration":5,"level":"info","message":"[xz98iewpv] 200 5ms","requestId":"xz98iewpv","statusCode":200,"timestamp":"2026-03-16 16:00:59"}
{"ip":"::ffff:127.0.0.1","level":"info","message":"[8apg6mlr3] GET /api/folders/6d09eda1-3beb-4e86-96ac-9b6701e39efb/contents","method":"GET","requestId":"8apg6mlr3","timestamp":"2026-03-16 16:01:20","url":"/api/folders/6d09eda1-3beb-4e86-96ac-9b6701e39efb/contents","userAgent":"insomnia/12.3.1"}
{"duration":9,"level":"info","message":"[8apg6mlr3] 200 9ms","requestId":"8apg6mlr3","statusCode":200,"timestamp":"2026-03-16 16:01:20"}
{"level":"info","message":"✅ Database connected successfully","timestamp":"2026-03-16 16:09:46"}
{"level":"info","message":"🚀 Decentrashare API Server running on port 3000","timestamp":"2026-03-16 16:09:46"}
{"level":"info","message":"🌍 Environment: Development","timestamp":"2026-03-16 16:09:46"}
{"level":"info","message":"📚 API Documentation: http://localhost:3000/api","timestamp":"2026-03-16 16:09:46"}
{"level":"info","message":"❤️  Health Check: http://localhost:3000/api/health","timestamp":"2026-03-16 16:09:46"}
{"level":"info","message":"✅ Database connected successfully","timestamp":"2026-03-16 16:09:48"}
{"level":"info","message":"🚀 Decentrashare API Server running on port 3000","timestamp":"2026-03-16 16:09:48"}
{"level":"info","message":"🌍 Environment: Development","timestamp":"2026-03-16 16:09:48"}
{"level":"info","message":"📚 API Documentation: http://localhost:3000/api","timestamp":"2026-03-16 16:09:48"}
{"level":"info","message":"❤️  Health Check: http://localhost:3000/api/health","timestamp":"2026-03-16 16:09:48"}
{"level":"info","message":"✅ Database connected successfully","timestamp":"2026-03-16 16:10:05"}
{"level":"info","message":"🚀 Decentrashare API Server running on port 3000","timestamp":"2026-03-16 16:10:05"}
{"level":"info","message":"🌍 Environment: Development","timestamp":"2026-03-16 16:10:05"}
{"level":"info","message":"📚 API Documentation: http://localhost:3000/api","timestamp":"2026-03-16 16:10:05"}
{"level":"info","message":"❤️  Health Check: http://localhost:3000/api/health","timestamp":"2026-03-16 16:10:05"}
{"level":"info","message":"✅ Database connected successfully","timestamp":"2026-03-16 16:10:14"}
{"level":"info","message":"🚀 Decentrashare API Server running on port 3000","timestamp":"2026-03-16 16:10:14"}
{"level":"info","message":"🌍 Environment: Development","timestamp":"2026-03-16 16:10:14"}
{"level":"info","message":"📚 API Documentation: http://localhost:3000/api","timestamp":"2026-03-16 16:10:14"}
{"level":"info","message":"❤️  Health Check: http://localhost:3000/api/health","timestamp":"2026-03-16 16:10:14"}
{"level":"info","message":"✅ Database connected successfully","timestamp":"2026-03-16 16:10:37"}
{"level":"info","message":"🚀 Decentrashare API Server running on port 3000","timestamp":"2026-03-16 16:10:37"}
{"level":"info","message":"🌍 Environment: Development","timestamp":"2026-03-16 16:10:37"}
{"level":"info","message":"📚 API Documentation: http://localhost:3000/api","timestamp":"2026-03-16 16:10:37"}
{"level":"info","message":"❤️  Health Check: http://localhost:3000/api/health","timestamp":"2026-03-16 16:10:37"}
{"level":"info","message":"✅ Database connected successfully","timestamp":"2026-03-16 16:10:46"}
{"level":"info","message":"🚀 Decentrashare API Server running on port 3000","timestamp":"2026-03-16 16:10:46"}
{"level":"info","message":"🌍 Environment: Development","timestamp":"2026-03-16 16:10:46"}
{"level":"info","message":"📚 API Documentation: http://localhost:3000/api","timestamp":"2026-03-16 16:10:46"}
{"level":"info","message":"❤️  Health Check: http://localhost:3000/api/health","timestamp":"2026-03-16 16:10:46"}
{"level":"info","message":"✅ Database connected successfully","timestamp":"2026-03-16 16:10:49"}
{"level":"info","message":"🚀 Decentrashare API Server running on port 3000","timestamp":"2026-03-16 16:10:49"}
{"level":"info","message":"🌍 Environment: Development","timestamp":"2026-03-16 16:10:49"}
{"level":"info","message":"📚 API Documentation: http://localhost:3000/api","timestamp":"2026-03-16 16:10:49"}
{"level":"info","message":"❤️  Health Check: http://localhost:3000/api/health","timestamp":"2026-03-16 16:10:49"}
{"level":"info","message":"✅ Database connected successfully","timestamp":"2026-03-16 16:10:58"}
{"level":"info","message":"🚀 Decentrashare API Server running on port 3000","timestamp":"2026-03-16 16:10:58"}
{"level":"info","message":"🌍 Environment: Development","timestamp":"2026-03-16 16:10:58"}
{"level":"info","message":"📚 API Documentation: http://localhost:3000/api","timestamp":"2026-03-16 16:10:58"}
{"level":"info","message":"❤️  Health Check: http://localhost:3000/api/health","timestamp":"2026-03-16 16:10:58"}
{"level":"info","message":"✅ Database connected successfully","timestamp":"2026-03-16 16:11:01"}
{"level":"info","message":"🚀 Decentrashare API Server running on port 3000","timestamp":"2026-03-16 16:11:01"}
{"level":"info","message":"🌍 Environment: Development","timestamp":"2026-03-16 16:11:01"}
{"level":"info","message":"📚 API Documentation: http://localhost:3000/api","timestamp":"2026-03-16 16:11:01"}
{"level":"info","message":"❤️  Health Check: http://localhost:3000/api/health","timestamp":"2026-03-16 16:11:01"}
{"level":"info","message":"✅ Database connected successfully","timestamp":"2026-03-16 16:11:02"}
{"level":"info","message":"🚀 Decentrashare API Server running on port 3000","timestamp":"2026-03-16 16:11:02"}
{"level":"info","message":"🌍 Environment: Development","timestamp":"2026-03-16 16:11:02"}
{"level":"info","message":"📚 API Documentation: http://localhost:3000/api","timestamp":"2026-03-16 16:11:02"}
{"level":"info","message":"❤️  Health Check: http://localhost:3000/api/health","timestamp":"2026-03-16 16:11:02"}
{"level":"info","message":"✅ Database connected successfully","timestamp":"2026-03-16 16:11:08"}
{"level":"info","message":"🚀 Decentrashare API Server running on port 3000","timestamp":"2026-03-16 16:11:08"}
{"level":"info","message":"🌍 Environment: Development","timestamp":"2026-03-16 16:11:08"}
{"level":"info","message":"📚 API Documentation: http://localhost:3000/api","timestamp":"2026-03-16 16:11:08"}
{"level":"info","message":"❤️  Health Check: http://localhost:3000/api/health","timestamp":"2026-03-16 16:11:08"}
{"level":"info","message":"✅ Database connected successfully","timestamp":"2026-03-16 16:30:45"}
{"level":"info","message":"🚀 Decentrashare API Server running on port 3000","timestamp":"2026-03-16 16:30:45"}
{"level":"info","message":"🌍 Environment: Development","timestamp":"2026-03-16 16:30:45"}
{"level":"info","message":"📚 API Documentation: http://localhost:3000/api","timestamp":"2026-03-16 16:30:45"}
{"level":"info","message":"❤️  Health Check: http://localhost:3000/api/health","timestamp":"2026-03-16 16:30:45"}
{"ip":"::ffff:127.0.0.1","level":"info","message":"[vxi4q88lp] GET /api/auth/nonce/0x14A08Cd77943dF0D4C2B3B858148e3A60102c514","method":"GET","requestId":"vxi4q88lp","timestamp":"2026-03-16 16:30:53","url":"/api/auth/nonce/0x14A08Cd77943dF0D4C2B3B858148e3A60102c514","userAgent":"insomnia/12.3.1"}
{"duration":29,"level":"info","message":"[vxi4q88lp] 200 29ms","requestId":"vxi4q88lp","statusCode":200,"timestamp":"2026-03-16 16:30:53"}
{"ip":"::ffff:127.0.0.1","level":"info","message":"[ghyrhndgv] POST /api/auth/login","method":"POST","requestId":"ghyrhndgv","timestamp":"2026-03-16 16:31:17","url":"/api/auth/login","userAgent":"insomnia/12.3.1"}
{"level":"info","message":"[AUTH] Login success for wallet: 0x14a08cd77943df0d4c2b3b858148e3a60102c514","timestamp":"2026-03-16 16:31:17"}
{"duration":21,"level":"info","message":"[ghyrhndgv] 200 21ms","requestId":"ghyrhndgv","statusCode":200,"timestamp":"2026-03-16 16:31:17"}
{"ip":"::ffff:127.0.0.1","level":"info","message":"[8xs6m9sc5] POST /api/folders/6d09eda1-3beb-4e86-96ac-9b6701e39efb/contents","method":"POST","requestId":"8xs6m9sc5","timestamp":"2026-03-16 16:31:32","url":"/api/folders/6d09eda1-3beb-4e86-96ac-9b6701e39efb/contents","userAgent":"insomnia/12.3.1"}
{"duration":9,"level":"info","message":"[8xs6m9sc5] 404 9ms","requestId":"8xs6m9sc5","statusCode":404,"timestamp":"2026-03-16 16:31:32"}
{"ip":"::ffff:127.0.0.1","level":"info","message":"[xf9tzyin2] POST /api/folders/6d09eda1-3beb-4e86-96ac-9b6701e39efb/shared","method":"POST","requestId":"xf9tzyin2","timestamp":"2026-03-16 16:31:57","url":"/api/folders/6d09eda1-3beb-4e86-96ac-9b6701e39efb/shared","userAgent":"insomnia/12.3.1"}
{"duration":2,"level":"info","message":"[xf9tzyin2] 404 2ms","requestId":"xf9tzyin2","statusCode":404,"timestamp":"2026-03-16 16:31:57"}
{"ip":"::ffff:127.0.0.1","level":"info","message":"[engsoh3r3] GET /api/folders/6d09eda1-3beb-4e86-96ac-9b6701e39efb/shared","method":"GET","requestId":"engsoh3r3","timestamp":"2026-03-16 16:32:19","url":"/api/folders/6d09eda1-3beb-4e86-96ac-9b6701e39efb/shared","userAgent":"insomnia/12.3.1"}
{"duration":5,"level":"info","message":"[engsoh3r3] 400 5ms","requestId":"engsoh3r3","statusCode":400,"timestamp":"2026-03-16 16:32:19"}
{"ip":"::ffff:127.0.0.1","level":"info","message":"[nb6stn0xd] GET /api/folders/6d09eda1-3beb-4e86-96ac-9b6701e39efb/shared","method":"GET","requestId":"nb6stn0xd","timestamp":"2026-03-16 16:32:22","url":"/api/folders/6d09eda1-3beb-4e86-96ac-9b6701e39efb/shared","userAgent":"insomnia/12.3.1"}
{"duration":2,"level":"info","message":"[nb6stn0xd] 400 2ms","requestId":"nb6stn0xd","statusCode":400,"timestamp":"2026-03-16 16:32:22"}
{"ip":"::ffff:127.0.0.1","level":"info","message":"[sh71n13lh] GET /api/folders/6d09eda1-3beb-4e86-96ac-9b6701e39efb/shared","method":"GET","requestId":"sh71n13lh","timestamp":"2026-03-16 16:32:29","url":"/api/folders/6d09eda1-3beb-4e86-96ac-9b6701e39efb/shared","userAgent":"insomnia/12.3.1"}
{"duration":4,"level":"info","message":"[sh71n13lh] 400 4ms","requestId":"sh71n13lh","statusCode":400,"timestamp":"2026-03-16 16:32:29"}
{"level":"info","message":"✅ Database connected successfully","timestamp":"2026-03-16 16:33:55"}
{"level":"info","message":"🚀 Decentrashare API Server running on port 3000","timestamp":"2026-03-16 16:33:55"}
{"level":"info","message":"🌍 Environment: Development","timestamp":"2026-03-16 16:33:55"}
{"level":"info","message":"📚 API Documentation: http://localhost:3000/api","timestamp":"2026-03-16 16:33:55"}
{"level":"info","message":"❤️  Health Check: http://localhost:3000/api/health","timestamp":"2026-03-16 16:33:55"}
{"ip":"::ffff:127.0.0.1","level":"info","message":"[sbnx5ibjr] GET /api/folders/6d09eda1-3beb-4e86-96ac-9b6701e39efb/shared","method":"GET","requestId":"sbnx5ibjr","timestamp":"2026-03-16 16:34:21","url":"/api/folders/6d09eda1-3beb-4e86-96ac-9b6701e39efb/shared","userAgent":"insomnia/12.3.1"}
{"duration":17,"level":"info","message":"[sbnx5ibjr] 400 17ms","requestId":"sbnx5ibjr","statusCode":400,"timestamp":"2026-03-16 16:34:21"}
{"ip":"::ffff:127.0.0.1","level":"info","message":"[43tvj8pkp] GET /api/folders/6d09eda1-3beb-4e86-96ac-9b6701e39efb/shared","method":"GET","requestId":"43tvj8pkp","timestamp":"2026-03-16 16:34:23","url":"/api/folders/6d09eda1-3beb-4e86-96ac-9b6701e39efb/shared","userAgent":"insomnia/12.3.1"}
{"duration":2,"level":"info","message":"[43tvj8pkp] 400 2ms","requestId":"43tvj8pkp","statusCode":400,"timestamp":"2026-03-16 16:34:23"}
{"level":"info","message":"✅ Database connected successfully","timestamp":"2026-03-16 16:37:55"}
{"level":"info","message":"🚀 Decentrashare API Server running on port 3000","timestamp":"2026-03-16 16:37:55"}
{"level":"info","message":"🌍 Environment: Development","timestamp":"2026-03-16 16:37:55"}
{"level":"info","message":"📚 API Documentation: http://localhost:3000/api","timestamp":"2026-03-16 16:37:55"}
{"level":"info","message":"❤️  Health Check: http://localhost:3000/api/health","timestamp":"2026-03-16 16:37:55"}
{"ip":"::ffff:127.0.0.1","level":"info","message":"[q6i4x7gpr] GET /api/folders/6d09eda1-3beb-4e86-96ac-9b6701e39efb/shared","method":"GET","requestId":"q6i4x7gpr","timestamp":"2026-03-16 16:38:01","url":"/api/folders/6d09eda1-3beb-4e86-96ac-9b6701e39efb/shared","userAgent":"insomnia/12.3.1"}
{"duration":68,"level":"info","message":"[q6i4x7gpr] 400 68ms","requestId":"q6i4x7gpr","statusCode":400,"timestamp":"2026-03-16 16:38:01"}
{"level":"info","message":"✅ Database connected successfully","timestamp":"2026-03-16 16:38:54"}
{"level":"info","message":"🚀 Decentrashare API Server running on port 3000","timestamp":"2026-03-16 16:38:54"}
{"level":"info","message":"🌍 Environment: Development","timestamp":"2026-03-16 16:38:54"}
{"level":"info","message":"📚 API Documentation: http://localhost:3000/api","timestamp":"2026-03-16 16:38:54"}
{"level":"info","message":"❤️  Health Check: http://localhost:3000/api/health","timestamp":"2026-03-16 16:38:54"}
{"ip":"::ffff:127.0.0.1","level":"info","message":"[3smlxel4r] GET /api/folders/6d09eda1-3beb-4e86-96ac-9b6701e39efb/shared","method":"GET","requestId":"3smlxel4r","timestamp":"2026-03-16 16:38:59","url":"/api/folders/6d09eda1-3beb-4e86-96ac-9b6701e39efb/shared","userAgent":"insomnia/12.3.1"}
{"duration":70,"level":"info","message":"[3smlxel4r] 400 70ms","requestId":"3smlxel4r","statusCode":400,"timestamp":"2026-03-16 16:38:59"}
{"ip":"::ffff:127.0.0.1","level":"info","message":"[i35p6dr0b] GET /api/folders/6d09eda1-3beb-4e86-96ac-9b6701e39efb/shared","method":"GET","requestId":"i35p6dr0b","timestamp":"2026-03-16 16:39:38","url":"/api/folders/6d09eda1-3beb-4e86-96ac-9b6701e39efb/shared","userAgent":"insomnia/12.3.1"}
{"duration":33,"level":"info","message":"[i35p6dr0b] 400 33ms","requestId":"i35p6dr0b","statusCode":400,"timestamp":"2026-03-16 16:39:38"}
{"level":"info","message":"✅ Database connected successfully","timestamp":"2026-03-16 16:40:46"}
{"level":"info","message":"🚀 Decentrashare API Server running on port 3000","timestamp":"2026-03-16 16:40:46"}
{"level":"info","message":"🌍 Environment: Development","timestamp":"2026-03-16 16:40:46"}
{"level":"info","message":"📚 API Documentation: http://localhost:3000/api","timestamp":"2026-03-16 16:40:46"}
{"level":"info","message":"❤️  Health Check: http://localhost:3000/api/health","timestamp":"2026-03-16 16:40:46"}
{"level":"info","message":"✅ Database connected successfully","timestamp":"2026-03-16 16:41:07"}
{"level":"info","message":"🚀 Decentrashare API Server running on port 3000","timestamp":"2026-03-16 16:41:07"}
{"level":"info","message":"🌍 Environment: Development","timestamp":"2026-03-16 16:41:07"}
{"level":"info","message":"📚 API Documentation: http://localhost:3000/api","timestamp":"2026-03-16 16:41:07"}
{"level":"info","message":"❤️  Health Check: http://localhost:3000/api/health","timestamp":"2026-03-16 16:41:07"}
{"level":"info","message":"✅ Database connected successfully","timestamp":"2026-03-16 16:41:13"}
{"level":"info","message":"🚀 Decentrashare API Server running on port 3000","timestamp":"2026-03-16 16:41:13"}
{"level":"info","message":"🌍 Environment: Development","timestamp":"2026-03-16 16:41:13"}
{"level":"info","message":"📚 API Documentation: http://localhost:3000/api","timestamp":"2026-03-16 16:41:13"}
{"level":"info","message":"❤️  Health Check: http://localhost:3000/api/health","timestamp":"2026-03-16 16:41:13"}
{"level":"info","message":"✅ Database connected successfully","timestamp":"2026-03-16 16:41:15"}
{"level":"info","message":"🚀 Decentrashare API Server running on port 3000","timestamp":"2026-03-16 16:41:15"}
{"level":"info","message":"🌍 Environment: Development","timestamp":"2026-03-16 16:41:15"}
{"level":"info","message":"📚 API Documentation: http://localhost:3000/api","timestamp":"2026-03-16 16:41:15"}
{"level":"info","message":"❤️  Health Check: http://localhost:3000/api/health","timestamp":"2026-03-16 16:41:15"}
{"level":"info","message":"✅ Database connected successfully","timestamp":"2026-03-16 16:41:20"}
{"level":"info","message":"🚀 Decentrashare API Server running on port 3000","timestamp":"2026-03-16 16:41:20"}
{"level":"info","message":"🌍 Environment: Development","timestamp":"2026-03-16 16:41:20"}
{"level":"info","message":"📚 API Documentation: http://localhost:3000/api","timestamp":"2026-03-16 16:41:20"}
{"level":"info","message":"❤️  Health Check: http://localhost:3000/api/health","timestamp":"2026-03-16 16:41:20"}
{"level":"info","message":"✅ Database connected successfully","timestamp":"2026-03-16 16:41:22"}
{"level":"info","message":"🚀 Decentrashare API Server running on port 3000","timestamp":"2026-03-16 16:41:22"}
{"level":"info","message":"🌍 Environment: Development","timestamp":"2026-03-16 16:41:22"}
{"level":"info","message":"📚 API Documentation: http://localhost:3000/api","timestamp":"2026-03-16 16:41:22"}
{"level":"info","message":"❤️  Health Check: http://localhost:3000/api/health","timestamp":"2026-03-16 16:41:22"}
{"ip":"::ffff:127.0.0.1","level":"info","message":"[ycs2lq2u2] GET /api/folders/6d09eda1-3beb-4e86-96ac-9b6701e39efb/shared","method":"GET","requestId":"ycs2lq2u2","timestamp":"2026-03-16 16:41:26","url":"/api/folders/6d09eda1-3beb-4e86-96ac-9b6701e39efb/shared","userAgent":"insomnia/12.3.1"}
{"duration":26,"level":"info","message":"[ycs2lq2u2] 400 26ms","requestId":"ycs2lq2u2","statusCode":400,"timestamp":"2026-03-16 16:41:26"}
{"ip":"::ffff:127.0.0.1","level":"info","message":"[zi1gqhcp6] GET /api/folders/6d09eda1-3beb-4e86-96ac-9b6701e39efb/shared","method":"GET","requestId":"zi1gqhcp6","timestamp":"2026-03-16 16:42:04","url":"/api/folders/6d09eda1-3beb-4e86-96ac-9b6701e39efb/shared","userAgent":"insomnia/12.3.1"}
{"level":"info","message":"[SHARE] Folder 6d09eda1-3beb-4e86-96ac-9b6701e39efb shared with user 7dffe7a1-e4f7-42d8-94cd-993daad9c25b as EDITOR","timestamp":"2026-03-16 16:42:04"}
{"duration":48,"level":"info","message":"[zi1gqhcp6] 201 48ms","requestId":"zi1gqhcp6","statusCode":201,"timestamp":"2026-03-16 16:42:04"}
{"ip":"::ffff:127.0.0.1","level":"info","message":"[770xwravn] GET /api/folders/me","method":"GET","requestId":"770xwravn","timestamp":"2026-03-16 16:42:47","url":"/api/folders/me","userAgent":"insomnia/12.3.1"}
{"duration":12,"level":"info","message":"[770xwravn] 200 12ms","requestId":"770xwravn","statusCode":200,"timestamp":"2026-03-16 16:42:47"}
{"ip":"::ffff:127.0.0.1","level":"info","message":"[53cvt20lf] GET /api/folders/6d09eda1-3beb-4e86-96ac-9b6701e39efb/contents","method":"GET","requestId":"53cvt20lf","timestamp":"2026-03-16 16:42:58","url":"/api/folders/6d09eda1-3beb-4e86-96ac-9b6701e39efb/contents","userAgent":"insomnia/12.3.1"}
{"duration":12,"level":"info","message":"[53cvt20lf] 200 12ms","requestId":"53cvt20lf","statusCode":200,"timestamp":"2026-03-16 16:42:58"}
{"ip":"::ffff:127.0.0.1","level":"info","message":"[jtfdeloms] GET /api/folders/6d09eda1-3beb-4e86-96ac-9b6701e39efb/shared","method":"GET","requestId":"jtfdeloms","timestamp":"2026-03-16 16:44:31","url":"/api/folders/6d09eda1-3beb-4e86-96ac-9b6701e39efb/shared","userAgent":"insomnia/12.3.1"}
{"duration":4,"level":"info","message":"[jtfdeloms] 400 4ms","requestId":"jtfdeloms","statusCode":400,"timestamp":"2026-03-16 16:44:31"}
{"level":"info","message":"✅ Database connected successfully","timestamp":"2026-03-16 16:45:40"}
{"level":"info","message":"🚀 Decentrashare API Server running on port 3000","timestamp":"2026-03-16 16:45:40"}
{"level":"info","message":"🌍 Environment: Development","timestamp":"2026-03-16 16:45:40"}
{"level":"info","message":"📚 API Documentation: http://localhost:3000/api","timestamp":"2026-03-16 16:45:40"}
{"level":"info","message":"❤️  Health Check: http://localhost:3000/api/health","timestamp":"2026-03-16 16:45:40"}
{"level":"info","message":"✅ Database connected successfully","timestamp":"2026-03-16 16:45:47"}
{"level":"info","message":"🚀 Decentrashare API Server running on port 3000","timestamp":"2026-03-16 16:45:47"}
{"level":"info","message":"🌍 Environment: Development","timestamp":"2026-03-16 16:45:47"}
{"level":"info","message":"📚 API Documentation: http://localhost:3000/api","timestamp":"2026-03-16 16:45:47"}
{"level":"info","message":"❤️  Health Check: http://localhost:3000/api/health","timestamp":"2026-03-16 16:45:47"}
{"level":"info","message":"✅ Database connected successfully","timestamp":"2026-03-16 16:46:05"}
{"level":"info","message":"🚀 Decentrashare API Server running on port 3000","timestamp":"2026-03-16 16:46:05"}
{"level":"info","message":"🌍 Environment: Development","timestamp":"2026-03-16 16:46:05"}
{"level":"info","message":"📚 API Documentation: http://localhost:3000/api","timestamp":"2026-03-16 16:46:05"}
{"level":"info","message":"❤️  Health Check: http://localhost:3000/api/health","timestamp":"2026-03-16 16:46:05"}
{"level":"info","message":"✅ Database connected successfully","timestamp":"2026-03-16 16:46:09"}
{"level":"info","message":"🚀 Decentrashare API Server running on port 3000","timestamp":"2026-03-16 16:46:09"}
{"level":"info","message":"🌍 Environment: Development","timestamp":"2026-03-16 16:46:09"}
{"level":"info","message":"📚 API Documentation: http://localhost:3000/api","timestamp":"2026-03-16 16:46:09"}
{"level":"info","message":"❤️  Health Check: http://localhost:3000/api/health","timestamp":"2026-03-16 16:46:09"}
{"level":"info","message":"✅ Database connected successfully","timestamp":"2026-03-16 16:48:41"}
{"level":"info","message":"🚀 Decentrashare API Server running on port 3000","timestamp":"2026-03-16 16:48:41"}
{"level":"info","message":"🌍 Environment: Development","timestamp":"2026-03-16 16:48:41"}
{"level":"info","message":"📚 API Documentation: http://localhost:3000/api","timestamp":"2026-03-16 16:48:41"}
{"level":"info","message":"❤️  Health Check: http://localhost:3000/api/health","timestamp":"2026-03-16 16:48:41"}
{"ip":"::ffff:127.0.0.1","level":"info","message":"[j4gxpkwks] GET /api/folders/6d09eda1-3beb-4e86-96ac-9b6701e39efb/shared","method":"GET","requestId":"j4gxpkwks","timestamp":"2026-03-16 16:48:46","url":"/api/folders/6d09eda1-3beb-4e86-96ac-9b6701e39efb/shared","userAgent":"insomnia/12.3.1"}
{"duration":40,"level":"info","message":"[j4gxpkwks] 200 40ms","requestId":"j4gxpkwks","statusCode":200,"timestamp":"2026-03-16 16:48:46"}
{"level":"info","message":"✅ Database connected successfully","timestamp":"2026-03-16 16:50:17"}
{"level":"info","message":"🚀 Decentrashare API Server running on port 3000","timestamp":"2026-03-16 16:50:17"}
{"level":"info","message":"🌍 Environment: Development","timestamp":"2026-03-16 16:50:17"}
{"level":"info","message":"📚 API Documentation: http://localhost:3000/api","timestamp":"2026-03-16 16:50:17"}
{"level":"info","message":"❤️  Health Check: http://localhost:3000/api/health","timestamp":"2026-03-16 16:50:17"}
{"level":"info","message":"✅ Database connected successfully","timestamp":"2026-03-16 16:50:30"}
{"level":"info","message":"🚀 Decentrashare API Server running on port 3000","timestamp":"2026-03-16 16:50:31"}
{"level":"info","message":"🌍 Environment: Development","timestamp":"2026-03-16 16:50:31"}
{"level":"info","message":"📚 API Documentation: http://localhost:3000/api","timestamp":"2026-03-16 16:50:31"}
{"level":"info","message":"❤️  Health Check: http://localhost:3000/api/health","timestamp":"2026-03-16 16:50:31"}
{"level":"info","message":"✅ Database connected successfully","timestamp":"2026-03-16 16:50:35"}
{"level":"info","message":"🚀 Decentrashare API Server running on port 3000","timestamp":"2026-03-16 16:50:35"}
{"level":"info","message":"🌍 Environment: Development","timestamp":"2026-03-16 16:50:35"}
{"level":"info","message":"📚 API Documentation: http://localhost:3000/api","timestamp":"2026-03-16 16:50:35"}
{"level":"info","message":"❤️  Health Check: http://localhost:3000/api/health","timestamp":"2026-03-16 16:50:35"}
{"level":"info","message":"✅ Database connected successfully","timestamp":"2026-03-16 16:51:05"}
{"level":"info","message":"🚀 Decentrashare API Server running on port 3000","timestamp":"2026-03-16 16:51:05"}
{"level":"info","message":"🌍 Environment: Development","timestamp":"2026-03-16 16:51:05"}
{"level":"info","message":"📚 API Documentation: http://localhost:3000/api","timestamp":"2026-03-16 16:51:05"}
{"level":"info","message":"❤️  Health Check: http://localhost:3000/api/health","timestamp":"2026-03-16 16:51:05"}
{"ip":"::ffff:127.0.0.1","level":"info","message":"[vis7ydyyh] GET /api/folders/6d09eda1-3beb-4e86-96ac-9b6701e39efb/shared","method":"GET","requestId":"vis7ydyyh","timestamp":"2026-03-16 16:51:26","url":"/api/folders/6d09eda1-3beb-4e86-96ac-9b6701e39efb/shared","userAgent":"insomnia/12.3.1"}
{"duration":72,"level":"info","message":"[vis7ydyyh] 200 72ms","requestId":"vis7ydyyh","statusCode":200,"timestamp":"2026-03-16 16:51:26"}
{"ip":"::ffff:127.0.0.1","level":"info","message":"[szf748x7w] POST /api/folders/6d09eda1-3beb-4e86-96ac-9b6701e39efb/shared","method":"POST","requestId":"szf748x7w","timestamp":"2026-03-16 16:52:38","url":"/api/folders/6d09eda1-3beb-4e86-96ac-9b6701e39efb/shared","userAgent":"insomnia/12.3.1"}
{"duration":9,"level":"info","message":"[szf748x7w] 400 9ms","requestId":"szf748x7w","statusCode":400,"timestamp":"2026-03-16 16:52:38"}
{"level":"info","message":"✅ Database connected successfully","timestamp":"2026-03-16 16:52:53"}
{"level":"info","message":"🚀 Decentrashare API Server running on port 3000","timestamp":"2026-03-16 16:52:53"}
{"level":"info","message":"🌍 Environment: Development","timestamp":"2026-03-16 16:52:53"}
{"level":"info","message":"📚 API Documentation: http://localhost:3000/api","timestamp":"2026-03-16 16:52:53"}
{"level":"info","message":"❤️  Health Check: http://localhost:3000/api/health","timestamp":"2026-03-16 16:52:53"}
{"ip":"::ffff:127.0.0.1","level":"info","message":"[13ria9rs8] POST /api/folders/6d09eda1-3beb-4e86-96ac-9b6701e39efb/shared","method":"POST","requestId":"13ria9rs8","timestamp":"2026-03-16 16:52:56","url":"/api/folders/6d09eda1-3beb-4e86-96ac-9b6701e39efb/shared","userAgent":"insomnia/12.3.1"}
{"level":"info","message":"[SHARE] Folder 6d09eda1-3beb-4e86-96ac-9b6701e39efb shared with 2 users","timestamp":"2026-03-16 16:52:56"}
{"duration":47,"level":"info","message":"[13ria9rs8] 201 47ms","requestId":"13ria9rs8","statusCode":201,"timestamp":"2026-03-16 16:52:56"}
{"ip":"::ffff:127.0.0.1","level":"info","message":"[ii8k5u56a] GET /api/folders/6d09eda1-3beb-4e86-96ac-9b6701e39efb/shared","method":"GET","requestId":"ii8k5u56a","timestamp":"2026-03-16 16:53:05","url":"/api/folders/6d09eda1-3beb-4e86-96ac-9b6701e39efb/shared","userAgent":"insomnia/12.3.1"}
{"duration":11,"level":"info","message":"[ii8k5u56a] 200 11ms","requestId":"ii8k5u56a","statusCode":200,"timestamp":"2026-03-16 16:53:05"}
{"level":"info","message":"✅ Database connected successfully","timestamp":"2026-03-16 16:54:43"}
{"level":"info","message":"🚀 Decentrashare API Server running on port 3000","timestamp":"2026-03-16 16:54:43"}
{"level":"info","message":"🌍 Environment: Development","timestamp":"2026-03-16 16:54:43"}
{"level":"info","message":"📚 API Documentation: http://localhost:3000/api","timestamp":"2026-03-16 16:54:43"}
{"level":"info","message":"❤️  Health Check: http://localhost:3000/api/health","timestamp":"2026-03-16 16:54:43"}
{"level":"info","message":"✅ Database connected successfully","timestamp":"2026-03-16 16:54:48"}
{"level":"info","message":"🚀 Decentrashare API Server running on port 3000","timestamp":"2026-03-16 16:54:48"}
{"level":"info","message":"🌍 Environment: Development","timestamp":"2026-03-16 16:54:48"}
{"level":"info","message":"📚 API Documentation: http://localhost:3000/api","timestamp":"2026-03-16 16:54:48"}
{"level":"info","message":"❤️  Health Check: http://localhost:3000/api/health","timestamp":"2026-03-16 16:54:48"}
{"level":"info","message":"✅ Database connected successfully","timestamp":"2026-03-16 16:54:49"}
{"level":"info","message":"🚀 Decentrashare API Server running on port 3000","timestamp":"2026-03-16 16:54:49"}
{"level":"info","message":"🌍 Environment: Development","timestamp":"2026-03-16 16:54:49"}
{"level":"info","message":"📚 API Documentation: http://localhost:3000/api","timestamp":"2026-03-16 16:54:49"}
{"level":"info","message":"❤️  Health Check: http://localhost:3000/api/health","timestamp":"2026-03-16 16:54:49"}
{"level":"info","message":"✅ Database connected successfully","timestamp":"2026-03-16 16:55:07"}
{"level":"info","message":"🚀 Decentrashare API Server running on port 3000","timestamp":"2026-03-16 16:55:07"}
{"level":"info","message":"🌍 Environment: Development","timestamp":"2026-03-16 16:55:07"}
{"level":"info","message":"📚 API Documentation: http://localhost:3000/api","timestamp":"2026-03-16 16:55:07"}
{"level":"info","message":"❤️  Health Check: http://localhost:3000/api/health","timestamp":"2026-03-16 16:55:07"}
{"ip":"::ffff:127.0.0.1","level":"info","message":"[a15002r7w] GET /api/folders/6d09eda1-3beb-4e86-96ac-9b6701e39efb/shared","method":"GET","requestId":"a15002r7w","timestamp":"2026-03-16 16:56:26","url":"/api/folders/6d09eda1-3beb-4e86-96ac-9b6701e39efb/shared","userAgent":"insomnia/12.3.1"}
{"duration":70,"level":"info","message":"[a15002r7w] 200 70ms","requestId":"a15002r7w","statusCode":200,"timestamp":"2026-03-16 16:56:26"}
{"ip":"::ffff:127.0.0.1","level":"info","message":"[e9tmdacto] POST /api/folders/6d09eda1-3beb-4e86-96ac-9b6701e39efb/shared","method":"POST","requestId":"e9tmdacto","timestamp":"2026-03-16 16:57:43","url":"/api/folders/6d09eda1-3beb-4e86-96ac-9b6701e39efb/shared","userAgent":"insomnia/12.3.1"}
{"duration":67,"level":"info","message":"[e9tmdacto] 201 67ms","requestId":"e9tmdacto","statusCode":201,"timestamp":"2026-03-16 16:57:43"}
{"ip":"::ffff:127.0.0.1","level":"info","message":"[fsaxm2v9j] GET /api/folders/6d09eda1-3beb-4e86-96ac-9b6701e39efb/shared","method":"GET","requestId":"fsaxm2v9j","timestamp":"2026-03-16 16:57:49","url":"/api/folders/6d09eda1-3beb-4e86-96ac-9b6701e39efb/shared","userAgent":"insomnia/12.3.1"}
{"duration":14,"level":"info","message":"[fsaxm2v9j] 200 14ms","requestId":"fsaxm2v9j","statusCode":200,"timestamp":"2026-03-16 16:57:49"}
{"level":"info","message":"✅ Database connected successfully","timestamp":"2026-03-16 17:00:52"}
{"level":"info","message":"🚀 Decentrashare API Server running on port 3000","timestamp":"2026-03-16 17:00:52"}
{"level":"info","message":"🌍 Environment: Development","timestamp":"2026-03-16 17:00:52"}
{"level":"info","message":"📚 API Documentation: http://localhost:3000/api","timestamp":"2026-03-16 17:00:52"}
{"level":"info","message":"❤️  Health Check: http://localhost:3000/api/health","timestamp":"2026-03-16 17:00:52"}
{"level":"info","message":"✅ Database connected successfully","timestamp":"2026-03-16 17:02:30"}
{"level":"info","message":"🚀 Decentrashare API Server running on port 3000","timestamp":"2026-03-16 17:02:30"}
{"level":"info","message":"🌍 Environment: Development","timestamp":"2026-03-16 17:02:30"}
{"level":"info","message":"📚 API Documentation: http://localhost:3000/api","timestamp":"2026-03-16 17:02:30"}
{"level":"info","message":"❤️  Health Check: http://localhost:3000/api/health","timestamp":"2026-03-16 17:02:30"}
{"level":"info","message":"✅ Database connected successfully","timestamp":"2026-03-16 17:02:43"}
{"level":"info","message":"🚀 Decentrashare API Server running on port 3000","timestamp":"2026-03-16 17:02:43"}
{"level":"info","message":"🌍 Environment: Development","timestamp":"2026-03-16 17:02:43"}
{"level":"info","message":"📚 API Documentation: http://localhost:3000/api","timestamp":"2026-03-16 17:02:43"}
{"level":"info","message":"❤️  Health Check: http://localhost:3000/api/health","timestamp":"2026-03-16 17:02:43"}
{"level":"info","message":"✅ Database connected successfully","timestamp":"2026-03-16 17:02:48"}
{"level":"info","message":"🚀 Decentrashare API Server running on port 3000","timestamp":"2026-03-16 17:02:48"}
{"level":"info","message":"🌍 Environment: Development","timestamp":"2026-03-16 17:02:48"}
{"level":"info","message":"📚 API Documentation: http://localhost:3000/api","timestamp":"2026-03-16 17:02:48"}
{"level":"info","message":"❤️  Health Check: http://localhost:3000/api/health","timestamp":"2026-03-16 17:02:48"}
{"level":"info","message":"✅ Database connected successfully","timestamp":"2026-03-16 17:02:51"}
{"level":"info","message":"🚀 Decentrashare API Server running on port 3000","timestamp":"2026-03-16 17:02:51"}
{"level":"info","message":"🌍 Environment: Development","timestamp":"2026-03-16 17:02:51"}
{"level":"info","message":"📚 API Documentation: http://localhost:3000/api","timestamp":"2026-03-16 17:02:51"}
{"level":"info","message":"❤️  Health Check: http://localhost:3000/api/health","timestamp":"2026-03-16 17:02:51"}
{"level":"info","message":"✅ Database connected successfully","timestamp":"2026-03-16 17:03:02"}
{"level":"info","message":"🚀 Decentrashare API Server running on port 3000","timestamp":"2026-03-16 17:03:02"}
{"level":"info","message":"🌍 Environment: Development","timestamp":"2026-03-16 17:03:02"}
{"level":"info","message":"📚 API Documentation: http://localhost:3000/api","timestamp":"2026-03-16 17:03:02"}
{"level":"info","message":"❤️  Health Check: http://localhost:3000/api/health","timestamp":"2026-03-16 17:03:02"}
{"level":"info","message":"✅ Database connected successfully","timestamp":"2026-03-16 17:03:04"}
{"level":"info","message":"🚀 Decentrashare API Server running on port 3000","timestamp":"2026-03-16 17:03:04"}
{"level":"info","message":"🌍 Environment: Development","timestamp":"2026-03-16 17:03:04"}
{"level":"info","message":"📚 API Documentation: http://localhost:3000/api","timestamp":"2026-03-16 17:03:04"}
{"level":"info","message":"❤️  Health Check: http://localhost:3000/api/health","timestamp":"2026-03-16 17:03:04"}
{"level":"info","message":"✅ Database connected successfully","timestamp":"2026-03-16 17:04:51"}
{"level":"info","message":"🚀 Decentrashare API Server running on port 3000","timestamp":"2026-03-16 17:04:51"}
{"level":"info","message":"🌍 Environment: Development","timestamp":"2026-03-16 17:04:51"}
{"level":"info","message":"📚 API Documentation: http://localhost:3000/api","timestamp":"2026-03-16 17:04:51"}
{"level":"info","message":"❤️  Health Check: http://localhost:3000/api/health","timestamp":"2026-03-16 17:04:51"}
{"ip":"::ffff:127.0.0.1","level":"info","message":"[f1htfm2mq] PATCH /api/folders/6d09eda1-3beb-4e86-96ac-9b6701e39efb/shared","method":"PATCH","requestId":"f1htfm2mq","timestamp":"2026-03-16 17:04:55","url":"/api/folders/6d09eda1-3beb-4e86-96ac-9b6701e39efb/shared","userAgent":"insomnia/12.3.1"}
{"duration":8,"level":"info","message":"[f1htfm2mq] 404 8ms","requestId":"f1htfm2mq","statusCode":404,"timestamp":"2026-03-16 17:04:55"}
{"level":"info","message":"✅ Database connected successfully","timestamp":"2026-03-16 17:05:07"}
{"level":"info","message":"🚀 Decentrashare API Server running on port 3000","timestamp":"2026-03-16 17:05:07"}
{"level":"info","message":"🌍 Environment: Development","timestamp":"2026-03-16 17:05:07"}
{"level":"info","message":"📚 API Documentation: http://localhost:3000/api","timestamp":"2026-03-16 17:05:07"}
{"level":"info","message":"❤️  Health Check: http://localhost:3000/api/health","timestamp":"2026-03-16 17:05:07"}
{"level":"info","message":"✅ Database connected successfully","timestamp":"2026-03-16 17:05:09"}
{"level":"info","message":"🚀 Decentrashare API Server running on port 3000","timestamp":"2026-03-16 17:05:09"}
{"level":"info","message":"🌍 Environment: Development","timestamp":"2026-03-16 17:05:09"}
{"level":"info","message":"📚 API Documentation: http://localhost:3000/api","timestamp":"2026-03-16 17:05:09"}
{"level":"info","message":"❤️  Health Check: http://localhost:3000/api/health","timestamp":"2026-03-16 17:05:09"}
{"ip":"::ffff:127.0.0.1","level":"info","message":"[64ko8i1lu] PATCH /api/folders/6d09eda1-3beb-4e86-96ac-9b6701e39efb/shared","method":"PATCH","requestId":"64ko8i1lu","timestamp":"2026-03-16 17:05:10","url":"/api/folders/6d09eda1-3beb-4e86-96ac-9b6701e39efb/shared","userAgent":"insomnia/12.3.1"}
{"duration":50,"level":"info","message":"[64ko8i1lu] 200 50ms","requestId":"64ko8i1lu","statusCode":200,"timestamp":"2026-03-16 17:05:10"}
{"ip":"::ffff:127.0.0.1","level":"info","message":"[jy0jxkd54] GET /api/folders/6d09eda1-3beb-4e86-96ac-9b6701e39efb/shared","method":"GET","requestId":"jy0jxkd54","timestamp":"2026-03-16 17:05:18","url":"/api/folders/6d09eda1-3beb-4e86-96ac-9b6701e39efb/shared","userAgent":"insomnia/12.3.1"}
{"duration":12,"level":"info","message":"[jy0jxkd54] 200 12ms","requestId":"jy0jxkd54","statusCode":200,"timestamp":"2026-03-16 17:05:18"}
{"level":"info","message":"✅ Database connected successfully","timestamp":"2026-03-16 17:09:41"}
{"level":"info","message":"🚀 Decentrashare API Server running on port 3000","timestamp":"2026-03-16 17:09:41"}
{"level":"info","message":"🌍 Environment: Development","timestamp":"2026-03-16 17:09:41"}
{"level":"info","message":"📚 API Documentation: http://localhost:3000/api","timestamp":"2026-03-16 17:09:41"}
{"level":"info","message":"❤️  Health Check: http://localhost:3000/api/health","timestamp":"2026-03-16 17:09:41"}
{"level":"info","message":"✅ Database connected successfully","timestamp":"2026-03-16 17:11:25"}
{"level":"info","message":"🚀 Decentrashare API Server running on port 3000","timestamp":"2026-03-16 17:11:25"}
{"level":"info","message":"🌍 Environment: Development","timestamp":"2026-03-16 17:11:25"}
{"level":"info","message":"📚 API Documentation: http://localhost:3000/api","timestamp":"2026-03-16 17:11:25"}
{"level":"info","message":"❤️  Health Check: http://localhost:3000/api/health","timestamp":"2026-03-16 17:11:25"}
{"ip":"::ffff:127.0.0.1","level":"info","message":"[b67ak6dw4] GET /api/folders/6d09eda1-3beb-4e86-96ac-9b6701e39efb/shared","method":"GET","requestId":"b67ak6dw4","timestamp":"2026-03-16 17:11:33","url":"/api/folders/6d09eda1-3beb-4e86-96ac-9b6701e39efb/shared","userAgent":"insomnia/12.3.1"}
{"duration":41,"level":"info","message":"[b67ak6dw4] 200 41ms","requestId":"b67ak6dw4","statusCode":200,"timestamp":"2026-03-16 17:11:33"}
{"ip":"::ffff:127.0.0.1","level":"info","message":"[c8zai2xdh] POST /api/folders/6d09eda1-3beb-4e86-96ac-9b6701e39efb/shared","method":"POST","requestId":"c8zai2xdh","timestamp":"2026-03-16 17:11:42","url":"/api/folders/6d09eda1-3beb-4e86-96ac-9b6701e39efb/shared","userAgent":"insomnia/12.3.1"}
{"duration":42,"level":"info","message":"[c8zai2xdh] 201 42ms","requestId":"c8zai2xdh","statusCode":201,"timestamp":"2026-03-16 17:11:42"}
{"ip":"::ffff:127.0.0.1","level":"info","message":"[s7q8mhfj8] GET /api/folders/6d09eda1-3beb-4e86-96ac-9b6701e39efb/shared","method":"GET","requestId":"s7q8mhfj8","timestamp":"2026-03-16 17:11:52","url":"/api/folders/6d09eda1-3beb-4e86-96ac-9b6701e39efb/shared","userAgent":"insomnia/12.3.1"}
{"duration":9,"level":"info","message":"[s7q8mhfj8] 200 9ms","requestId":"s7q8mhfj8","statusCode":200,"timestamp":"2026-03-16 17:11:52"}
{"ip":"::ffff:127.0.0.1","level":"info","message":"[p02r2poyw] POST /api/folders/6d09eda1-3beb-4e86-96ac-9b6701e39efb/shared","method":"POST","requestId":"p02r2poyw","timestamp":"2026-03-16 17:12:23","url":"/api/folders/6d09eda1-3beb-4e86-96ac-9b6701e39efb/shared","userAgent":"insomnia/12.3.1"}
{"duration":17,"level":"info","message":"[p02r2poyw] 201 17ms","requestId":"p02r2poyw","statusCode":201,"timestamp":"2026-03-16 17:12:23"}
{"ip":"::ffff:127.0.0.1","level":"info","message":"[bft27q5tv] GET /api/folders/6d09eda1-3beb-4e86-96ac-9b6701e39efb/shared","method":"GET","requestId":"bft27q5tv","timestamp":"2026-03-16 17:12:27","url":"/api/folders/6d09eda1-3beb-4e86-96ac-9b6701e39efb/shared","userAgent":"insomnia/12.3.1"}
{"duration":8,"level":"info","message":"[bft27q5tv] 200 8ms","requestId":"bft27q5tv","statusCode":200,"timestamp":"2026-03-16 17:12:27"}
{"ip":"::ffff:127.0.0.1","level":"info","message":"[ss7r8gkwl] PATCH /api/folders/6d09eda1-3beb-4e86-96ac-9b6701e39efb/shared","method":"PATCH","requestId":"ss7r8gkwl","timestamp":"2026-03-16 17:12:37","url":"/api/folders/6d09eda1-3beb-4e86-96ac-9b6701e39efb/shared","userAgent":"insomnia/12.3.1"}
{"duration":16,"level":"info","message":"[ss7r8gkwl] 200 16ms","requestId":"ss7r8gkwl","statusCode":200,"timestamp":"2026-03-16 17:12:37"}
{"ip":"::ffff:127.0.0.1","level":"info","message":"[hjnr7u9el] GET /api/folders/6d09eda1-3beb-4e86-96ac-9b6701e39efb/shared","method":"GET","requestId":"hjnr7u9el","timestamp":"2026-03-16 17:12:43","url":"/api/folders/6d09eda1-3beb-4e86-96ac-9b6701e39efb/shared","userAgent":"insomnia/12.3.1"}
{"duration":11,"level":"info","message":"[hjnr7u9el] 200 11ms","requestId":"hjnr7u9el","statusCode":200,"timestamp":"2026-03-16 17:12:43"}
{"level":"info","message":"✅ Database connected successfully","timestamp":"2026-03-16 17:13:54"}
{"level":"info","message":"🚀 Decentrashare API Server running on port 3000","timestamp":"2026-03-16 17:13:54"}
{"level":"info","message":"🌍 Environment: Development","timestamp":"2026-03-16 17:13:54"}
{"level":"info","message":"📚 API Documentation: http://localhost:3000/api","timestamp":"2026-03-16 17:13:54"}
{"level":"info","message":"❤️  Health Check: http://localhost:3000/api/health","timestamp":"2026-03-16 17:13:54"}
{"ip":"::ffff:127.0.0.1","level":"info","message":"[3ace0tn6q] DELETE /api/folders/6d09eda1-3beb-4e86-96ac-9b6701e39efb/shared","method":"DELETE","requestId":"3ace0tn6q","timestamp":"2026-03-16 17:15:24","url":"/api/folders/6d09eda1-3beb-4e86-96ac-9b6701e39efb/shared","userAgent":"insomnia/12.3.1"}
{"level":"info","message":"[REVOKE] Removed 1 users from folder 6d09eda1-3beb-4e86-96ac-9b6701e39efb","timestamp":"2026-03-16 17:15:24"}
{"duration":61,"level":"info","message":"[3ace0tn6q] 200 61ms","requestId":"3ace0tn6q","statusCode":200,"timestamp":"2026-03-16 17:15:24"}
{"ip":"::ffff:127.0.0.1","level":"info","message":"[t4md1apfm] GET /api/folders/6d09eda1-3beb-4e86-96ac-9b6701e39efb/shared","method":"GET","requestId":"t4md1apfm","timestamp":"2026-03-16 17:15:37","url":"/api/folders/6d09eda1-3beb-4e86-96ac-9b6701e39efb/shared","userAgent":"insomnia/12.3.1"}
{"duration":11,"level":"info","message":"[t4md1apfm] 200 11ms","requestId":"t4md1apfm","statusCode":200,"timestamp":"2026-03-16 17:15:37"}
{"ip":"::ffff:127.0.0.1","level":"info","message":"[evpalvqsq] DELETE /api/folders/6d09eda1-3beb-4e86-96ac-9b6701e39efb/shared","method":"DELETE","requestId":"evpalvqsq","timestamp":"2026-03-16 17:17:26","url":"/api/folders/6d09eda1-3beb-4e86-96ac-9b6701e39efb/shared","userAgent":"insomnia/12.3.1"}
{"level":"info","message":"[REVOKE] Removed 0 users from folder 6d09eda1-3beb-4e86-96ac-9b6701e39efb","timestamp":"2026-03-16 17:17:26"}
{"duration":59,"level":"info","message":"[evpalvqsq] 200 59ms","requestId":"evpalvqsq","statusCode":200,"timestamp":"2026-03-16 17:17:26"}
{"ip":"::ffff:127.0.0.1","level":"info","message":"[5hmrsy0vj] GET /api/folders/6d09eda1-3beb-4e86-96ac-9b6701e39efb/shared","method":"GET","requestId":"5hmrsy0vj","timestamp":"2026-03-16 17:17:33","url":"/api/folders/6d09eda1-3beb-4e86-96ac-9b6701e39efb/shared","userAgent":"insomnia/12.3.1"}
{"duration":10,"level":"info","message":"[5hmrsy0vj] 200 10ms","requestId":"5hmrsy0vj","statusCode":200,"timestamp":"2026-03-16 17:17:33"}
{"ip":"::ffff:127.0.0.1","level":"info","message":"[j1b1a3urk] GET /api/folders/6d09eda1-3beb-4e86-96ac-9b6701e39efb/shared","method":"GET","requestId":"j1b1a3urk","timestamp":"2026-03-16 17:17:35","url":"/api/folders/6d09eda1-3beb-4e86-96ac-9b6701e39efb/shared","userAgent":"insomnia/12.3.1"}
{"duration":7,"level":"info","message":"[j1b1a3urk] 200 7ms","requestId":"j1b1a3urk","statusCode":200,"timestamp":"2026-03-16 17:17:35"}
{"ip":"::ffff:127.0.0.1","level":"info","message":"[ud6htvu23] GET /api/folders/6d09eda1-3beb-4e86-96ac-9b6701e39efb/shared","method":"GET","requestId":"ud6htvu23","timestamp":"2026-03-16 17:17:35","url":"/api/folders/6d09eda1-3beb-4e86-96ac-9b6701e39efb/shared","userAgent":"insomnia/12.3.1"}
{"duration":7,"level":"info","message":"[ud6htvu23] 200 7ms","requestId":"ud6htvu23","statusCode":200,"timestamp":"2026-03-16 17:17:35"}
{"level":"info","message":"✅ Database connected successfully","timestamp":"2026-03-16 17:21:09"}
{"level":"info","message":"🚀 Decentrashare API Server running on port 3000","timestamp":"2026-03-16 17:21:09"}
{"level":"info","message":"🌍 Environment: Development","timestamp":"2026-03-16 17:21:09"}
{"level":"info","message":"📚 API Documentation: http://localhost:3000/api","timestamp":"2026-03-16 17:21:09"}
{"level":"info","message":"❤️  Health Check: http://localhost:3000/api/health","timestamp":"2026-03-16 17:21:09"}
{"level":"info","message":"✅ Database connected successfully","timestamp":"2026-03-16 17:21:59"}
{"level":"info","message":"🚀 Decentrashare API Server running on port 3000","timestamp":"2026-03-16 17:21:59"}
{"level":"info","message":"🌍 Environment: Development","timestamp":"2026-03-16 17:21:59"}
{"level":"info","message":"📚 API Documentation: http://localhost:3000/api","timestamp":"2026-03-16 17:21:59"}
{"level":"info","message":"❤️  Health Check: http://localhost:3000/api/health","timestamp":"2026-03-16 17:21:59"}
{"ip":"::ffff:127.0.0.1","level":"info","message":"[27vk7fnhv] POST /api/folders/6d09eda1-3beb-4e86-96ac-9b6701e39efb/shared","method":"POST","requestId":"27vk7fnhv","timestamp":"2026-03-16 17:22:15","url":"/api/folders/6d09eda1-3beb-4e86-96ac-9b6701e39efb/shared","userAgent":"insomnia/12.3.1"}
{"duration":22,"level":"info","message":"[27vk7fnhv] 400 22ms","requestId":"27vk7fnhv","statusCode":400,"timestamp":"2026-03-16 17:22:15"}
{"level":"info","message":"✅ Database connected successfully","timestamp":"2026-03-16 17:26:17"}
{"level":"info","message":"🚀 Decentrashare API Server running on port 3000","timestamp":"2026-03-16 17:26:17"}
{"level":"info","message":"🌍 Environment: Development","timestamp":"2026-03-16 17:26:17"}
{"level":"info","message":"📚 API Documentation: http://localhost:3000/api","timestamp":"2026-03-16 17:26:17"}
{"level":"info","message":"❤️  Health Check: http://localhost:3000/api/health","timestamp":"2026-03-16 17:26:17"}
{"level":"info","message":"✅ Database connected successfully","timestamp":"2026-03-16 17:26:30"}
{"level":"info","message":"🚀 Decentrashare API Server running on port 3000","timestamp":"2026-03-16 17:26:30"}
{"level":"info","message":"🌍 Environment: Development","timestamp":"2026-03-16 17:26:30"}
{"level":"info","message":"📚 API Documentation: http://localhost:3000/api","timestamp":"2026-03-16 17:26:30"}
{"level":"info","message":"❤️  Health Check: http://localhost:3000/api/health","timestamp":"2026-03-16 17:26:30"}
{"level":"info","message":"✅ Database connected successfully","timestamp":"2026-03-16 17:26:51"}
{"level":"info","message":"🚀 Decentrashare API Server running on port 3000","timestamp":"2026-03-16 17:26:51"}
{"level":"info","message":"🌍 Environment: Development","timestamp":"2026-03-16 17:26:51"}
{"level":"info","message":"📚 API Documentation: http://localhost:3000/api","timestamp":"2026-03-16 17:26:51"}
{"level":"info","message":"❤️  Health Check: http://localhost:3000/api/health","timestamp":"2026-03-16 17:26:51"}
{"level":"info","message":"✅ Database connected successfully","timestamp":"2026-03-16 17:26:54"}
{"level":"info","message":"🚀 Decentrashare API Server running on port 3000","timestamp":"2026-03-16 17:26:54"}
{"level":"info","message":"🌍 Environment: Development","timestamp":"2026-03-16 17:26:54"}
{"level":"info","message":"📚 API Documentation: http://localhost:3000/api","timestamp":"2026-03-16 17:26:54"}
{"level":"info","message":"❤️  Health Check: http://localhost:3000/api/health","timestamp":"2026-03-16 17:26:54"}
{"level":"info","message":"✅ Database connected successfully","timestamp":"2026-03-16 17:27:03"}
{"level":"info","message":"🚀 Decentrashare API Server running on port 3000","timestamp":"2026-03-16 17:27:03"}
{"level":"info","message":"🌍 Environment: Development","timestamp":"2026-03-16 17:27:03"}
{"level":"info","message":"📚 API Documentation: http://localhost:3000/api","timestamp":"2026-03-16 17:27:03"}
{"level":"info","message":"❤️  Health Check: http://localhost:3000/api/health","timestamp":"2026-03-16 17:27:03"}
{"level":"info","message":"✅ Database connected successfully","timestamp":"2026-03-16 17:27:07"}
{"level":"info","message":"🚀 Decentrashare API Server running on port 3000","timestamp":"2026-03-16 17:27:07"}
{"level":"info","message":"🌍 Environment: Development","timestamp":"2026-03-16 17:27:07"}
{"level":"info","message":"📚 API Documentation: http://localhost:3000/api","timestamp":"2026-03-16 17:27:07"}
{"level":"info","message":"❤️  Health Check: http://localhost:3000/api/health","timestamp":"2026-03-16 17:27:07"}
{"level":"info","message":"✅ Database connected successfully","timestamp":"2026-03-16 17:27:15"}
{"level":"info","message":"🚀 Decentrashare API Server running on port 3000","timestamp":"2026-03-16 17:27:15"}
{"level":"info","message":"🌍 Environment: Development","timestamp":"2026-03-16 17:27:15"}
{"level":"info","message":"📚 API Documentation: http://localhost:3000/api","timestamp":"2026-03-16 17:27:15"}
{"level":"info","message":"❤️  Health Check: http://localhost:3000/api/health","timestamp":"2026-03-16 17:27:15"}
{"level":"info","message":"✅ Database connected successfully","timestamp":"2026-03-16 17:28:38"}
{"level":"info","message":"🚀 Decentrashare API Server running on port 3000","timestamp":"2026-03-16 17:28:38"}
{"level":"info","message":"🌍 Environment: Development","timestamp":"2026-03-16 17:28:38"}
{"level":"info","message":"📚 API Documentation: http://localhost:3000/api","timestamp":"2026-03-16 17:28:38"}
{"level":"info","message":"❤️  Health Check: http://localhost:3000/api/health","timestamp":"2026-03-16 17:28:38"}
{"ip":"::ffff:127.0.0.1","level":"info","message":"[535512nnw] GET /api/folders/shared-with-me","method":"GET","requestId":"535512nnw","timestamp":"2026-03-16 17:28:41","url":"/api/folders/shared-with-me","userAgent":"insomnia/12.3.1"}
{"duration":22,"level":"info","message":"[535512nnw] 200 22ms","requestId":"535512nnw","statusCode":200,"timestamp":"2026-03-16 17:28:41"}
{"level":"info","message":"✅ Database connected successfully","timestamp":"2026-03-16 19:27:30"}
{"level":"info","message":"🚀 Decentrashare API Server running on port 3000","timestamp":"2026-03-16 19:27:30"}
{"level":"info","message":"🌍 Environment: Development","timestamp":"2026-03-16 19:27:30"}
{"level":"info","message":"📚 API Documentation: http://localhost:3000/api","timestamp":"2026-03-16 19:27:30"}
{"level":"info","message":"❤️  Health Check: http://localhost:3000/api/health","timestamp":"2026-03-16 19:27:30"}
{"ip":"::ffff:127.0.0.1","level":"info","message":"[bfvgejdcv] GET /api/auth/me","method":"GET","requestId":"bfvgejdcv","timestamp":"2026-03-16 19:27:40","url":"/api/auth/me","userAgent":"insomnia/12.3.1"}
{"level":"error","message":"[AUTH_MIDDLEWARE] Access denied: jwt expired - IP: ::ffff:127.0.0.1","timestamp":"2026-03-16 19:27:40"}
{"duration":10,"level":"info","message":"[bfvgejdcv] 401 10ms","requestId":"bfvgejdcv","statusCode":401,"timestamp":"2026-03-16 19:27:40"}
{"ip":"::1","level":"info","message":"[vdx6dtr9o] GET /api/health","method":"GET","requestId":"vdx6dtr9o","timestamp":"2026-03-16 19:28:59","url":"/api/health","userAgent":"Mozilla/5.0 (X11; Linux x86_64) AppleWebKit/537.36 (KHTML, like Gecko) Chrome/145.0.0.0 Safari/537.36"}
{"duration":7,"level":"info","message":"[vdx6dtr9o] 200 7ms","requestId":"vdx6dtr9o","statusCode":200,"timestamp":"2026-03-16 19:28:59"}
{"ip":"::1","level":"info","message":"[rhft1ii6p] GET /favicon.ico","method":"GET","requestId":"rhft1ii6p","timestamp":"2026-03-16 19:29:00","url":"/favicon.ico","userAgent":"Mozilla/5.0 (X11; Linux x86_64) AppleWebKit/537.36 (KHTML, like Gecko) Chrome/145.0.0.0 Safari/537.36"}
{"duration":2,"level":"info","message":"[rhft1ii6p] 404 2ms","requestId":"rhft1ii6p","statusCode":404,"timestamp":"2026-03-16 19:29:00"}
{"ip":"::1","level":"info","message":"[63ax0wgx2] GET /.well-known/appspecific/com.chrome.devtools.json","method":"GET","requestId":"63ax0wgx2","timestamp":"2026-03-16 19:29:02","url":"/.well-known/appspecific/com.chrome.devtools.json","userAgent":"Mozilla/5.0 (X11; Linux x86_64) AppleWebKit/537.36 (KHTML, like Gecko) Chrome/145.0.0.0 Safari/537.36"}
{"duration":2,"level":"info","message":"[63ax0wgx2] 404 2ms","requestId":"63ax0wgx2","statusCode":404,"timestamp":"2026-03-16 19:29:02"}
{"ip":"::ffff:127.0.0.1","level":"info","message":"[603csqi5u] GET /api/auth/nonce/0x14A08Cd77943dF0D4C2B3B858148e3A60102c514","method":"GET","requestId":"603csqi5u","timestamp":"2026-03-16 19:29:26","url":"/api/auth/nonce/0x14A08Cd77943dF0D4C2B3B858148e3A60102c514","userAgent":"insomnia/12.3.1"}
{"duration":46,"level":"info","message":"[603csqi5u] 200 46ms","requestId":"603csqi5u","statusCode":200,"timestamp":"2026-03-16 19:29:26"}
{"ip":"::ffff:127.0.0.1","level":"info","message":"[jy7l7l6eg] POST /api/auth/login","method":"POST","requestId":"jy7l7l6eg","timestamp":"2026-03-16 19:29:51","url":"/api/auth/login","userAgent":"insomnia/12.3.1"}
{"level":"warn","message":"[AUTH] Failed login attempt: Invalid signature for wallet 0x14a08cd77943df0d4c2b3b858148e3a60102c514","timestamp":"2026-03-16 19:29:51"}
{"level":"error","message":"Unhandled error: Invalid signature","stack":"Error: Invalid signature\n    at <anonymous> (/home/dimas/project/decentrashare/backend/src/modules/auth/auth.service.ts:61:15)\n    at async <anonymous> (/home/dimas/project/decentrashare/backend/src/modules/auth/auth.controller.ts:44:49)\n    at processTicksAndRejections (native:7:39)","timestamp":"2026-03-16 19:29:51"}
{"duration":63,"level":"info","message":"[jy7l7l6eg] 500 63ms","requestId":"jy7l7l6eg","statusCode":500,"timestamp":"2026-03-16 19:29:51"}
{"ip":"::ffff:127.0.0.1","level":"info","message":"[j4na7oqp5] POST /api/auth/login","method":"POST","requestId":"j4na7oqp5","timestamp":"2026-03-16 19:30:00","url":"/api/auth/login","userAgent":"insomnia/12.3.1"}
{"level":"warn","message":"[AUTH] Failed login attempt: Invalid signature for wallet 0x14a08cd77943df0d4c2b3b858148e3a60102c514","timestamp":"2026-03-16 19:30:00"}
{"level":"error","message":"Unhandled error: Invalid signature","stack":"Error: Invalid signature\n    at <anonymous> (/home/dimas/project/decentrashare/backend/src/modules/auth/auth.service.ts:61:15)\n    at async <anonymous> (/home/dimas/project/decentrashare/backend/src/modules/auth/auth.controller.ts:44:49)\n    at processTicksAndRejections (native:7:39)","timestamp":"2026-03-16 19:30:00"}
{"duration":14,"level":"info","message":"[j4na7oqp5] 500 14ms","requestId":"j4na7oqp5","statusCode":500,"timestamp":"2026-03-16 19:30:00"}
{"ip":"::ffff:127.0.0.1","level":"info","message":"[0rw3cbc48] POST /api/auth/login","method":"POST","requestId":"0rw3cbc48","timestamp":"2026-03-16 19:30:30","url":"/api/auth/login","userAgent":"insomnia/12.3.1"}
{"level":"info","message":"[AUTH] Login success for wallet: 0x14a08cd77943df0d4c2b3b858148e3a60102c514","timestamp":"2026-03-16 19:30:30"}
{"duration":17,"level":"info","message":"[0rw3cbc48] 200 17ms","requestId":"0rw3cbc48","statusCode":200,"timestamp":"2026-03-16 19:30:30"}
{"ip":"::ffff:127.0.0.1","level":"info","message":"[hhthdxdvd] GET /api/folders/shared-with-me","method":"GET","requestId":"hhthdxdvd","timestamp":"2026-03-16 19:31:49","url":"/api/folders/shared-with-me","userAgent":"insomnia/12.3.1"}
{"duration":13,"level":"info","message":"[hhthdxdvd] 200 13ms","requestId":"hhthdxdvd","statusCode":200,"timestamp":"2026-03-16 19:31:49"}
{"level":"info","message":"✅ Database connected successfully","timestamp":"2026-03-16 19:32:46"}
{"level":"info","message":"🚀 Decentrashare API Server running on port 3000","timestamp":"2026-03-16 19:32:46"}
{"level":"info","message":"🌍 Environment: Development","timestamp":"2026-03-16 19:32:46"}
{"level":"info","message":"📚 API Documentation: http://localhost:3000/api","timestamp":"2026-03-16 19:32:46"}
{"level":"info","message":"❤️  Health Check: http://localhost:3000/api/health","timestamp":"2026-03-16 19:32:46"}
{"level":"info","message":"✅ Database connected successfully","timestamp":"2026-03-16 19:33:04"}
{"level":"info","message":"🚀 Decentrashare API Server running on port 3000","timestamp":"2026-03-16 19:33:04"}
{"level":"info","message":"🌍 Environment: Development","timestamp":"2026-03-16 19:33:04"}
{"level":"info","message":"📚 API Documentation: http://localhost:3000/api","timestamp":"2026-03-16 19:33:04"}
{"level":"info","message":"❤️  Health Check: http://localhost:3000/api/health","timestamp":"2026-03-16 19:33:04"}
{"level":"info","message":"✅ Database connected successfully","timestamp":"2026-03-16 19:34:35"}
{"level":"info","message":"🚀 Decentrashare API Server running on port 3000","timestamp":"2026-03-16 19:34:35"}
{"level":"info","message":"🌍 Environment: Development","timestamp":"2026-03-16 19:34:35"}
{"level":"info","message":"📚 API Documentation: http://localhost:3000/api","timestamp":"2026-03-16 19:34:35"}
{"level":"info","message":"❤️  Health Check: http://localhost:3000/api/health","timestamp":"2026-03-16 19:34:35"}
{"level":"info","message":"✅ Database connected successfully","timestamp":"2026-03-16 19:43:40"}
{"level":"info","message":"🚀 Decentrashare API Server running on port 3000","timestamp":"2026-03-16 19:43:40"}
{"level":"info","message":"🌍 Environment: Development","timestamp":"2026-03-16 19:43:40"}
{"level":"info","message":"📚 API Documentation: http://localhost:3000/api","timestamp":"2026-03-16 19:43:40"}
{"level":"info","message":"❤️  Health Check: http://localhost:3000/api/health","timestamp":"2026-03-16 19:43:40"}
{"level":"info","message":"✅ Database connected successfully","timestamp":"2026-03-16 19:43:49"}
{"level":"info","message":"🚀 Decentrashare API Server running on port 3000","timestamp":"2026-03-16 19:43:49"}
{"level":"info","message":"🌍 Environment: Development","timestamp":"2026-03-16 19:43:49"}
{"level":"info","message":"📚 API Documentation: http://localhost:3000/api","timestamp":"2026-03-16 19:43:49"}
{"level":"info","message":"❤️  Health Check: http://localhost:3000/api/health","timestamp":"2026-03-16 19:43:49"}
{"level":"info","message":"✅ Database connected successfully","timestamp":"2026-03-16 19:44:43"}
{"level":"info","message":"🚀 Decentrashare API Server running on port 3000","timestamp":"2026-03-16 19:44:43"}
{"level":"info","message":"🌍 Environment: Development","timestamp":"2026-03-16 19:44:43"}
{"level":"info","message":"📚 API Documentation: http://localhost:3000/api","timestamp":"2026-03-16 19:44:43"}
{"level":"info","message":"❤️  Health Check: http://localhost:3000/api/health","timestamp":"2026-03-16 19:44:43"}
{"level":"info","message":"✅ Database connected successfully","timestamp":"2026-03-16 19:44:45"}
{"level":"info","message":"🚀 Decentrashare API Server running on port 3000","timestamp":"2026-03-16 19:44:45"}
{"level":"info","message":"🌍 Environment: Development","timestamp":"2026-03-16 19:44:45"}
{"level":"info","message":"📚 API Documentation: http://localhost:3000/api","timestamp":"2026-03-16 19:44:45"}
{"level":"info","message":"❤️  Health Check: http://localhost:3000/api/health","timestamp":"2026-03-16 19:44:45"}
{"level":"info","message":"✅ Database connected successfully","timestamp":"2026-03-16 19:44:55"}
{"level":"info","message":"🚀 Decentrashare API Server running on port 3000","timestamp":"2026-03-16 19:44:55"}
{"level":"info","message":"🌍 Environment: Development","timestamp":"2026-03-16 19:44:55"}
{"level":"info","message":"📚 API Documentation: http://localhost:3000/api","timestamp":"2026-03-16 19:44:55"}
{"level":"info","message":"❤️  Health Check: http://localhost:3000/api/health","timestamp":"2026-03-16 19:44:55"}
{"level":"info","message":"✅ Database connected successfully","timestamp":"2026-03-16 19:44:59"}
{"level":"info","message":"🚀 Decentrashare API Server running on port 3000","timestamp":"2026-03-16 19:44:59"}
{"level":"info","message":"🌍 Environment: Development","timestamp":"2026-03-16 19:44:59"}
{"level":"info","message":"📚 API Documentation: http://localhost:3000/api","timestamp":"2026-03-16 19:44:59"}
{"level":"info","message":"❤️  Health Check: http://localhost:3000/api/health","timestamp":"2026-03-16 19:44:59"}
{"ip":"::ffff:127.0.0.1","level":"info","message":"[ijog6l2ja] GET /api/folders/me","method":"GET","requestId":"ijog6l2ja","timestamp":"2026-03-16 19:45:03","url":"/api/folders/me","userAgent":"insomnia/12.3.1"}
{"duration":36,"level":"info","message":"[ijog6l2ja] 200 36ms","requestId":"ijog6l2ja","statusCode":200,"timestamp":"2026-03-16 19:45:03"}
{"ip":"::ffff:127.0.0.1","level":"info","message":"[r8lzbvphn] PATCH /api/folders/41f8b6cd-f2c6-4bdd-bb00-837c66eae429/privacy","method":"PATCH","requestId":"r8lzbvphn","timestamp":"2026-03-16 19:45:36","url":"/api/folders/41f8b6cd-f2c6-4bdd-bb00-837c66eae429/privacy","userAgent":"insomnia/12.3.1"}
{"duration":9,"level":"info","message":"[r8lzbvphn] 400 9ms","requestId":"r8lzbvphn","statusCode":400,"timestamp":"2026-03-16 19:45:36"}
{"level":"info","message":"✅ Database connected successfully","timestamp":"2026-03-16 19:47:16"}
{"level":"info","message":"🚀 Decentrashare API Server running on port 3000","timestamp":"2026-03-16 19:47:16"}
{"level":"info","message":"🌍 Environment: Development","timestamp":"2026-03-16 19:47:16"}
{"level":"info","message":"📚 API Documentation: http://localhost:3000/api","timestamp":"2026-03-16 19:47:16"}
{"level":"info","message":"❤️  Health Check: http://localhost:3000/api/health","timestamp":"2026-03-16 19:47:16"}
{"level":"info","message":"✅ Database connected successfully","timestamp":"2026-03-16 19:47:23"}
{"level":"info","message":"🚀 Decentrashare API Server running on port 3000","timestamp":"2026-03-16 19:47:23"}
{"level":"info","message":"🌍 Environment: Development","timestamp":"2026-03-16 19:47:23"}
{"level":"info","message":"📚 API Documentation: http://localhost:3000/api","timestamp":"2026-03-16 19:47:23"}
{"level":"info","message":"❤️  Health Check: http://localhost:3000/api/health","timestamp":"2026-03-16 19:47:23"}
{"level":"info","message":"✅ Database connected successfully","timestamp":"2026-03-16 19:47:26"}
{"level":"info","message":"🚀 Decentrashare API Server running on port 3000","timestamp":"2026-03-16 19:47:26"}
{"level":"info","message":"🌍 Environment: Development","timestamp":"2026-03-16 19:47:26"}
{"level":"info","message":"📚 API Documentation: http://localhost:3000/api","timestamp":"2026-03-16 19:47:26"}
{"level":"info","message":"❤️  Health Check: http://localhost:3000/api/health","timestamp":"2026-03-16 19:47:26"}
{"ip":"::ffff:127.0.0.1","level":"info","message":"[1vefafkz7] PATCH /api/folders/41f8b6cd-f2c6-4bdd-bb00-837c66eae429/privacy","method":"PATCH","requestId":"1vefafkz7","timestamp":"2026-03-16 19:47:30","url":"/api/folders/41f8b6cd-f2c6-4bdd-bb00-837c66eae429/privacy","userAgent":"insomnia/12.3.1"}
{"duration":26,"level":"info","message":"[1vefafkz7] 200 26ms","requestId":"1vefafkz7","statusCode":200,"timestamp":"2026-03-16 19:47:30"}
{"ip":"::1","level":"info","message":"[eifaf8yhl] GET /api/folders/open/35f738950abf5728e8d8932171f02303","method":"GET","requestId":"eifaf8yhl","timestamp":"2026-03-16 19:48:14","url":"/api/folders/open/35f738950abf5728e8d8932171f02303","userAgent":"Mozilla/5.0 (X11; Linux x86_64) AppleWebKit/537.36 (KHTML, like Gecko) Chrome/145.0.0.0 Safari/537.36"}
{"duration":48,"level":"info","message":"[eifaf8yhl] 200 48ms","requestId":"eifaf8yhl","statusCode":200,"timestamp":"2026-03-16 19:48:14"}
{"ip":"::ffff:127.0.0.1","level":"info","message":"[g64yu9vti] GET /api/folders/open/35f738950abf5728e8d8932171f02303","method":"GET","requestId":"g64yu9vti","timestamp":"2026-03-16 19:48:29","url":"/api/folders/open/35f738950abf5728e8d8932171f02303","userAgent":"insomnia/12.3.1"}
{"duration":12,"level":"info","message":"[g64yu9vti] 200 12ms","requestId":"g64yu9vti","statusCode":200,"timestamp":"2026-03-16 19:48:29"}
{"ip":"::ffff:127.0.0.1","level":"info","message":"[4tvs0wlab] GET /api/folders/open/35f738950abf5728e88932171f02303","method":"GET","requestId":"4tvs0wlab","timestamp":"2026-03-16 19:49:00","url":"/api/folders/open/35f738950abf5728e88932171f02303","userAgent":"insomnia/12.3.1"}
{"duration":6,"level":"info","message":"[4tvs0wlab] 404 6ms","requestId":"4tvs0wlab","statusCode":404,"timestamp":"2026-03-16 19:49:00"}
{"ip":"::ffff:127.0.0.1","level":"info","message":"[4h1n8p5fp] GET /api/folders/open/35f738950abf5728e8d8932171f02303","method":"GET","requestId":"4h1n8p5fp","timestamp":"2026-03-16 19:49:10","url":"/api/folders/open/35f738950abf5728e8d8932171f02303","userAgent":"insomnia/12.3.1"}
{"duration":5,"level":"info","message":"[4h1n8p5fp] 200 5ms","requestId":"4h1n8p5fp","statusCode":200,"timestamp":"2026-03-16 19:49:10"}
{"ip":"::ffff:127.0.0.1","level":"info","message":"[7jmo7f2b9] GET /api/folders/me","method":"GET","requestId":"7jmo7f2b9","timestamp":"2026-03-16 19:49:20","url":"/api/folders/me","userAgent":"insomnia/12.3.1"}
{"duration":6,"level":"info","message":"[7jmo7f2b9] 200 6ms","requestId":"7jmo7f2b9","statusCode":200,"timestamp":"2026-03-16 19:49:20"}
{"ip":"::ffff:127.0.0.1","level":"info","message":"[0tmwcja7p] GET /api/folders/6d09eda1-3beb-4e86-96ac-9b6701e39efb","method":"GET","requestId":"0tmwcja7p","timestamp":"2026-03-16 19:49:49","url":"/api/folders/6d09eda1-3beb-4e86-96ac-9b6701e39efb","userAgent":"insomnia/12.3.1"}
{"duration":2,"level":"info","message":"[0tmwcja7p] 404 2ms","requestId":"0tmwcja7p","statusCode":404,"timestamp":"2026-03-16 19:49:49"}
{"ip":"::ffff:127.0.0.1","level":"info","message":"[3gvgccz5w] GET /api/folders/6d09eda1-3beb-4e86-96ac-9b6701e39efb","method":"GET","requestId":"3gvgccz5w","timestamp":"2026-03-16 19:50:21","url":"/api/folders/6d09eda1-3beb-4e86-96ac-9b6701e39efb","userAgent":"insomnia/12.3.1"}
{"duration":2,"level":"info","message":"[3gvgccz5w] 404 2ms","requestId":"3gvgccz5w","statusCode":404,"timestamp":"2026-03-16 19:50:21"}
{"ip":"::ffff:127.0.0.1","level":"info","message":"[zkxsead7g] GET /api/folders/41f8b6cd-f2c6-4bdd-bb00-837c66eae429%22,","method":"GET","requestId":"zkxsead7g","timestamp":"2026-03-16 19:50:40","url":"/api/folders/41f8b6cd-f2c6-4bdd-bb00-837c66eae429%22,","userAgent":"insomnia/12.3.1"}
{"duration":3,"level":"info","message":"[zkxsead7g] 404 3ms","requestId":"zkxsead7g","statusCode":404,"timestamp":"2026-03-16 19:50:40"}
{"ip":"::ffff:127.0.0.1","level":"info","message":"[y6ahsl72j] POST /api/folders/me","method":"POST","requestId":"y6ahsl72j","timestamp":"2026-03-16 19:50:53","url":"/api/folders/me","userAgent":"insomnia/12.3.1"}
{"level":"error","message":"[AUTH_MIDDLEWARE] Access denied: jwt expired - IP: ::ffff:127.0.0.1","timestamp":"2026-03-16 19:50:53"}
{"duration":2,"level":"info","message":"[y6ahsl72j] 401 2ms","requestId":"y6ahsl72j","statusCode":401,"timestamp":"2026-03-16 19:50:53"}
{"ip":"::ffff:127.0.0.1","level":"info","message":"[17bahhjes] POST /api/folders/me","method":"POST","requestId":"17bahhjes","timestamp":"2026-03-16 19:51:18","url":"/api/folders/me","userAgent":"insomnia/12.3.1"}
{"duration":12,"level":"info","message":"[17bahhjes] 201 12ms","requestId":"17bahhjes","statusCode":201,"timestamp":"2026-03-16 19:51:18"}
{"ip":"::ffff:127.0.0.1","level":"info","message":"[2mrvmf4u6] PATCH /api/folders/3048a439-e211-4f73-8b32-801c655afb36/privacy","method":"PATCH","requestId":"2mrvmf4u6","timestamp":"2026-03-16 19:52:30","url":"/api/folders/3048a439-e211-4f73-8b32-801c655afb36/privacy","userAgent":"insomnia/12.3.1"}
{"duration":43,"level":"info","message":"[2mrvmf4u6] 200 43ms","requestId":"2mrvmf4u6","statusCode":200,"timestamp":"2026-03-16 19:52:30"}
{"ip":"::ffff:127.0.0.1","level":"info","message":"[68rvo5ruf] GET /api/folders/41f8b6cd-f2c6-4bdd-bb00-837c66eae429%22","method":"GET","requestId":"68rvo5ruf","timestamp":"2026-03-16 19:53:01","url":"/api/folders/41f8b6cd-f2c6-4bdd-bb00-837c66eae429%22","userAgent":"insomnia/12.3.1"}
{"duration":2,"level":"info","message":"[68rvo5ruf] 404 2ms","requestId":"68rvo5ruf","statusCode":404,"timestamp":"2026-03-16 19:53:01"}
{"ip":"::ffff:127.0.0.1","level":"info","message":"[o2au68g8y] GET /api/folders/41f8b6cd-f2c6-4bdd-bb00-837c66eae429","method":"GET","requestId":"o2au68g8y","timestamp":"2026-03-16 19:53:08","url":"/api/folders/41f8b6cd-f2c6-4bdd-bb00-837c66eae429","userAgent":"insomnia/12.3.1"}
{"duration":3,"level":"info","message":"[o2au68g8y] 404 3ms","requestId":"o2au68g8y","statusCode":404,"timestamp":"2026-03-16 19:53:08"}
{"ip":"::ffff:127.0.0.1","level":"info","message":"[6vko2ldnl] GET /api/folders/3048a439-e211-4f73-8b32-801c655afb36","method":"GET","requestId":"6vko2ldnl","timestamp":"2026-03-16 19:53:16","url":"/api/folders/3048a439-e211-4f73-8b32-801c655afb36","userAgent":"insomnia/12.3.1"}
{"duration":2,"level":"info","message":"[6vko2ldnl] 404 2ms","requestId":"6vko2ldnl","statusCode":404,"timestamp":"2026-03-16 19:53:16"}
{"ip":"::ffff:127.0.0.1","level":"info","message":"[0dptycmrz] POST /api/folders/3048a439-e211-4f73-8b32-801c655afb36/shared","method":"POST","requestId":"0dptycmrz","timestamp":"2026-03-16 19:53:37","url":"/api/folders/3048a439-e211-4f73-8b32-801c655afb36/shared","userAgent":"insomnia/12.3.1"}
{"duration":64,"level":"info","message":"[0dptycmrz] 201 64ms","requestId":"0dptycmrz","statusCode":201,"timestamp":"2026-03-16 19:53:37"}
{"ip":"::ffff:127.0.0.1","level":"info","message":"[w16sx2px1] GET /api/folders/3048a439-e211-4f73-8b32-801c655afb36","method":"GET","requestId":"w16sx2px1","timestamp":"2026-03-16 19:53:42","url":"/api/folders/3048a439-e211-4f73-8b32-801c655afb36","userAgent":"insomnia/12.3.1"}
{"duration":2,"level":"info","message":"[w16sx2px1] 404 2ms","requestId":"w16sx2px1","statusCode":404,"timestamp":"2026-03-16 19:53:42"}
{"ip":"::ffff:127.0.0.1","level":"info","message":"[d7h38oofk] GET /api/folders/3048a439-e211-4f73-8b32-801c655afb36/shared","method":"GET","requestId":"d7h38oofk","timestamp":"2026-03-16 19:53:57","url":"/api/folders/3048a439-e211-4f73-8b32-801c655afb36/shared","userAgent":"insomnia/12.3.1"}
{"duration":12,"level":"info","message":"[d7h38oofk] 200 12ms","requestId":"d7h38oofk","statusCode":200,"timestamp":"2026-03-16 19:53:57"}
{"ip":"::ffff:127.0.0.1","level":"info","message":"[wazctvt75] GET /api/folders/me","method":"GET","requestId":"wazctvt75","timestamp":"2026-03-16 19:54:05","url":"/api/folders/me","userAgent":"insomnia/12.3.1"}
{"duration":4,"level":"info","message":"[wazctvt75] 200 4ms","requestId":"wazctvt75","statusCode":200,"timestamp":"2026-03-16 19:54:05"}
{"ip":"::ffff:127.0.0.1","level":"info","message":"[5l3186rzg] GET /api/folders/41f8b6cd-f2c6-4bdd-bb00-837c66eae429/shared","method":"GET","requestId":"5l3186rzg","timestamp":"2026-03-16 19:54:37","url":"/api/folders/41f8b6cd-f2c6-4bdd-bb00-837c66eae429/shared","userAgent":"insomnia/12.3.1"}
{"duration":5,"level":"info","message":"[5l3186rzg] 200 5ms","requestId":"5l3186rzg","statusCode":200,"timestamp":"2026-03-16 19:54:37"}
{"ip":"::ffff:127.0.0.1","level":"info","message":"[fporf0tt3] GET /api/folders/41f8b6cd-f2c6-4bdd-bb00-837c66eae429/shared","method":"GET","requestId":"fporf0tt3","timestamp":"2026-03-16 19:54:39","url":"/api/folders/41f8b6cd-f2c6-4bdd-bb00-837c66eae429/shared","userAgent":"insomnia/12.3.1"}
{"duration":7,"level":"info","message":"[fporf0tt3] 200 7ms","requestId":"fporf0tt3","statusCode":200,"timestamp":"2026-03-16 19:54:39"}
{"level":"info","message":"✅ Database connected successfully","timestamp":"2026-03-16 19:58:25"}
{"level":"info","message":"🚀 Decentrashare API Server running on port 3000","timestamp":"2026-03-16 19:58:25"}
{"level":"info","message":"🌍 Environment: Development","timestamp":"2026-03-16 19:58:25"}
{"level":"info","message":"📚 API Documentation: http://localhost:3000/api","timestamp":"2026-03-16 19:58:25"}
{"level":"info","message":"❤️  Health Check: http://localhost:3000/api/health","timestamp":"2026-03-16 19:58:25"}
{"level":"info","message":"✅ Database connected successfully","timestamp":"2026-03-16 19:58:51"}
{"level":"info","message":"🚀 Decentrashare API Server running on port 3000","timestamp":"2026-03-16 19:58:51"}
{"level":"info","message":"🌍 Environment: Development","timestamp":"2026-03-16 19:58:51"}
{"level":"info","message":"📚 API Documentation: http://localhost:3000/api","timestamp":"2026-03-16 19:58:51"}
{"level":"info","message":"❤️  Health Check: http://localhost:3000/api/health","timestamp":"2026-03-16 19:58:51"}
{"ip":"::ffff:127.0.0.1","level":"info","message":"[w2bfv9skh] GET /api/folders/41f8b6cd-f2c6-4bdd-bb00-837c66eae429/shared","method":"GET","requestId":"w2bfv9skh","timestamp":"2026-03-16 19:59:14","url":"/api/folders/41f8b6cd-f2c6-4bdd-bb00-837c66eae429/shared","userAgent":"insomnia/12.3.1"}
{"duration":18,"level":"info","message":"[w2bfv9skh] 200 18ms","requestId":"w2bfv9skh","statusCode":200,"timestamp":"2026-03-16 19:59:14"}
{"ip":"::ffff:127.0.0.1","level":"info","message":"[rm5b3hd4z] GET /api/folders/6d09eda1-3beb-4e86-96ac-9b6701e39efb/shared","method":"GET","requestId":"rm5b3hd4z","timestamp":"2026-03-16 19:59:37","url":"/api/folders/6d09eda1-3beb-4e86-96ac-9b6701e39efb/shared","userAgent":"insomnia/12.3.1"}
{"duration":13,"level":"info","message":"[rm5b3hd4z] 200 13ms","requestId":"rm5b3hd4z","statusCode":200,"timestamp":"2026-03-16 19:59:37"}
{"ip":"::ffff:127.0.0.1","level":"info","message":"[969eejxt2] POST /api/folders/6d09eda1-3beb-4e86-96ac-9b6701e39efb/shared","method":"POST","requestId":"969eejxt2","timestamp":"2026-03-16 19:59:48","url":"/api/folders/6d09eda1-3beb-4e86-96ac-9b6701e39efb/shared","userAgent":"insomnia/12.3.1"}
{"duration":10,"level":"info","message":"[969eejxt2] 400 10ms","requestId":"969eejxt2","statusCode":400,"timestamp":"2026-03-16 19:59:48"}
{"ip":"::ffff:127.0.0.1","level":"info","message":"[uuln0lkbl] PATCH /api/folders/6d09eda1-3beb-4e86-96ac-9b6701e39efb/shared","method":"PATCH","requestId":"uuln0lkbl","timestamp":"2026-03-16 20:00:03","url":"/api/folders/6d09eda1-3beb-4e86-96ac-9b6701e39efb/shared","userAgent":"insomnia/12.3.1"}
{"duration":8,"level":"info","message":"[uuln0lkbl] 400 8ms","requestId":"uuln0lkbl","statusCode":400,"timestamp":"2026-03-16 20:00:03"}
{"ip":"::ffff:127.0.0.1","level":"info","message":"[uqrn46cmx] GET /api/folders/shared-with-me","method":"GET","requestId":"uqrn46cmx","timestamp":"2026-03-16 20:01:30","url":"/api/folders/shared-with-me","userAgent":"insomnia/12.3.1"}
{"duration":7,"level":"info","message":"[uqrn46cmx] 200 7ms","requestId":"uqrn46cmx","statusCode":200,"timestamp":"2026-03-16 20:01:30"}
{"level":"info","message":"✅ Database connected successfully","timestamp":"2026-03-16 20:05:00"}
{"level":"info","message":"🚀 Decentrashare API Server running on port 3000","timestamp":"2026-03-16 20:05:00"}
{"level":"info","message":"🌍 Environment: Development","timestamp":"2026-03-16 20:05:00"}
{"level":"info","message":"📚 API Documentation: http://localhost:3000/api","timestamp":"2026-03-16 20:05:00"}
{"level":"info","message":"❤️  Health Check: http://localhost:3000/api/health","timestamp":"2026-03-16 20:05:00"}
{"level":"info","message":"✅ Database connected successfully","timestamp":"2026-03-16 20:05:01"}
{"level":"info","message":"🚀 Decentrashare API Server running on port 3000","timestamp":"2026-03-16 20:05:01"}
{"level":"info","message":"🌍 Environment: Development","timestamp":"2026-03-16 20:05:01"}
{"level":"info","message":"📚 API Documentation: http://localhost:3000/api","timestamp":"2026-03-16 20:05:01"}
{"level":"info","message":"❤️  Health Check: http://localhost:3000/api/health","timestamp":"2026-03-16 20:05:01"}
{"level":"info","message":"✅ Database connected successfully","timestamp":"2026-03-16 20:05:10"}
{"level":"info","message":"🚀 Decentrashare API Server running on port 3000","timestamp":"2026-03-16 20:05:10"}
{"level":"info","message":"🌍 Environment: Development","timestamp":"2026-03-16 20:05:10"}
{"level":"info","message":"📚 API Documentation: http://localhost:3000/api","timestamp":"2026-03-16 20:05:10"}
{"level":"info","message":"❤️  Health Check: http://localhost:3000/api/health","timestamp":"2026-03-16 20:05:10"}
{"level":"info","message":"✅ Database connected successfully","timestamp":"2026-03-16 20:05:14"}
{"level":"info","message":"🚀 Decentrashare API Server running on port 3000","timestamp":"2026-03-16 20:05:14"}
{"level":"info","message":"🌍 Environment: Development","timestamp":"2026-03-16 20:05:14"}
{"level":"info","message":"📚 API Documentation: http://localhost:3000/api","timestamp":"2026-03-16 20:05:14"}
{"level":"info","message":"❤️  Health Check: http://localhost:3000/api/health","timestamp":"2026-03-16 20:05:14"}
{"level":"info","message":"✅ Database connected successfully","timestamp":"2026-03-16 20:05:15"}
{"level":"info","message":"🚀 Decentrashare API Server running on port 3000","timestamp":"2026-03-16 20:05:16"}
{"level":"info","message":"🌍 Environment: Development","timestamp":"2026-03-16 20:05:16"}
{"level":"info","message":"📚 API Documentation: http://localhost:3000/api","timestamp":"2026-03-16 20:05:16"}
{"level":"info","message":"❤️  Health Check: http://localhost:3000/api/health","timestamp":"2026-03-16 20:05:16"}
{"level":"info","message":"✅ Database connected successfully","timestamp":"2026-03-16 20:05:17"}
{"level":"info","message":"🚀 Decentrashare API Server running on port 3000","timestamp":"2026-03-16 20:05:17"}
{"level":"info","message":"🌍 Environment: Development","timestamp":"2026-03-16 20:05:17"}
{"level":"info","message":"📚 API Documentation: http://localhost:3000/api","timestamp":"2026-03-16 20:05:17"}
{"level":"info","message":"❤️  Health Check: http://localhost:3000/api/health","timestamp":"2026-03-16 20:05:17"}
{"level":"info","message":"✅ Database connected successfully","timestamp":"2026-03-16 20:05:31"}
{"level":"info","message":"🚀 Decentrashare API Server running on port 3000","timestamp":"2026-03-16 20:05:31"}
{"level":"info","message":"🌍 Environment: Development","timestamp":"2026-03-16 20:05:31"}
{"level":"info","message":"📚 API Documentation: http://localhost:3000/api","timestamp":"2026-03-16 20:05:31"}
{"level":"info","message":"❤️  Health Check: http://localhost:3000/api/health","timestamp":"2026-03-16 20:05:31"}
{"level":"info","message":"✅ Database connected successfully","timestamp":"2026-03-16 20:05:36"}
{"level":"info","message":"🚀 Decentrashare API Server running on port 3000","timestamp":"2026-03-16 20:05:36"}
{"level":"info","message":"🌍 Environment: Development","timestamp":"2026-03-16 20:05:36"}
{"level":"info","message":"📚 API Documentation: http://localhost:3000/api","timestamp":"2026-03-16 20:05:36"}
{"level":"info","message":"❤️  Health Check: http://localhost:3000/api/health","timestamp":"2026-03-16 20:05:36"}
{"level":"info","message":"✅ Database connected successfully","timestamp":"2026-03-16 20:06:17"}
{"level":"info","message":"🚀 Decentrashare API Server running on port 3000","timestamp":"2026-03-16 20:06:17"}
{"level":"info","message":"🌍 Environment: Development","timestamp":"2026-03-16 20:06:17"}
{"level":"info","message":"📚 API Documentation: http://localhost:3000/api","timestamp":"2026-03-16 20:06:17"}
{"level":"info","message":"❤️  Health Check: http://localhost:3000/api/health","timestamp":"2026-03-16 20:06:17"}
{"level":"info","message":"✅ Database connected successfully","timestamp":"2026-03-16 20:11:25"}
{"level":"info","message":"🚀 Decentrashare API Server running on port 3000","timestamp":"2026-03-16 20:11:25"}
{"level":"info","message":"🌍 Environment: Development","timestamp":"2026-03-16 20:11:25"}
{"level":"info","message":"📚 API Documentation: http://localhost:3000/api","timestamp":"2026-03-16 20:11:25"}
{"level":"info","message":"❤️  Health Check: http://localhost:3000/api/health","timestamp":"2026-03-16 20:11:25"}
{"level":"info","message":"✅ Database connected successfully","timestamp":"2026-03-16 20:11:26"}
{"level":"info","message":"🚀 Decentrashare API Server running on port 3000","timestamp":"2026-03-16 20:11:26"}
{"level":"info","message":"🌍 Environment: Development","timestamp":"2026-03-16 20:11:26"}
{"level":"info","message":"📚 API Documentation: http://localhost:3000/api","timestamp":"2026-03-16 20:11:26"}
{"level":"info","message":"❤️  Health Check: http://localhost:3000/api/health","timestamp":"2026-03-16 20:11:26"}
{"level":"info","message":"✅ Database connected successfully","timestamp":"2026-03-16 20:13:36"}
{"level":"info","message":"🚀 Decentrashare API Server running on port 3000","timestamp":"2026-03-16 20:13:36"}
{"level":"info","message":"🌍 Environment: Development","timestamp":"2026-03-16 20:13:36"}
{"level":"info","message":"📚 API Documentation: http://localhost:3000/api","timestamp":"2026-03-16 20:13:36"}
{"level":"info","message":"❤️  Health Check: http://localhost:3000/api/health","timestamp":"2026-03-16 20:13:36"}
{"level":"info","message":"✅ Database connected successfully","timestamp":"2026-03-16 20:13:55"}
{"level":"info","message":"🚀 Decentrashare API Server running on port 3000","timestamp":"2026-03-16 20:13:55"}
{"level":"info","message":"🌍 Environment: Development","timestamp":"2026-03-16 20:13:55"}
{"level":"info","message":"📚 API Documentation: http://localhost:3000/api","timestamp":"2026-03-16 20:13:55"}
{"level":"info","message":"❤️  Health Check: http://localhost:3000/api/health","timestamp":"2026-03-16 20:13:55"}
{"level":"info","message":"✅ Database connected successfully","timestamp":"2026-03-16 20:14:15"}
{"level":"info","message":"🚀 Decentrashare API Server running on port 3000","timestamp":"2026-03-16 20:14:15"}
{"level":"info","message":"🌍 Environment: Development","timestamp":"2026-03-16 20:14:15"}
{"level":"info","message":"📚 API Documentation: http://localhost:3000/api","timestamp":"2026-03-16 20:14:15"}
{"level":"info","message":"❤️  Health Check: http://localhost:3000/api/health","timestamp":"2026-03-16 20:14:15"}
{"level":"info","message":"✅ Database connected successfully","timestamp":"2026-03-16 20:17:05"}
{"level":"info","message":"🚀 Decentrashare API Server running on port 3000","timestamp":"2026-03-16 20:17:05"}
{"level":"info","message":"🌍 Environment: Development","timestamp":"2026-03-16 20:17:05"}
{"level":"info","message":"📚 API Documentation: http://localhost:3000/api","timestamp":"2026-03-16 20:17:05"}
{"level":"info","message":"❤️  Health Check: http://localhost:3000/api/health","timestamp":"2026-03-16 20:17:05"}
{"ip":"::ffff:127.0.0.1","level":"info","message":"[0b6hovcw9] GET /api/folders/me","method":"GET","requestId":"0b6hovcw9","timestamp":"2026-03-16 20:17:07","url":"/api/folders/me","userAgent":"insomnia/12.3.1"}
{"duration":30,"level":"info","message":"[0b6hovcw9] 200 30ms","requestId":"0b6hovcw9","statusCode":200,"timestamp":"2026-03-16 20:17:07"}
{"ip":"::ffff:127.0.0.1","level":"info","message":"[pwjt4f5ki] PATCH /api/folders/3048a439-e211-4f73-8b32-801c655afb36","method":"PATCH","requestId":"pwjt4f5ki","timestamp":"2026-03-16 20:18:56","url":"/api/folders/3048a439-e211-4f73-8b32-801c655afb36","userAgent":"insomnia/12.3.1"}
{"duration":27,"level":"info","message":"[pwjt4f5ki] 200 27ms","requestId":"pwjt4f5ki","statusCode":200,"timestamp":"2026-03-16 20:18:56"}
{"ip":"::ffff:127.0.0.1","level":"info","message":"[g3kc7egi6] GET /api/folders/me","method":"GET","requestId":"g3kc7egi6","timestamp":"2026-03-16 20:19:03","url":"/api/folders/me","userAgent":"insomnia/12.3.1"}
{"duration":5,"level":"info","message":"[g3kc7egi6] 200 5ms","requestId":"g3kc7egi6","statusCode":200,"timestamp":"2026-03-16 20:19:03"}
{"ip":"::ffff:127.0.0.1","level":"info","message":"[nx7mxwnts] GET /api/folders/3048a439-e211-4f73-8b32-801c655afb36","method":"GET","requestId":"nx7mxwnts","timestamp":"2026-03-16 20:19:32","url":"/api/folders/3048a439-e211-4f73-8b32-801c655afb36","userAgent":"insomnia/12.3.1"}
{"duration":13,"level":"info","message":"[nx7mxwnts] 200 13ms","requestId":"nx7mxwnts","statusCode":200,"timestamp":"2026-03-16 20:19:32"}
{"level":"info","message":"✅ Database connected successfully","timestamp":"2026-03-16 20:25:55"}
{"level":"info","message":"🚀 Decentrashare API Server running on port 3000","timestamp":"2026-03-16 20:25:55"}
{"level":"info","message":"🌍 Environment: Development","timestamp":"2026-03-16 20:25:55"}
{"level":"info","message":"📚 API Documentation: http://localhost:3000/api","timestamp":"2026-03-16 20:25:55"}
{"level":"info","message":"❤️  Health Check: http://localhost:3000/api/health","timestamp":"2026-03-16 20:25:55"}
{"level":"info","message":"✅ Database connected successfully","timestamp":"2026-03-16 20:26:20"}
{"level":"info","message":"🚀 Decentrashare API Server running on port 3000","timestamp":"2026-03-16 20:26:20"}
{"level":"info","message":"🌍 Environment: Development","timestamp":"2026-03-16 20:26:20"}
{"level":"info","message":"📚 API Documentation: http://localhost:3000/api","timestamp":"2026-03-16 20:26:20"}
{"level":"info","message":"❤️  Health Check: http://localhost:3000/api/health","timestamp":"2026-03-16 20:26:20"}
{"level":"info","message":"✅ Database connected successfully","timestamp":"2026-03-16 20:29:32"}
{"level":"info","message":"🚀 Decentrashare API Server running on port 3000","timestamp":"2026-03-16 20:29:32"}
{"level":"info","message":"🌍 Environment: Development","timestamp":"2026-03-16 20:29:32"}
{"level":"info","message":"📚 API Documentation: http://localhost:3000/api","timestamp":"2026-03-16 20:29:32"}
{"level":"info","message":"❤️  Health Check: http://localhost:3000/api/health","timestamp":"2026-03-16 20:29:32"}
{"ip":"::ffff:127.0.0.1","level":"info","message":"[ofhxvr3nj] GET /api/folders/3048a439-e211-4f73-8b32-801c655afb36","method":"GET","requestId":"ofhxvr3nj","timestamp":"2026-03-16 20:29:33","url":"/api/folders/3048a439-e211-4f73-8b32-801c655afb36","userAgent":"insomnia/12.3.1"}
{"duration":25,"level":"info","message":"[ofhxvr3nj] 200 25ms","requestId":"ofhxvr3nj","statusCode":200,"timestamp":"2026-03-16 20:29:33"}
{"ip":"::ffff:127.0.0.1","level":"info","message":"[b6s7uvxl7] GET /api/folders/me","method":"GET","requestId":"b6s7uvxl7","timestamp":"2026-03-16 20:29:44","url":"/api/folders/me","userAgent":"insomnia/12.3.1"}
{"duration":4,"level":"info","message":"[b6s7uvxl7] 200 4ms","requestId":"b6s7uvxl7","statusCode":200,"timestamp":"2026-03-16 20:29:44"}
{"ip":"::ffff:127.0.0.1","level":"info","message":"[5htpbz7k1] GET /api/folders/3048a439-e211-4f73-8b32-801c655afb36","method":"GET","requestId":"5htpbz7k1","timestamp":"2026-03-16 20:30:06","url":"/api/folders/3048a439-e211-4f73-8b32-801c655afb36","userAgent":"insomnia/12.3.1"}
{"duration":7,"level":"info","message":"[5htpbz7k1] 200 7ms","requestId":"5htpbz7k1","statusCode":200,"timestamp":"2026-03-16 20:30:06"}
{"ip":"::ffff:127.0.0.1","level":"info","message":"[c0u7ikdvn] GET /api/folders/41f8b6cd-f2c6-4bdd-bb00-837c66eae429","method":"GET","requestId":"c0u7ikdvn","timestamp":"2026-03-16 20:30:11","url":"/api/folders/41f8b6cd-f2c6-4bdd-bb00-837c66eae429","userAgent":"insomnia/12.3.1"}
{"duration":7,"level":"info","message":"[c0u7ikdvn] 200 7ms","requestId":"c0u7ikdvn","statusCode":200,"timestamp":"2026-03-16 20:30:11"}
{"ip":"::ffff:127.0.0.1","level":"info","message":"[u3nqlwflw] PATCH /api/folders/3048a439-e211-4f73-8b32-801c655afb36","method":"PATCH","requestId":"u3nqlwflw","timestamp":"2026-03-16 20:30:26","url":"/api/folders/3048a439-e211-4f73-8b32-801c655afb36","userAgent":"insomnia/12.3.1"}
{"duration":22,"level":"info","message":"[u3nqlwflw] 200 22ms","requestId":"u3nqlwflw","statusCode":200,"timestamp":"2026-03-16 20:30:26"}
{"ip":"::ffff:127.0.0.1","level":"info","message":"[dqoauywvb] GET /api/folders/me","method":"GET","requestId":"dqoauywvb","timestamp":"2026-03-16 20:30:41","url":"/api/folders/me","userAgent":"insomnia/12.3.1"}
{"duration":12,"level":"info","message":"[dqoauywvb] 200 12ms","requestId":"dqoauywvb","statusCode":200,"timestamp":"2026-03-16 20:30:41"}
{"ip":"::ffff:127.0.0.1","level":"info","message":"[mxoc8dzns] PATCH /api/folders/41f8b6cd-f2c6-4bdd-bb00-837c66eae429","method":"PATCH","requestId":"mxoc8dzns","timestamp":"2026-03-16 20:31:06","url":"/api/folders/41f8b6cd-f2c6-4bdd-bb00-837c66eae429","userAgent":"insomnia/12.3.1"}
{"duration":16,"level":"info","message":"[mxoc8dzns] 200 16ms","requestId":"mxoc8dzns","statusCode":200,"timestamp":"2026-03-16 20:31:06"}
{"ip":"::ffff:127.0.0.1","level":"info","message":"[5c5kg2f09] GET /api/folders/me","method":"GET","requestId":"5c5kg2f09","timestamp":"2026-03-16 20:31:10","url":"/api/folders/me","userAgent":"insomnia/12.3.1"}
{"duration":4,"level":"info","message":"[5c5kg2f09] 200 4ms","requestId":"5c5kg2f09","statusCode":200,"timestamp":"2026-03-16 20:31:10"}
{"ip":"::ffff:127.0.0.1","level":"info","message":"[zffa6rz80] PATCH /api/folders/move","method":"PATCH","requestId":"zffa6rz80","timestamp":"2026-03-16 20:31:43","url":"/api/folders/move","userAgent":"insomnia/12.3.1"}
{"level":"error","message":"[AUTH_MIDDLEWARE] Access denied: jwt expired - IP: ::ffff:127.0.0.1","timestamp":"2026-03-16 20:31:43"}
{"duration":4,"level":"info","message":"[zffa6rz80] 401 4ms","requestId":"zffa6rz80","statusCode":401,"timestamp":"2026-03-16 20:31:43"}
{"ip":"::ffff:127.0.0.1","level":"info","message":"[5lncp7u5o] PATCH /api/folders/move","method":"PATCH","requestId":"5lncp7u5o","timestamp":"2026-03-16 20:32:05","url":"/api/folders/move","userAgent":"insomnia/12.3.1"}
{"duration":4,"level":"info","message":"[5lncp7u5o] 400 4ms","requestId":"5lncp7u5o","statusCode":400,"timestamp":"2026-03-16 20:32:05"}
{"ip":"::ffff:127.0.0.1","level":"info","message":"[uzkvshqsd] GET /api/folders/41f8b6cd-f2c6-4bdd-bb00-837c66eae429","method":"GET","requestId":"uzkvshqsd","timestamp":"2026-03-16 20:32:38","url":"/api/folders/41f8b6cd-f2c6-4bdd-bb00-837c66eae429","userAgent":"insomnia/12.3.1"}
{"duration":7,"level":"info","message":"[uzkvshqsd] 200 7ms","requestId":"uzkvshqsd","statusCode":200,"timestamp":"2026-03-16 20:32:38"}
{"ip":"::ffff:127.0.0.1","level":"info","message":"[hio8rjpsz] PATCH /api/folders/move","method":"PATCH","requestId":"hio8rjpsz","timestamp":"2026-03-16 20:33:58","url":"/api/folders/move","userAgent":"insomnia/12.3.1"}
{"duration":6,"level":"info","message":"[hio8rjpsz] 400 6ms","requestId":"hio8rjpsz","statusCode":400,"timestamp":"2026-03-16 20:33:58"}
{"ip":"::ffff:127.0.0.1","level":"info","message":"[07t7kljmw] PATCH /api/folders/move","method":"PATCH","requestId":"07t7kljmw","timestamp":"2026-03-16 20:34:00","url":"/api/folders/move","userAgent":"insomnia/12.3.1"}
{"duration":5,"level":"info","message":"[07t7kljmw] 400 5ms","requestId":"07t7kljmw","statusCode":400,"timestamp":"2026-03-16 20:34:00"}
{"ip":"::ffff:127.0.0.1","level":"info","message":"[zfsktkk8f] PATCH /api/folders/move","method":"PATCH","requestId":"zfsktkk8f","timestamp":"2026-03-16 20:34:02","url":"/api/folders/move","userAgent":"insomnia/12.3.1"}
{"duration":7,"level":"info","message":"[zfsktkk8f] 400 7ms","requestId":"zfsktkk8f","statusCode":400,"timestamp":"2026-03-16 20:34:02"}
{"level":"info","message":"✅ Database connected successfully","timestamp":"2026-03-16 20:35:42"}
{"level":"info","message":"🚀 Decentrashare API Server running on port 3000","timestamp":"2026-03-16 20:35:42"}
{"level":"info","message":"🌍 Environment: Development","timestamp":"2026-03-16 20:35:42"}
{"level":"info","message":"📚 API Documentation: http://localhost:3000/api","timestamp":"2026-03-16 20:35:42"}
{"level":"info","message":"❤️  Health Check: http://localhost:3000/api/health","timestamp":"2026-03-16 20:35:42"}
{"level":"info","message":"✅ Database connected successfully","timestamp":"2026-03-16 20:35:53"}
{"level":"info","message":"🚀 Decentrashare API Server running on port 3000","timestamp":"2026-03-16 20:35:53"}
{"level":"info","message":"🌍 Environment: Development","timestamp":"2026-03-16 20:35:53"}
{"level":"info","message":"📚 API Documentation: http://localhost:3000/api","timestamp":"2026-03-16 20:35:53"}
{"level":"info","message":"❤️  Health Check: http://localhost:3000/api/health","timestamp":"2026-03-16 20:35:53"}
{"ip":"::ffff:127.0.0.1","level":"info","message":"[1psbax2ph] PATCH /api/folders/move","method":"PATCH","requestId":"1psbax2ph","timestamp":"2026-03-16 20:36:00","url":"/api/folders/move","userAgent":"insomnia/12.3.1"}
{"duration":77,"level":"info","message":"[1psbax2ph] 400 77ms","requestId":"1psbax2ph","statusCode":400,"timestamp":"2026-03-16 20:36:00"}
{"ip":"::ffff:127.0.0.1","level":"info","message":"[szb3648hs] PATCH /api/folders/move","method":"PATCH","requestId":"szb3648hs","timestamp":"2026-03-16 20:36:01","url":"/api/folders/move","userAgent":"insomnia/12.3.1"}
{"duration":5,"level":"info","message":"[szb3648hs] 400 5ms","requestId":"szb3648hs","statusCode":400,"timestamp":"2026-03-16 20:36:01"}
{"level":"info","message":"✅ Database connected successfully","timestamp":"2026-03-16 20:39:15"}
{"level":"info","message":"🚀 Decentrashare API Server running on port 3000","timestamp":"2026-03-16 20:39:15"}
{"level":"info","message":"🌍 Environment: Development","timestamp":"2026-03-16 20:39:15"}
{"level":"info","message":"📚 API Documentation: http://localhost:3000/api","timestamp":"2026-03-16 20:39:15"}
{"level":"info","message":"❤️  Health Check: http://localhost:3000/api/health","timestamp":"2026-03-16 20:39:15"}
{"level":"info","message":"✅ Database connected successfully","timestamp":"2026-03-16 20:39:16"}
{"level":"info","message":"🚀 Decentrashare API Server running on port 3000","timestamp":"2026-03-16 20:39:16"}
{"level":"info","message":"🌍 Environment: Development","timestamp":"2026-03-16 20:39:16"}
{"level":"info","message":"📚 API Documentation: http://localhost:3000/api","timestamp":"2026-03-16 20:39:16"}
{"level":"info","message":"❤️  Health Check: http://localhost:3000/api/health","timestamp":"2026-03-16 20:39:16"}
{"level":"info","message":"✅ Database connected successfully","timestamp":"2026-03-16 20:39:36"}
{"level":"info","message":"🚀 Decentrashare API Server running on port 3000","timestamp":"2026-03-16 20:39:36"}
{"level":"info","message":"🌍 Environment: Development","timestamp":"2026-03-16 20:39:36"}
{"level":"info","message":"📚 API Documentation: http://localhost:3000/api","timestamp":"2026-03-16 20:39:36"}
{"level":"info","message":"❤️  Health Check: http://localhost:3000/api/health","timestamp":"2026-03-16 20:39:36"}
{"ip":"::ffff:127.0.0.1","level":"info","message":"[dqqa1cgy0] PATCH /api/folders/move","method":"PATCH","requestId":"dqqa1cgy0","timestamp":"2026-03-16 20:39:41","url":"/api/folders/move","userAgent":"insomnia/12.3.1"}
{"duration":33,"level":"info","message":"[dqqa1cgy0] 400 33ms","requestId":"dqqa1cgy0","statusCode":400,"timestamp":"2026-03-16 20:39:41"}
{"level":"info","message":"✅ Database connected successfully","timestamp":"2026-03-16 20:40:55"}
{"level":"info","message":"🚀 Decentrashare API Server running on port 3000","timestamp":"2026-03-16 20:40:55"}
{"level":"info","message":"🌍 Environment: Development","timestamp":"2026-03-16 20:40:55"}
{"level":"info","message":"📚 API Documentation: http://localhost:3000/api","timestamp":"2026-03-16 20:40:55"}
{"level":"info","message":"❤️  Health Check: http://localhost:3000/api/health","timestamp":"2026-03-16 20:40:55"}
{"ip":"::ffff:127.0.0.1","level":"info","message":"[hbdts6w9g] PATCH /api/folders/move","method":"PATCH","requestId":"hbdts6w9g","timestamp":"2026-03-16 20:41:01","url":"/api/folders/move","userAgent":"insomnia/12.3.1"}
{"duration":49,"level":"info","message":"[hbdts6w9g] 400 49ms","requestId":"hbdts6w9g","statusCode":400,"timestamp":"2026-03-16 20:41:01"}
{"level":"info","message":"✅ Database connected successfully","timestamp":"2026-03-16 20:43:17"}
{"level":"info","message":"🚀 Decentrashare API Server running on port 3000","timestamp":"2026-03-16 20:43:17"}
{"level":"info","message":"🌍 Environment: Development","timestamp":"2026-03-16 20:43:17"}
{"level":"info","message":"📚 API Documentation: http://localhost:3000/api","timestamp":"2026-03-16 20:43:17"}
{"level":"info","message":"❤️  Health Check: http://localhost:3000/api/health","timestamp":"2026-03-16 20:43:17"}
{"level":"info","message":"✅ Database connected successfully","timestamp":"2026-03-16 20:43:18"}
{"level":"info","message":"🚀 Decentrashare API Server running on port 3000","timestamp":"2026-03-16 20:43:18"}
{"level":"info","message":"🌍 Environment: Development","timestamp":"2026-03-16 20:43:18"}
{"level":"info","message":"📚 API Documentation: http://localhost:3000/api","timestamp":"2026-03-16 20:43:18"}
{"level":"info","message":"❤️  Health Check: http://localhost:3000/api/health","timestamp":"2026-03-16 20:43:18"}
{"ip":"::ffff:127.0.0.1","level":"info","message":"[xsfl2qiac] PATCH /api/folders/move","method":"PATCH","requestId":"xsfl2qiac","timestamp":"2026-03-16 20:43:23","url":"/api/folders/move","userAgent":"insomnia/12.3.1"}
{"duration":43,"level":"info","message":"[xsfl2qiac] 400 43ms","requestId":"xsfl2qiac","statusCode":400,"timestamp":"2026-03-16 20:43:24"}
{"level":"info","message":"✅ Database connected successfully","timestamp":"2026-03-16 20:45:46"}
{"level":"info","message":"🚀 Decentrashare API Server running on port 3000","timestamp":"2026-03-16 20:45:46"}
{"level":"info","message":"🌍 Environment: Development","timestamp":"2026-03-16 20:45:46"}
{"level":"info","message":"📚 API Documentation: http://localhost:3000/api","timestamp":"2026-03-16 20:45:46"}
{"level":"info","message":"❤️  Health Check: http://localhost:3000/api/health","timestamp":"2026-03-16 20:45:46"}
{"ip":"::ffff:127.0.0.1","level":"info","message":"[wgw053k81] PATCH /api/folders/move","method":"PATCH","requestId":"wgw053k81","timestamp":"2026-03-16 20:45:49","url":"/api/folders/move","userAgent":"insomnia/12.3.1"}
{"duration":25,"level":"info","message":"[wgw053k81] 400 25ms","requestId":"wgw053k81","statusCode":400,"timestamp":"2026-03-16 20:45:49"}
{"level":"info","message":"✅ Database connected successfully","timestamp":"2026-03-16 20:46:22"}
{"level":"info","message":"🚀 Decentrashare API Server running on port 3000","timestamp":"2026-03-16 20:46:22"}
{"level":"info","message":"🌍 Environment: Development","timestamp":"2026-03-16 20:46:22"}
{"level":"info","message":"📚 API Documentation: http://localhost:3000/api","timestamp":"2026-03-16 20:46:22"}
{"level":"info","message":"❤️  Health Check: http://localhost:3000/api/health","timestamp":"2026-03-16 20:46:22"}
{"ip":"::ffff:127.0.0.1","level":"info","message":"[wpebl9kji] PATCH /api/folders/move","method":"PATCH","requestId":"wpebl9kji","timestamp":"2026-03-16 20:46:26","url":"/api/folders/move","userAgent":"insomnia/12.3.1"}
{"duration":18,"level":"info","message":"[wpebl9kji] 400 18ms","requestId":"wpebl9kji","statusCode":400,"timestamp":"2026-03-16 20:46:26"}
{"level":"info","message":"✅ Database connected successfully","timestamp":"2026-03-16 20:48:46"}
{"level":"info","message":"🚀 Decentrashare API Server running on port 3000","timestamp":"2026-03-16 20:48:46"}
{"level":"info","message":"🌍 Environment: Development","timestamp":"2026-03-16 20:48:46"}
{"level":"info","message":"📚 API Documentation: http://localhost:3000/api","timestamp":"2026-03-16 20:48:46"}
{"level":"info","message":"❤️  Health Check: http://localhost:3000/api/health","timestamp":"2026-03-16 20:48:46"}
{"level":"info","message":"✅ Database connected successfully","timestamp":"2026-03-16 20:48:50"}
{"level":"info","message":"🚀 Decentrashare API Server running on port 3000","timestamp":"2026-03-16 20:48:50"}
{"level":"info","message":"🌍 Environment: Development","timestamp":"2026-03-16 20:48:50"}
{"level":"info","message":"📚 API Documentation: http://localhost:3000/api","timestamp":"2026-03-16 20:48:50"}
{"level":"info","message":"❤️  Health Check: http://localhost:3000/api/health","timestamp":"2026-03-16 20:48:50"}
{"level":"info","message":"✅ Database connected successfully","timestamp":"2026-03-16 20:48:52"}
{"level":"info","message":"🚀 Decentrashare API Server running on port 3000","timestamp":"2026-03-16 20:48:52"}
{"level":"info","message":"🌍 Environment: Development","timestamp":"2026-03-16 20:48:52"}
{"level":"info","message":"📚 API Documentation: http://localhost:3000/api","timestamp":"2026-03-16 20:48:52"}
{"level":"info","message":"❤️  Health Check: http://localhost:3000/api/health","timestamp":"2026-03-16 20:48:52"}
{"ip":"::ffff:127.0.0.1","level":"info","message":"[m1ixrs8xd] PATCH /api/folders/move","method":"PATCH","requestId":"m1ixrs8xd","timestamp":"2026-03-16 20:48:54","url":"/api/folders/move","userAgent":"insomnia/12.3.1"}
{"duration":38,"level":"info","message":"[m1ixrs8xd] 200 38ms","requestId":"m1ixrs8xd","statusCode":200,"timestamp":"2026-03-16 20:48:54"}
{"ip":"::ffff:127.0.0.1","level":"info","message":"[6a6ga0ldc] GET /api/folders/41f8b6cd-f2c6-4bdd-bb00-837c66eae429","method":"GET","requestId":"6a6ga0ldc","timestamp":"2026-03-16 20:49:57","url":"/api/folders/41f8b6cd-f2c6-4bdd-bb00-837c66eae429","userAgent":"insomnia/12.3.1"}
{"duration":23,"level":"info","message":"[6a6ga0ldc] 200 23ms","requestId":"6a6ga0ldc","statusCode":200,"timestamp":"2026-03-16 20:49:57"}
{"ip":"::ffff:127.0.0.1","level":"info","message":"[ta0bnfcau] GET /api/folders/me","method":"GET","requestId":"ta0bnfcau","timestamp":"2026-03-16 20:51:51","url":"/api/folders/me","userAgent":"insomnia/12.3.1"}
{"duration":6,"level":"info","message":"[ta0bnfcau] 200 6ms","requestId":"ta0bnfcau","statusCode":200,"timestamp":"2026-03-16 20:51:51"}
{"ip":"::ffff:127.0.0.1","level":"info","message":"[xjym1n5sj] GET /api/folders/3048a439-e211-4f73-8b32-801c655afb36","method":"GET","requestId":"xjym1n5sj","timestamp":"2026-03-16 20:52:04","url":"/api/folders/3048a439-e211-4f73-8b32-801c655afb36","userAgent":"insomnia/12.3.1"}
{"duration":8,"level":"info","message":"[xjym1n5sj] 200 8ms","requestId":"xjym1n5sj","statusCode":200,"timestamp":"2026-03-16 20:52:04"}
{"ip":"::ffff:127.0.0.1","level":"info","message":"[97vnayxbi] DELETE /api/folders","method":"DELETE","requestId":"97vnayxbi","timestamp":"2026-03-16 20:52:13","url":"/api/folders","userAgent":"insomnia/12.3.1"}
{"duration":31,"level":"info","message":"[97vnayxbi] 200 31ms","requestId":"97vnayxbi","statusCode":200,"timestamp":"2026-03-16 20:52:13"}
{"level":"info","message":"✅ Database connected successfully","timestamp":"2026-03-16 20:57:06"}
{"level":"info","message":"🚀 Decentrashare API Server running on port 3000","timestamp":"2026-03-16 20:57:06"}
{"level":"info","message":"🌍 Environment: Development","timestamp":"2026-03-16 20:57:06"}
{"level":"info","message":"📚 API Documentation: http://localhost:3000/api","timestamp":"2026-03-16 20:57:06"}
{"level":"info","message":"❤️  Health Check: http://localhost:3000/api/health","timestamp":"2026-03-16 20:57:06"}
{"level":"info","message":"✅ Database connected successfully","timestamp":"2026-03-16 20:57:07"}
{"level":"info","message":"🚀 Decentrashare API Server running on port 3000","timestamp":"2026-03-16 20:57:07"}
{"level":"info","message":"🌍 Environment: Development","timestamp":"2026-03-16 20:57:07"}
{"level":"info","message":"📚 API Documentation: http://localhost:3000/api","timestamp":"2026-03-16 20:57:07"}
{"level":"info","message":"❤️  Health Check: http://localhost:3000/api/health","timestamp":"2026-03-16 20:57:07"}
{"level":"info","message":"✅ Database connected successfully","timestamp":"2026-03-16 20:57:23"}
{"level":"info","message":"🚀 Decentrashare API Server running on port 3000","timestamp":"2026-03-16 20:57:23"}
{"level":"info","message":"🌍 Environment: Development","timestamp":"2026-03-16 20:57:23"}
{"level":"info","message":"📚 API Documentation: http://localhost:3000/api","timestamp":"2026-03-16 20:57:23"}
{"level":"info","message":"❤️  Health Check: http://localhost:3000/api/health","timestamp":"2026-03-16 20:57:23"}
{"level":"info","message":"✅ Database connected successfully","timestamp":"2026-03-16 20:57:25"}
{"level":"info","message":"🚀 Decentrashare API Server running on port 3000","timestamp":"2026-03-16 20:57:25"}
{"level":"info","message":"🌍 Environment: Development","timestamp":"2026-03-16 20:57:25"}
{"level":"info","message":"📚 API Documentation: http://localhost:3000/api","timestamp":"2026-03-16 20:57:25"}
{"level":"info","message":"❤️  Health Check: http://localhost:3000/api/health","timestamp":"2026-03-16 20:57:25"}
{"level":"info","message":"✅ Database connected successfully","timestamp":"2026-03-16 21:00:02"}
{"level":"info","message":"🚀 Decentrashare API Server running on port 3000","timestamp":"2026-03-16 21:00:02"}
{"level":"info","message":"🌍 Environment: Development","timestamp":"2026-03-16 21:00:02"}
{"level":"info","message":"📚 API Documentation: http://localhost:3000/api","timestamp":"2026-03-16 21:00:02"}
{"level":"info","message":"❤️  Health Check: http://localhost:3000/api/health","timestamp":"2026-03-16 21:00:02"}
{"ip":"::ffff:127.0.0.1","level":"info","message":"[xif45qesz] PATCH /api/folders/restore","method":"PATCH","requestId":"xif45qesz","timestamp":"2026-03-16 21:00:06","url":"/api/folders/restore","userAgent":"insomnia/12.3.1"}
{"duration":53,"level":"info","message":"[xif45qesz] 200 53ms","requestId":"xif45qesz","statusCode":200,"timestamp":"2026-03-16 21:00:06"}
{"ip":"::ffff:127.0.0.1","level":"info","message":"[4ie4vppff] GET /api/folders/me","method":"GET","requestId":"4ie4vppff","timestamp":"2026-03-16 21:00:26","url":"/api/folders/me","userAgent":"insomnia/12.3.1"}
{"duration":7,"level":"info","message":"[4ie4vppff] 200 7ms","requestId":"4ie4vppff","statusCode":200,"timestamp":"2026-03-16 21:00:26"}
{"ip":"::ffff:127.0.0.1","level":"info","message":"[p9jl8qxw9] DELETE /api/folders","method":"DELETE","requestId":"p9jl8qxw9","timestamp":"2026-03-16 21:00:34","url":"/api/folders","userAgent":"insomnia/12.3.1"}
{"duration":20,"level":"info","message":"[p9jl8qxw9] 200 20ms","requestId":"p9jl8qxw9","statusCode":200,"timestamp":"2026-03-16 21:00:34"}
{"ip":"::ffff:127.0.0.1","level":"info","message":"[z1i6aeok4] GET /api/folders/me","method":"GET","requestId":"z1i6aeok4","timestamp":"2026-03-16 21:00:40","url":"/api/folders/me","userAgent":"insomnia/12.3.1"}
{"duration":4,"level":"info","message":"[z1i6aeok4] 200 4ms","requestId":"z1i6aeok4","statusCode":200,"timestamp":"2026-03-16 21:00:40"}
{"ip":"::ffff:127.0.0.1","level":"info","message":"[kpo9wzqa1] PATCH /api/folders/restore","method":"PATCH","requestId":"kpo9wzqa1","timestamp":"2026-03-16 21:00:45","url":"/api/folders/restore","userAgent":"insomnia/12.3.1"}
{"duration":10,"level":"info","message":"[kpo9wzqa1] 200 10ms","requestId":"kpo9wzqa1","statusCode":200,"timestamp":"2026-03-16 21:00:45"}
{"ip":"::ffff:127.0.0.1","level":"info","message":"[6ap0qpisi] GET /api/folders/me","method":"GET","requestId":"6ap0qpisi","timestamp":"2026-03-16 21:00:50","url":"/api/folders/me","userAgent":"insomnia/12.3.1"}
{"duration":4,"level":"info","message":"[6ap0qpisi] 200 4ms","requestId":"6ap0qpisi","statusCode":200,"timestamp":"2026-03-16 21:00:50"}
{"level":"info","message":"✅ Database connected successfully","timestamp":"2026-03-16 21:03:09"}
{"level":"info","message":"🚀 Decentrashare API Server running on port 3000","timestamp":"2026-03-16 21:03:09"}
{"level":"info","message":"🌍 Environment: Development","timestamp":"2026-03-16 21:03:09"}
{"level":"info","message":"📚 API Documentation: http://localhost:3000/api","timestamp":"2026-03-16 21:03:09"}
{"level":"info","message":"❤️  Health Check: http://localhost:3000/api/health","timestamp":"2026-03-16 21:03:09"}
{"level":"info","message":"✅ Database connected successfully","timestamp":"2026-03-16 21:03:10"}
{"level":"info","message":"🚀 Decentrashare API Server running on port 3000","timestamp":"2026-03-16 21:03:10"}
{"level":"info","message":"🌍 Environment: Development","timestamp":"2026-03-16 21:03:10"}
{"level":"info","message":"📚 API Documentation: http://localhost:3000/api","timestamp":"2026-03-16 21:03:10"}
{"level":"info","message":"❤️  Health Check: http://localhost:3000/api/health","timestamp":"2026-03-16 21:03:10"}
{"level":"info","message":"✅ Database connected successfully","timestamp":"2026-03-16 21:03:22"}
{"level":"info","message":"🚀 Decentrashare API Server running on port 3000","timestamp":"2026-03-16 21:03:22"}
{"level":"info","message":"🌍 Environment: Development","timestamp":"2026-03-16 21:03:22"}
{"level":"info","message":"📚 API Documentation: http://localhost:3000/api","timestamp":"2026-03-16 21:03:22"}
{"level":"info","message":"❤️  Health Check: http://localhost:3000/api/health","timestamp":"2026-03-16 21:03:22"}
{"level":"info","message":"✅ Database connected successfully","timestamp":"2026-03-16 21:03:23"}
{"level":"info","message":"🚀 Decentrashare API Server running on port 3000","timestamp":"2026-03-16 21:03:23"}
{"level":"info","message":"🌍 Environment: Development","timestamp":"2026-03-16 21:03:23"}
{"level":"info","message":"📚 API Documentation: http://localhost:3000/api","timestamp":"2026-03-16 21:03:23"}
{"level":"info","message":"❤️  Health Check: http://localhost:3000/api/health","timestamp":"2026-03-16 21:03:23"}
{"level":"info","message":"✅ Database connected successfully","timestamp":"2026-03-16 21:09:47"}
{"level":"info","message":"🚀 Decentrashare API Server running on port 3000","timestamp":"2026-03-16 21:09:47"}
{"level":"info","message":"🌍 Environment: Development","timestamp":"2026-03-16 21:09:47"}
{"level":"info","message":"📚 API Documentation: http://localhost:3000/api","timestamp":"2026-03-16 21:09:47"}
{"level":"info","message":"❤️  Health Check: http://localhost:3000/api/health","timestamp":"2026-03-16 21:09:47"}
{"ip":"::ffff:127.0.0.1","level":"info","message":"[on1p0tq6s] GET /api/users/search?q=user3","method":"GET","requestId":"on1p0tq6s","timestamp":"2026-03-16 21:09:51","url":"/api/users/search?q=user3","userAgent":"insomnia/12.3.1"}
{"duration":13,"level":"info","message":"[on1p0tq6s] 404 13ms","requestId":"on1p0tq6s","statusCode":404,"timestamp":"2026-03-16 21:09:51"}
{"level":"info","message":"✅ Database connected successfully","timestamp":"2026-03-16 21:10:21"}
{"level":"info","message":"🚀 Decentrashare API Server running on port 3000","timestamp":"2026-03-16 21:10:21"}
{"level":"info","message":"🌍 Environment: Development","timestamp":"2026-03-16 21:10:21"}
{"level":"info","message":"📚 API Documentation: http://localhost:3000/api","timestamp":"2026-03-16 21:10:21"}
{"level":"info","message":"❤️  Health Check: http://localhost:3000/api/health","timestamp":"2026-03-16 21:10:21"}
{"level":"info","message":"✅ Database connected successfully","timestamp":"2026-03-16 21:10:25"}
{"level":"info","message":"🚀 Decentrashare API Server running on port 3000","timestamp":"2026-03-16 21:10:25"}
{"level":"info","message":"🌍 Environment: Development","timestamp":"2026-03-16 21:10:25"}
{"level":"info","message":"📚 API Documentation: http://localhost:3000/api","timestamp":"2026-03-16 21:10:25"}
{"level":"info","message":"❤️  Health Check: http://localhost:3000/api/health","timestamp":"2026-03-16 21:10:25"}
{"level":"info","message":"✅ Database connected successfully","timestamp":"2026-03-16 21:10:28"}
{"level":"info","message":"🚀 Decentrashare API Server running on port 3000","timestamp":"2026-03-16 21:10:28"}
{"level":"info","message":"🌍 Environment: Development","timestamp":"2026-03-16 21:10:28"}
{"level":"info","message":"📚 API Documentation: http://localhost:3000/api","timestamp":"2026-03-16 21:10:28"}
{"level":"info","message":"❤️  Health Check: http://localhost:3000/api/health","timestamp":"2026-03-16 21:10:28"}
{"level":"info","message":"✅ Database connected successfully","timestamp":"2026-03-16 21:10:29"}
{"level":"info","message":"🚀 Decentrashare API Server running on port 3000","timestamp":"2026-03-16 21:10:29"}
{"level":"info","message":"🌍 Environment: Development","timestamp":"2026-03-16 21:10:29"}
{"level":"info","message":"📚 API Documentation: http://localhost:3000/api","timestamp":"2026-03-16 21:10:29"}
{"level":"info","message":"❤️  Health Check: http://localhost:3000/api/health","timestamp":"2026-03-16 21:10:29"}
{"ip":"::ffff:127.0.0.1","level":"info","message":"[6izwmtk0m] GET /api/users/search?q=user3","method":"GET","requestId":"6izwmtk0m","timestamp":"2026-03-16 21:10:31","url":"/api/users/search?q=user3","userAgent":"insomnia/12.3.1"}
{"duration":34,"level":"info","message":"[6izwmtk0m] 200 34ms","requestId":"6izwmtk0m","statusCode":200,"timestamp":"2026-03-16 21:10:31"}
{"ip":"::ffff:127.0.0.1","level":"info","message":"[frad1x77t] GET /api/users/dima","method":"GET","requestId":"frad1x77t","timestamp":"2026-03-16 21:11:03","url":"/api/users/dima","userAgent":"insomnia/12.3.1"}
{"duration":3,"level":"info","message":"[frad1x77t] 404 3ms","requestId":"frad1x77t","statusCode":404,"timestamp":"2026-03-16 21:11:03"}
{"ip":"::ffff:127.0.0.1","level":"info","message":"[o5c4941ld] GET /api/users/search?q=d","method":"GET","requestId":"o5c4941ld","timestamp":"2026-03-16 21:11:49","url":"/api/users/search?q=d","userAgent":"insomnia/12.3.1"}
{"duration":9,"level":"info","message":"[o5c4941ld] 200 9ms","requestId":"o5c4941ld","statusCode":200,"timestamp":"2026-03-16 21:11:49"}
{"ip":"::ffff:127.0.0.1","level":"info","message":"[tbbp4vogc] GET /api/users/search?q=dimas","method":"GET","requestId":"tbbp4vogc","timestamp":"2026-03-16 21:11:56","url":"/api/users/search?q=dimas","userAgent":"insomnia/12.3.1"}
{"duration":4,"level":"info","message":"[tbbp4vogc] 200 4ms","requestId":"tbbp4vogc","statusCode":200,"timestamp":"2026-03-16 21:11:56"}
{"level":"info","message":"✅ Database connected successfully","timestamp":"2026-03-16 21:39:31"}
{"level":"info","message":"🚀 Decentrashare API Server running on port 3000","timestamp":"2026-03-16 21:39:31"}
{"level":"info","message":"🌍 Environment: Development","timestamp":"2026-03-16 21:39:31"}
{"level":"info","message":"📚 API Documentation: http://localhost:3000/api","timestamp":"2026-03-16 21:39:31"}
{"level":"info","message":"❤️  Health Check: http://localhost:3000/api/health","timestamp":"2026-03-16 21:39:31"}
{"level":"info","message":"✅ Database connected successfully","timestamp":"2026-03-16 21:40:15"}
{"level":"info","message":"🚀 Decentrashare API Server running on port 3000","timestamp":"2026-03-16 21:40:15"}
{"level":"info","message":"🌍 Environment: Development","timestamp":"2026-03-16 21:40:15"}
{"level":"info","message":"📚 API Documentation: http://localhost:3000/api","timestamp":"2026-03-16 21:40:15"}
{"level":"info","message":"❤️  Health Check: http://localhost:3000/api/health","timestamp":"2026-03-16 21:40:15"}
{"level":"info","message":"✅ Database connected successfully","timestamp":"2026-03-16 21:40:16"}
{"level":"info","message":"🚀 Decentrashare API Server running on port 3000","timestamp":"2026-03-16 21:40:16"}
{"level":"info","message":"🌍 Environment: Development","timestamp":"2026-03-16 21:40:16"}
{"level":"info","message":"📚 API Documentation: http://localhost:3000/api","timestamp":"2026-03-16 21:40:16"}
{"level":"info","message":"❤️  Health Check: http://localhost:3000/api/health","timestamp":"2026-03-16 21:40:16"}
{"level":"info","message":"✅ Database connected successfully","timestamp":"2026-03-16 21:40:21"}
{"level":"info","message":"🚀 Decentrashare API Server running on port 3000","timestamp":"2026-03-16 21:40:21"}
{"level":"info","message":"🌍 Environment: Development","timestamp":"2026-03-16 21:40:21"}
{"level":"info","message":"📚 API Documentation: http://localhost:3000/api","timestamp":"2026-03-16 21:40:21"}
{"level":"info","message":"❤️  Health Check: http://localhost:3000/api/health","timestamp":"2026-03-16 21:40:21"}
{"level":"info","message":"✅ Database connected successfully","timestamp":"2026-03-16 21:40:32"}
{"level":"info","message":"🚀 Decentrashare API Server running on port 3000","timestamp":"2026-03-16 21:40:33"}
{"level":"info","message":"🌍 Environment: Development","timestamp":"2026-03-16 21:40:33"}
{"level":"info","message":"📚 API Documentation: http://localhost:3000/api","timestamp":"2026-03-16 21:40:33"}
{"level":"info","message":"❤️  Health Check: http://localhost:3000/api/health","timestamp":"2026-03-16 21:40:33"}
{"level":"info","message":"✅ Database connected successfully","timestamp":"2026-03-16 21:40:34"}
{"level":"info","message":"🚀 Decentrashare API Server running on port 3000","timestamp":"2026-03-16 21:40:34"}
{"level":"info","message":"🌍 Environment: Development","timestamp":"2026-03-16 21:40:34"}
{"level":"info","message":"📚 API Documentation: http://localhost:3000/api","timestamp":"2026-03-16 21:40:34"}
{"level":"info","message":"❤️  Health Check: http://localhost:3000/api/health","timestamp":"2026-03-16 21:40:34"}
{"level":"info","message":"✅ Database connected successfully","timestamp":"2026-03-16 21:40:38"}
{"level":"info","message":"🚀 Decentrashare API Server running on port 3000","timestamp":"2026-03-16 21:40:38"}
{"level":"info","message":"🌍 Environment: Development","timestamp":"2026-03-16 21:40:38"}
{"level":"info","message":"📚 API Documentation: http://localhost:3000/api","timestamp":"2026-03-16 21:40:38"}
{"level":"info","message":"❤️  Health Check: http://localhost:3000/api/health","timestamp":"2026-03-16 21:40:38"}
{"level":"info","message":"✅ Database connected successfully","timestamp":"2026-03-16 21:40:42"}
{"level":"info","message":"🚀 Decentrashare API Server running on port 3000","timestamp":"2026-03-16 21:40:42"}
{"level":"info","message":"🌍 Environment: Development","timestamp":"2026-03-16 21:40:42"}
{"level":"info","message":"📚 API Documentation: http://localhost:3000/api","timestamp":"2026-03-16 21:40:42"}
{"level":"info","message":"❤️  Health Check: http://localhost:3000/api/health","timestamp":"2026-03-16 21:40:42"}
{"level":"info","message":"✅ Database connected successfully","timestamp":"2026-03-16 21:40:46"}
{"level":"info","message":"🚀 Decentrashare API Server running on port 3000","timestamp":"2026-03-16 21:40:46"}
{"level":"info","message":"🌍 Environment: Development","timestamp":"2026-03-16 21:40:46"}
{"level":"info","message":"📚 API Documentation: http://localhost:3000/api","timestamp":"2026-03-16 21:40:46"}
{"level":"info","message":"❤️  Health Check: http://localhost:3000/api/health","timestamp":"2026-03-16 21:40:46"}
{"level":"info","message":"✅ Database connected successfully","timestamp":"2026-03-16 21:40:47"}
{"level":"info","message":"🚀 Decentrashare API Server running on port 3000","timestamp":"2026-03-16 21:40:47"}
{"level":"info","message":"🌍 Environment: Development","timestamp":"2026-03-16 21:40:47"}
{"level":"info","message":"📚 API Documentation: http://localhost:3000/api","timestamp":"2026-03-16 21:40:47"}
{"level":"info","message":"❤️  Health Check: http://localhost:3000/api/health","timestamp":"2026-03-16 21:40:47"}
{"level":"info","message":"✅ Database connected successfully","timestamp":"2026-03-16 21:40:51"}
{"level":"info","message":"🚀 Decentrashare API Server running on port 3000","timestamp":"2026-03-16 21:40:51"}
{"level":"info","message":"🌍 Environment: Development","timestamp":"2026-03-16 21:40:51"}
{"level":"info","message":"📚 API Documentation: http://localhost:3000/api","timestamp":"2026-03-16 21:40:51"}
{"level":"info","message":"❤️  Health Check: http://localhost:3000/api/health","timestamp":"2026-03-16 21:40:51"}
{"level":"info","message":"✅ Database connected successfully","timestamp":"2026-03-16 21:43:27"}
{"level":"info","message":"🚀 Decentrashare API Server running on port 3000","timestamp":"2026-03-16 21:43:27"}
{"level":"info","message":"🌍 Environment: Development","timestamp":"2026-03-16 21:43:27"}
{"level":"info","message":"📚 API Documentation: http://localhost:3000/api","timestamp":"2026-03-16 21:43:27"}
{"level":"info","message":"❤️  Health Check: http://localhost:3000/api/health","timestamp":"2026-03-16 21:43:27"}
{"ip":"::ffff:127.0.0.1","level":"info","message":"[8ap9h748b] GET /api/documents/me","method":"GET","requestId":"8ap9h748b","timestamp":"2026-03-16 21:45:10","url":"/api/documents/me","userAgent":"insomnia/12.3.1"}
{"level":"error","message":"[AUTH_MIDDLEWARE] Access denied: jwt expired - IP: ::ffff:127.0.0.1","timestamp":"2026-03-16 21:45:10"}
{"duration":20,"level":"info","message":"[8ap9h748b] 401 20ms","requestId":"8ap9h748b","statusCode":401,"timestamp":"2026-03-16 21:45:10"}
{"ip":"::ffff:127.0.0.1","level":"info","message":"[yruwrby5b] GET /api/documents/me","method":"GET","requestId":"yruwrby5b","timestamp":"2026-03-16 21:45:12","url":"/api/documents/me","userAgent":"insomnia/12.3.1"}
{"level":"error","message":"[AUTH_MIDDLEWARE] Access denied: jwt expired - IP: ::ffff:127.0.0.1","timestamp":"2026-03-16 21:45:12"}
{"duration":9,"level":"info","message":"[yruwrby5b] 401 9ms","requestId":"yruwrby5b","statusCode":401,"timestamp":"2026-03-16 21:45:12"}
{"ip":"::ffff:127.0.0.1","level":"info","message":"[icblhzsfy] GET /api/documents/me","method":"GET","requestId":"icblhzsfy","timestamp":"2026-03-16 21:45:26","url":"/api/documents/me","userAgent":"insomnia/12.3.1"}
{"level":"error","message":"[AUTH_MIDDLEWARE] Access denied: jwt expired - IP: ::ffff:127.0.0.1","timestamp":"2026-03-16 21:45:26"}
{"duration":7,"level":"info","message":"[icblhzsfy] 401 7ms","requestId":"icblhzsfy","statusCode":401,"timestamp":"2026-03-16 21:45:26"}
{"ip":"::ffff:127.0.0.1","level":"info","message":"[3znwt31j1] GET /api/documents/me","method":"GET","requestId":"3znwt31j1","timestamp":"2026-03-16 21:45:32","url":"/api/documents/me","userAgent":"insomnia/12.3.1"}
{"duration":40,"level":"info","message":"[3znwt31j1] 200 40ms","requestId":"3znwt31j1","statusCode":200,"timestamp":"2026-03-16 21:45:32"}
{"level":"info","message":"✅ Database connected successfully","timestamp":"2026-03-16 21:55:00"}
{"level":"info","message":"🚀 Decentrashare API Server running on port 3000","timestamp":"2026-03-16 21:55:00"}
{"level":"info","message":"🌍 Environment: Development","timestamp":"2026-03-16 21:55:00"}
{"level":"info","message":"📚 API Documentation: http://localhost:3000/api","timestamp":"2026-03-16 21:55:00"}
{"level":"info","message":"❤️  Health Check: http://localhost:3000/api/health","timestamp":"2026-03-16 21:55:00"}
{"level":"info","message":"✅ Database connected successfully","timestamp":"2026-03-16 21:55:01"}
{"level":"info","message":"🚀 Decentrashare API Server running on port 3000","timestamp":"2026-03-16 21:55:01"}
{"level":"info","message":"🌍 Environment: Development","timestamp":"2026-03-16 21:55:01"}
{"level":"info","message":"📚 API Documentation: http://localhost:3000/api","timestamp":"2026-03-16 21:55:01"}
{"level":"info","message":"❤️  Health Check: http://localhost:3000/api/health","timestamp":"2026-03-16 21:55:01"}
{"level":"info","message":"✅ Database connected successfully","timestamp":"2026-03-16 21:55:21"}
{"level":"info","message":"🚀 Decentrashare API Server running on port 3000","timestamp":"2026-03-16 21:55:21"}
{"level":"info","message":"🌍 Environment: Development","timestamp":"2026-03-16 21:55:21"}
{"level":"info","message":"📚 API Documentation: http://localhost:3000/api","timestamp":"2026-03-16 21:55:21"}
{"level":"info","message":"❤️  Health Check: http://localhost:3000/api/health","timestamp":"2026-03-16 21:55:21"}
{"level":"info","message":"✅ Database connected successfully","timestamp":"2026-03-16 22:08:43"}
{"level":"info","message":"🚀 Decentrashare API Server running on port 3000","timestamp":"2026-03-16 22:08:43"}
{"level":"info","message":"🌍 Environment: Development","timestamp":"2026-03-16 22:08:43"}
{"level":"info","message":"📚 API Documentation: http://localhost:3000/api","timestamp":"2026-03-16 22:08:43"}
{"level":"info","message":"❤️  Health Check: http://localhost:3000/api/health","timestamp":"2026-03-16 22:08:43"}
{"ip":"::ffff:127.0.0.1","level":"info","message":"[40hyjrxxv] GET /api/documents/me","method":"GET","requestId":"40hyjrxxv","timestamp":"2026-03-16 22:08:47","url":"/api/documents/me","userAgent":"insomnia/12.3.1"}
{"duration":36,"level":"info","message":"[40hyjrxxv] 200 36ms","requestId":"40hyjrxxv","statusCode":200,"timestamp":"2026-03-16 22:08:47"}
{"ip":"::ffff:127.0.0.1","level":"info","message":"[7pzp5dm4j] PATCH /api/documents/7151ba16-7031-49c8-bca4-d40110d1ad4e/rename","method":"PATCH","requestId":"7pzp5dm4j","timestamp":"2026-03-16 22:09:20","url":"/api/documents/7151ba16-7031-49c8-bca4-d40110d1ad4e/rename","userAgent":"insomnia/12.3.1"}
{"duration":15,"level":"info","message":"[7pzp5dm4j] 200 15ms","requestId":"7pzp5dm4j","statusCode":200,"timestamp":"2026-03-16 22:09:20"}
{"ip":"::ffff:127.0.0.1","level":"info","message":"[i4ddbvnqu] GET /api/documents/me","method":"GET","requestId":"i4ddbvnqu","timestamp":"2026-03-16 22:09:43","url":"/api/documents/me","userAgent":"insomnia/12.3.1"}
{"duration":7,"level":"info","message":"[i4ddbvnqu] 200 7ms","requestId":"i4ddbvnqu","statusCode":200,"timestamp":"2026-03-16 22:09:43"}
{"level":"info","message":"✅ Database connected successfully","timestamp":"2026-03-16 22:13:30"}
{"level":"info","message":"🚀 Decentrashare API Server running on port 3000","timestamp":"2026-03-16 22:13:30"}
{"level":"info","message":"🌍 Environment: Development","timestamp":"2026-03-16 22:13:30"}
{"level":"info","message":"📚 API Documentation: http://localhost:3000/api","timestamp":"2026-03-16 22:13:30"}
{"level":"info","message":"❤️  Health Check: http://localhost:3000/api/health","timestamp":"2026-03-16 22:13:30"}
{"level":"info","message":"✅ Database connected successfully","timestamp":"2026-03-16 22:13:31"}
{"level":"info","message":"🚀 Decentrashare API Server running on port 3000","timestamp":"2026-03-16 22:13:31"}
{"level":"info","message":"🌍 Environment: Development","timestamp":"2026-03-16 22:13:31"}
{"level":"info","message":"📚 API Documentation: http://localhost:3000/api","timestamp":"2026-03-16 22:13:31"}
{"level":"info","message":"❤️  Health Check: http://localhost:3000/api/health","timestamp":"2026-03-16 22:13:31"}
{"level":"info","message":"✅ Database connected successfully","timestamp":"2026-03-16 22:13:57"}
{"level":"info","message":"🚀 Decentrashare API Server running on port 3000","timestamp":"2026-03-16 22:13:57"}
{"level":"info","message":"🌍 Environment: Development","timestamp":"2026-03-16 22:13:57"}
{"level":"info","message":"📚 API Documentation: http://localhost:3000/api","timestamp":"2026-03-16 22:13:57"}
{"level":"info","message":"❤️  Health Check: http://localhost:3000/api/health","timestamp":"2026-03-16 22:13:57"}
{"level":"info","message":"✅ Database connected successfully","timestamp":"2026-03-16 22:13:59"}
{"level":"info","message":"🚀 Decentrashare API Server running on port 3000","timestamp":"2026-03-16 22:13:59"}
{"level":"info","message":"🌍 Environment: Development","timestamp":"2026-03-16 22:13:59"}
{"level":"info","message":"📚 API Documentation: http://localhost:3000/api","timestamp":"2026-03-16 22:13:59"}
{"level":"info","message":"❤️  Health Check: http://localhost:3000/api/health","timestamp":"2026-03-16 22:13:59"}
{"ip":"::ffff:127.0.0.1","level":"info","message":"[ymdcr337e] PATCH /api/documents/privacy","method":"PATCH","requestId":"ymdcr337e","timestamp":"2026-03-16 22:18:01","url":"/api/documents/privacy","userAgent":"insomnia/12.3.1"}
{"duration":14,"level":"info","message":"[ymdcr337e] 400 14ms","requestId":"ymdcr337e","statusCode":400,"timestamp":"2026-03-16 22:18:01"}
{"level":"info","message":"✅ Database connected successfully","timestamp":"2026-03-16 22:18:34"}
{"level":"info","message":"🚀 Decentrashare API Server running on port 3000","timestamp":"2026-03-16 22:18:34"}
{"level":"info","message":"🌍 Environment: Development","timestamp":"2026-03-16 22:18:34"}
{"level":"info","message":"📚 API Documentation: http://localhost:3000/api","timestamp":"2026-03-16 22:18:34"}
{"level":"info","message":"❤️  Health Check: http://localhost:3000/api/health","timestamp":"2026-03-16 22:18:34"}
{"ip":"::ffff:127.0.0.1","level":"info","message":"[qd3gz756a] PATCH /api/documents/privacy","method":"PATCH","requestId":"qd3gz756a","timestamp":"2026-03-16 22:18:39","url":"/api/documents/privacy","userAgent":"insomnia/12.3.1"}
{"duration":53,"level":"info","message":"[qd3gz756a] 400 53ms","requestId":"qd3gz756a","statusCode":400,"timestamp":"2026-03-16 22:18:39"}
{"ip":"::ffff:127.0.0.1","level":"info","message":"[0qv8i0y15] PATCH /api/documents/privacy","method":"PATCH","requestId":"0qv8i0y15","timestamp":"2026-03-16 22:19:47","url":"/api/documents/privacy","userAgent":"insomnia/12.3.1"}
{"duration":26,"level":"info","message":"[0qv8i0y15] 200 26ms","requestId":"0qv8i0y15","statusCode":200,"timestamp":"2026-03-16 22:19:47"}
{"ip":"::ffff:127.0.0.1","level":"info","message":"[k275vgh1y] GET /api/documents/me","method":"GET","requestId":"k275vgh1y","timestamp":"2026-03-16 22:19:55","url":"/api/documents/me","userAgent":"insomnia/12.3.1"}
{"duration":10,"level":"info","message":"[k275vgh1y] 200 10ms","requestId":"k275vgh1y","statusCode":200,"timestamp":"2026-03-16 22:19:55"}
{"level":"info","message":"✅ Database connected successfully","timestamp":"2026-03-16 22:25:23"}
{"level":"info","message":"🚀 Decentrashare API Server running on port 3000","timestamp":"2026-03-16 22:25:23"}
{"level":"info","message":"🌍 Environment: Development","timestamp":"2026-03-16 22:25:23"}
{"level":"info","message":"📚 API Documentation: http://localhost:3000/api","timestamp":"2026-03-16 22:25:23"}
{"level":"info","message":"❤️  Health Check: http://localhost:3000/api/health","timestamp":"2026-03-16 22:25:23"}
{"level":"info","message":"✅ Database connected successfully","timestamp":"2026-03-16 22:25:25"}
{"level":"info","message":"🚀 Decentrashare API Server running on port 3000","timestamp":"2026-03-16 22:25:25"}
{"level":"info","message":"🌍 Environment: Development","timestamp":"2026-03-16 22:25:25"}
{"level":"info","message":"📚 API Documentation: http://localhost:3000/api","timestamp":"2026-03-16 22:25:25"}
{"level":"info","message":"❤️  Health Check: http://localhost:3000/api/health","timestamp":"2026-03-16 22:25:25"}
{"level":"info","message":"✅ Database connected successfully","timestamp":"2026-03-16 22:26:09"}
{"level":"info","message":"🚀 Decentrashare API Server running on port 3000","timestamp":"2026-03-16 22:26:09"}
{"level":"info","message":"🌍 Environment: Development","timestamp":"2026-03-16 22:26:09"}
{"level":"info","message":"📚 API Documentation: http://localhost:3000/api","timestamp":"2026-03-16 22:26:09"}
{"level":"info","message":"❤️  Health Check: http://localhost:3000/api/health","timestamp":"2026-03-16 22:26:09"}
{"ip":"::ffff:127.0.0.1","level":"info","message":"[zk4h2lv3l] GET /api/documents/1bfe253e-3a33-4dcc-a548-c7e86145b096","method":"GET","requestId":"zk4h2lv3l","timestamp":"2026-03-16 22:29:52","url":"/api/documents/1bfe253e-3a33-4dcc-a548-c7e86145b096","userAgent":"insomnia/12.3.1"}
{"duration":9,"level":"info","message":"[zk4h2lv3l] 404 9ms","requestId":"zk4h2lv3l","statusCode":404,"timestamp":"2026-03-16 22:29:52"}
{"level":"info","message":"✅ Database connected successfully","timestamp":"2026-03-16 22:30:11"}
{"level":"info","message":"🚀 Decentrashare API Server running on port 3000","timestamp":"2026-03-16 22:30:11"}
{"level":"info","message":"🌍 Environment: Development","timestamp":"2026-03-16 22:30:11"}
{"level":"info","message":"📚 API Documentation: http://localhost:3000/api","timestamp":"2026-03-16 22:30:11"}
{"level":"info","message":"❤️  Health Check: http://localhost:3000/api/health","timestamp":"2026-03-16 22:30:11"}
{"level":"info","message":"✅ Database connected successfully","timestamp":"2026-03-16 22:30:25"}
{"level":"info","message":"🚀 Decentrashare API Server running on port 3000","timestamp":"2026-03-16 22:30:25"}
{"level":"info","message":"🌍 Environment: Development","timestamp":"2026-03-16 22:30:25"}
{"level":"info","message":"📚 API Documentation: http://localhost:3000/api","timestamp":"2026-03-16 22:30:25"}
{"level":"info","message":"❤️  Health Check: http://localhost:3000/api/health","timestamp":"2026-03-16 22:30:25"}
{"level":"info","message":"✅ Database connected successfully","timestamp":"2026-03-16 22:30:54"}
{"level":"info","message":"🚀 Decentrashare API Server running on port 3000","timestamp":"2026-03-16 22:30:54"}
{"level":"info","message":"🌍 Environment: Development","timestamp":"2026-03-16 22:30:54"}
{"level":"info","message":"📚 API Documentation: http://localhost:3000/api","timestamp":"2026-03-16 22:30:54"}
{"level":"info","message":"❤️  Health Check: http://localhost:3000/api/health","timestamp":"2026-03-16 22:30:54"}
{"ip":"::ffff:127.0.0.1","level":"info","message":"[2qszg895p] GET /api/documents/1bfe253e-3a33-4dcc-a548-c7e86145b096","method":"GET","requestId":"2qszg895p","timestamp":"2026-03-16 22:31:00","url":"/api/documents/1bfe253e-3a33-4dcc-a548-c7e86145b096","userAgent":"insomnia/12.3.1"}
{"duration":68,"level":"info","message":"[2qszg895p] 200 68ms","requestId":"2qszg895p","statusCode":200,"timestamp":"2026-03-16 22:31:00"}
